-- --------------------------------------------------------
-- Host:                         localhost
-- Server version:               10.4.10-MariaDB - mariadb.org binary distribution
-- Server OS:                    Win64
-- HeidiSQL Version:             11.0.0.5919
-- --------------------------------------------------------

/*!40101 SET @OLD_CHARACTER_SET_CLIENT=@@CHARACTER_SET_CLIENT */;
/*!40101 SET NAMES utf8 */;
/*!50503 SET NAMES utf8mb4 */;
/*!40014 SET @OLD_FOREIGN_KEY_CHECKS=@@FOREIGN_KEY_CHECKS, FOREIGN_KEY_CHECKS=0 */;
/*!40101 SET @OLD_SQL_MODE=@@SQL_MODE, SQL_MODE='NO_AUTO_VALUE_ON_ZERO' */;

-- Dumping structure for table msdfs_forms_db.applicants
DROP TABLE IF EXISTS `applicants`;
CREATE TABLE IF NOT EXISTS `applicants` (
  `id` bigint(20) unsigned NOT NULL AUTO_INCREMENT,
  `application_id` bigint(20) unsigned NOT NULL,
  `person_id` bigint(20) unsigned NOT NULL,
  `active` int(1) NOT NULL DEFAULT 1,
  `order` int(11) NOT NULL DEFAULT 0,
  `created_at` timestamp NOT NULL DEFAULT current_timestamp(),
  `updated_at` datetime DEFAULT NULL,
  PRIMARY KEY (`id`) USING BTREE,
  KEY `FK_applicants_applications` (`application_id`),
  KEY `FK_applicants_persons` (`person_id`),
  CONSTRAINT `FK_applicants_applications` FOREIGN KEY (`application_id`) REFERENCES `applications` (`id`),
  CONSTRAINT `FK_applicants_persons` FOREIGN KEY (`person_id`) REFERENCES `people` (`id`)
) ENGINE=InnoDB AUTO_INCREMENT=4 DEFAULT CHARSET=latin1 ROW_FORMAT=DYNAMIC;

-- Dumping data for table msdfs_forms_db.applicants: ~3 rows (approximately)
/*!40000 ALTER TABLE `applicants` DISABLE KEYS */;
INSERT INTO `applicants` (`id`, `application_id`, `person_id`, `active`, `order`, `created_at`, `updated_at`) VALUES
	(1, 1, 1, 1, 0, '2020-08-06 11:45:01', '2020-08-06 11:45:01'),
	(2, 2, 4, 1, 0, '2020-08-06 11:46:06', '2020-08-06 11:46:06'),
	(3, 3, 5, 1, 0, '2020-08-06 11:47:33', '2020-08-06 11:47:33');
/*!40000 ALTER TABLE `applicants` ENABLE KEYS */;

-- Dumping structure for table msdfs_forms_db.applications
DROP TABLE IF EXISTS `applications`;
CREATE TABLE IF NOT EXISTS `applications` (
  `id` bigint(20) unsigned NOT NULL AUTO_INCREMENT,
  `ip` text NOT NULL,
  `form_id` int(10) unsigned NOT NULL,
  `status_id` int(10) unsigned NOT NULL DEFAULT 1,
  `created_at` timestamp NOT NULL DEFAULT current_timestamp(),
  `updated_at` datetime DEFAULT NULL,
  PRIMARY KEY (`id`) USING BTREE,
  KEY `FK_applications_forms` (`form_id`),
  KEY `FK_applications_status` (`status_id`),
  CONSTRAINT `FK_applications_forms` FOREIGN KEY (`form_id`) REFERENCES `forms` (`id`),
  CONSTRAINT `FK_applications_status` FOREIGN KEY (`status_id`) REFERENCES `status` (`id`)
) ENGINE=InnoDB AUTO_INCREMENT=4 DEFAULT CHARSET=latin1 ROW_FORMAT=DYNAMIC;

-- Dumping data for table msdfs_forms_db.applications: ~3 rows (approximately)
/*!40000 ALTER TABLE `applications` DISABLE KEYS */;
INSERT INTO `applications` (`id`, `ip`, `form_id`, `status_id`, `created_at`, `updated_at`) VALUES
	(1, 'eyJpdiI6ImUvWXBYdEZwUWJqSjlCNkN1YkFhS0E9PSIsInZhbHVlIjoiajZCYWdTdExUV1NTL0ZESHZsTW1BYlpXdFl4VzVTbEpaUzJkZm10eE44bz0iLCJtYWMiOiJmYmM0MjI1MzJkYWIwNzFmZmE2MmNkNzZhYzE3NTBmZGMzMGQ0MTY5Y2U4NWYwODZhNWM0MjNmZDU4NWNiMjUyIn0=', 3, 1, '2020-08-06 11:45:01', '2020-08-06 11:45:01'),
	(2, 'eyJpdiI6InBtS1I2TmNqRHdzd0s1WklvSktNNVE9PSIsInZhbHVlIjoiNVd1N3pLVTZ6QUMrMiswYmJFcGU5aWRsYlZrT3VBSWJEVlZmWmltTkpXdz0iLCJtYWMiOiJkMWM0YTk2ZDE5M2FjZjE5MTAwOGIzYjIyZGNlMmViOTI3YjlkY2U3YjhjYzQ3YjA0ODgwNmI1NWU4MGFlMmY4In0=', 3, 1, '2020-08-06 11:46:05', '2020-08-06 11:46:05'),
	(3, 'eyJpdiI6IlQ1cGxkbmgxRDlLbGZmY3c0S3JnMGc9PSIsInZhbHVlIjoiSnJXRVUvRU84ODJRNFg2RlZqcFpnYUNtYmNmTGJsdTlzQ244ZkZRZURicz0iLCJtYWMiOiJhMjE4NzFiNGEzMjVhZjk4ZWQyZjgxMmQ1NjU2NTUwZmYxOTRlNDFjNjQzNmZhZjEwOTU2MzZlMmFmMWVlN2EyIn0=', 3, 1, '2020-08-06 11:47:33', '2020-08-06 11:47:33');
/*!40000 ALTER TABLE `applications` ENABLE KEYS */;

-- Dumping structure for table msdfs_forms_db.application_documents
DROP TABLE IF EXISTS `application_documents`;
CREATE TABLE IF NOT EXISTS `application_documents` (
  `id` bigint(20) unsigned NOT NULL AUTO_INCREMENT,
  `application_id` bigint(20) unsigned NOT NULL,
  `file` varchar(255) NOT NULL,
  `document` varchar(255) NOT NULL,
  `document_type_id` int(10) unsigned DEFAULT NULL,
  `created_at` timestamp NOT NULL DEFAULT current_timestamp(),
  `updated_at` datetime DEFAULT NULL,
  PRIMARY KEY (`id`) USING BTREE,
  KEY `FK_application_documents_applications` (`application_id`),
  KEY `FK_application_documents_document_types` (`document_type_id`),
  CONSTRAINT `FK_application_documents_applications` FOREIGN KEY (`application_id`) REFERENCES `applications` (`id`),
  CONSTRAINT `FK_application_documents_document_types` FOREIGN KEY (`document_type_id`) REFERENCES `document_types` (`id`)
) ENGINE=InnoDB AUTO_INCREMENT=4 DEFAULT CHARSET=latin1 ROW_FORMAT=DYNAMIC;

-- Dumping data for table msdfs_forms_db.application_documents: ~3 rows (approximately)
/*!40000 ALTER TABLE `application_documents` DISABLE KEYS */;
INSERT INTO `application_documents` (`id`, `application_id`, `file`, `document`, `document_type_id`, `created_at`, `updated_at`) VALUES
	(1, 1, 'signature', '1_Disaster Management System ERD.png', 5, '2020-08-06 11:45:02', NULL),
	(2, 2, 'signature', '2_Critical Incident Form ERD.pdf', 1, '2020-08-06 11:46:06', NULL),
	(3, 3, 'signature', '3_181105_HighLevel.png', 5, '2020-08-06 11:47:33', NULL);
/*!40000 ALTER TABLE `application_documents` ENABLE KEYS */;

-- Dumping structure for table msdfs_forms_db.application_status_audit
DROP TABLE IF EXISTS `application_status_audit`;
CREATE TABLE IF NOT EXISTS `application_status_audit` (
  `id` bigint(20) unsigned NOT NULL AUTO_INCREMENT,
  `application_id` bigint(20) unsigned NOT NULL,
  `changed_by` bigint(20) unsigned NOT NULL,
  `status_old` int(10) unsigned NOT NULL,
  `status_new` int(10) unsigned NOT NULL,
  `details` text CHARACTER SET latin1 NOT NULL,
  `created_at` timestamp NOT NULL DEFAULT current_timestamp() ON UPDATE current_timestamp(),
  `updated_at` datetime NOT NULL,
  PRIMARY KEY (`id`) USING BTREE,
  KEY `FK_application_status_audit_applications` (`application_id`),
  KEY `FK_application_status_audit_users` (`changed_by`),
  KEY `FK_application_status_audit_status` (`status_old`),
  KEY `FK_application_status_audit_status_2` (`status_new`),
  CONSTRAINT `FK_application_status_audit_applications` FOREIGN KEY (`application_id`) REFERENCES `applications` (`id`),
  CONSTRAINT `FK_application_status_audit_status` FOREIGN KEY (`status_old`) REFERENCES `status` (`id`),
  CONSTRAINT `FK_application_status_audit_status_2` FOREIGN KEY (`status_new`) REFERENCES `status` (`id`),
  CONSTRAINT `FK_application_status_audit_users` FOREIGN KEY (`changed_by`) REFERENCES `users` (`id`)
) ENGINE=InnoDB DEFAULT CHARSET=utf8 COLLATE=utf8_unicode_ci ROW_FORMAT=DYNAMIC;

-- Dumping data for table msdfs_forms_db.application_status_audit: ~0 rows (approximately)
/*!40000 ALTER TABLE `application_status_audit` DISABLE KEYS */;
/*!40000 ALTER TABLE `application_status_audit` ENABLE KEYS */;

-- Dumping structure for table msdfs_forms_db.banks
DROP TABLE IF EXISTS `banks`;
CREATE TABLE IF NOT EXISTS `banks` (
  `id` int(10) unsigned NOT NULL AUTO_INCREMENT,
  `bank` varchar(150) NOT NULL,
  PRIMARY KEY (`id`) USING BTREE,
  UNIQUE KEY `country` (`bank`) USING BTREE
) ENGINE=InnoDB AUTO_INCREMENT=7 DEFAULT CHARSET=latin1 ROW_FORMAT=DYNAMIC;

-- Dumping data for table msdfs_forms_db.banks: ~6 rows (approximately)
/*!40000 ALTER TABLE `banks` DISABLE KEYS */;
INSERT INTO `banks` (`id`, `bank`) VALUES
	(1, 'First Citizens Bank'),
	(6, 'JMMB'),
	(3, 'Republic Bank'),
	(4, 'Royal Bank'),
	(2, 'Scotiabank'),
	(5, 'Unit Trust');
/*!40000 ALTER TABLE `banks` ENABLE KEYS */;

-- Dumping structure for table msdfs_forms_db.citizen_proof
DROP TABLE IF EXISTS `citizen_proof`;
CREATE TABLE IF NOT EXISTS `citizen_proof` (
  `id` int(10) unsigned NOT NULL AUTO_INCREMENT,
  `proof` varchar(150) NOT NULL,
  PRIMARY KEY (`id`) USING BTREE,
  UNIQUE KEY `country` (`proof`) USING BTREE
) ENGINE=InnoDB AUTO_INCREMENT=5 DEFAULT CHARSET=latin1 ROW_FORMAT=DYNAMIC;

-- Dumping data for table msdfs_forms_db.citizen_proof: ~4 rows (approximately)
/*!40000 ALTER TABLE `citizen_proof` DISABLE KEYS */;
INSERT INTO `citizen_proof` (`id`, `proof`) VALUES
	(2, 'Certificate of Immigration Status'),
	(3, 'Certificate of Residence'),
	(1, 'National ID'),
	(4, 'Passport');
/*!40000 ALTER TABLE `citizen_proof` ENABLE KEYS */;

-- Dumping structure for table msdfs_forms_db.communities
DROP TABLE IF EXISTS `communities`;
CREATE TABLE IF NOT EXISTS `communities` (
  `id` int(10) unsigned NOT NULL AUTO_INCREMENT,
  `community` varchar(255) NOT NULL,
  `code` int(11) DEFAULT NULL,
  `region_code` int(11) NOT NULL,
  PRIMARY KEY (`id`) USING BTREE,
  KEY `FK_communities_regions` (`region_code`),
  CONSTRAINT `FK_communities_regions` FOREIGN KEY (`region_code`) REFERENCES `regions` (`code`)
) ENGINE=InnoDB AUTO_INCREMENT=521 DEFAULT CHARSET=latin1 ROW_FORMAT=DYNAMIC;

-- Dumping data for table msdfs_forms_db.communities: ~520 rows (approximately)
/*!40000 ALTER TABLE `communities` DISABLE KEYS */;
INSERT INTO `communities` (`id`, `community`, `code`, `region_code`) VALUES
	(1, 'Abysinia Village (Oilfield area)', 5301, 11),
	(2, 'Acono Village', 3319, 80),
	(3, 'Agostini Village', 4201, 90),
	(4, 'Agostini Village', 5101, 11),
	(5, 'Alyce Glen', 3119, 60),
	(6, 'Anglais Settlement', 6101, 12),
	(7, 'Apex Oil Field', 8101, 15),
	(8, 'Aranguez', 3211, 70),
	(9, 'Arena', 4202, 90),
	(10, 'Arima Heights/Temple Village', 3402, 80),
	(11, 'Arima Proper', 3001, 30),
	(12, 'Aripero Village', 8301, 15),
	(13, 'Arouca', 3311, 80),
	(14, 'Avocat Village', 8102, 15),
	(15, 'Bagatelle', 3127, 60),
	(16, 'Balandra', 6301, 12),
	(17, 'Balmain', 4401, 90),
	(18, 'Bamboo Grove', 9801, 70),
	(19, 'Bamboo Village', 8401, 15),
	(20, 'Barataria', 3209, 70),
	(21, 'Barrackpore', 9802, 13),
	(22, 'Basse Terre', 7402, 13),
	(23, 'Baster Hall', 4402, 90),
	(24, 'Batchyia Village', 8104, 14),
	(25, 'Bayshore', 3117, 60),
	(26, 'Beach Camp', 8201, 15),
	(27, 'Beau Pres', 3137, 60),
	(28, 'Beetham Estate', 3218, 70),
	(29, 'Bejucal', 9805, 70),
	(30, 'Belmont', 1001, 10),
	(31, 'Ben Lomond', 7502, 13),
	(32, 'Bennet Village', 8202, 15),
	(33, 'Biche', 9817, 11),
	(34, 'Big Yard', 3104, 60),
	(35, 'Blanchisseuse', 9803, 70),
	(36, 'Blue Basin', 3130, 60),
	(37, 'Blue Range', 3141, 60),
	(38, 'Bois Bough', 8402, 15),
	(39, 'Boissiere', 3124, 60),
	(40, 'Bon Air Development', 3312, 80),
	(41, 'Bon Air West Development', 3336, 80),
	(42, 'Bon Jean', 7403, 13),
	(43, 'Bonasse Village', 8403, 15),
	(44, 'Bonne Aventure', 7301, 90),
	(45, 'Borde Narve', 9804, 13),
	(46, 'Brasso Caparo Village', 4101, 90),
	(47, 'Brasso Manuel Junction', 4102, 90),
	(48, 'Brasso Seco Village', 3502, 80),
	(49, 'Brasso Tamana', 4103, 90),
	(50, 'Brasso Venado', 4104, 90),
	(51, 'Brechin Castle', 4403, 90),
	(52, 'Brickfield', 4203, 90),
	(53, 'Brickfield/Navet', 5202, 90),
	(54, 'Brighton', 8302, 15),
	(55, 'Broadway', 2012, 20),
	(56, 'Brooklyn Settlement', 6401, 12),
	(57, 'Broomage', 7504, 13),
	(58, 'Brothers Road', 5203, 90),
	(59, 'Brothers Settlement', 7505, 13),
	(60, 'Bucarro', 4404, 90),
	(61, 'Buen Intento', 7506, 13),
	(62, 'Butler Village', 4204, 90),
	(63, 'Caigual', 6402, 12),
	(64, 'Calcutta Road No. 2', 4105, 90),
	(65, 'Calcutta Settlement No.2', 4406, 90),
	(66, 'California', 4405, 90),
	(67, 'Calvary Hill', 3008, 30),
	(68, 'Cameron Road', 3140, 60),
	(69, 'Canaan Village Palmiste', 7203, 14),
	(70, 'Canaree', 7404, 13),
	(71, 'Cane Farm', 3310, 80),
	(72, 'Canque', 5204, 11),
	(73, 'Cantaro Village', 3220, 70),
	(74, 'Cap De Ville', 9806, 15),
	(75, 'Caparo', 9945, 90),
	(76, 'Carapal', 8203, 15),
	(77, 'Carapichaima', 9906, 90),
	(78, 'Carapo', 3406, 80),
	(79, 'Caratal', 7302, 90),
	(80, 'Carenage', 3101, 60),
	(81, 'Carib Homes', 3003, 30),
	(82, 'Carlsen Field', 4207, 90),
	(83, 'Car-Michael', 6501, 12),
	(84, 'Caroni Village', 3327, 80),
	(85, 'Cascade', 3214, 70),
	(86, 'Caura', 3332, 80),
	(87, 'Cedar Hill', 7204, 13),
	(88, 'Cedar Hill', 7303, 90),
	(89, 'Cedros', 8405, 15),
	(90, 'Centeno', 3342, 80),
	(91, 'Chaguanas Proper', 4016, 40),
	(92, 'Chaguaramas', 3102, 60),
	(93, 'Champ Elysees', 3122, 60),
	(94, 'Champ Fleurs', 9807, 70),
	(95, 'Chandernagore', 4208, 90),
	(96, 'Charlieville', 4019, 40),
	(97, 'Charlo Village', 8105, 14),
	(98, 'Charuma Village', 5103, 11),
	(99, 'Chase Village', 4209, 90),
	(100, 'Chatham', 8406, 15),
	(101, 'Chickland', 4107, 90),
	(102, 'Chin Chin', 4302, 90),
	(103, 'Chinese Village', 8303, 15),
	(104, 'City Proper', 2003, 20),
	(105, 'Claxton Bay', 9907, 90),
	(106, 'Cleaver Road', 3404, 80),
	(107, 'Cleghorn and Mt. Pleasant', 7205, 13),
	(108, 'Clifton Hill', 8012, 50),
	(109, 'Coal Hill', 6602, 12),
	(110, 'Coalmine', 4108, 90),
	(111, 'Cocal Estate/Mayaro', 5104, 11),
	(112, 'Cochrane', 9808, 15),
	(113, 'Cocorite', 1002, 10),
	(114, 'Cocoyea Village', 2017, 20),
	(115, 'Corinth', 7206, 13),
	(116, 'Coromandel', 8407, 15),
	(117, 'Corosal', 7305, 90),
	(118, 'Coryal', 6502, 12),
	(119, 'Coryal Village', 7507, 13),
	(120, 'Couva Central', 4409, 90),
	(121, 'Covigne', 3115, 60),
	(122, 'Cumaca', 6201, 12),
	(123, 'Cumana', 6102, 12),
	(124, 'Cumuto', 6503, 12),
	(125, 'Cunaripo', 9909, 12),
	(126, 'Cunupia', 9809, 40),
	(127, 'Curepe', 3341, 80),
	(128, 'Cushe/Navet', 9911, 11),
	(129, 'D&#39;Abadi', 9942, 80),
	(130, 'Danny Village', 8204, 15),
	(131, 'De Gannes Village', 8106, 15),
	(132, 'Debe Proper', 7207, 14),
	(133, 'Deep Ravine/Clear Water', 5106, 11),
	(134, 'Delhi Settlement', 8107, 15),
	(135, 'Diamond', 4410, 90),
	(136, 'Diamond', 7208, 14),
	(137, 'Diamond Vale', 3114, 60),
	(138, 'Dibe/Belle Vue', 3144, 60),
	(139, 'Diego Martin Proper', 3111, 60),
	(140, 'Dinsley', 3344, 80),
	(141, 'Dinsley/Trincity', 3346, 80),
	(142, 'Dow Village', 4411, 90),
	(143, 'Dow Village', 8108, 15),
	(144, 'Duncan Village', 7209, 14),
	(145, 'Dyers Village', 7508, 13),
	(146, 'East Port of Spain', 1012, 10),
	(147, 'Eastern Quarry', 3206, 70),
	(148, 'Eccles Village', 9810, 13),
	(149, 'Ecclesville', 5107, 11),
	(150, 'Edinburgh 500', 4012, 40),
	(151, 'Edinburgh Gardens', 4013, 40),
	(152, 'Edinburgh Village', 4210, 90),
	(153, 'Egypt Village', 8006, 50),
	(154, 'El Dorado', 3307, 80),
	(155, 'El Socorro', 3207, 70),
	(156, 'El Socorro Extension', 3208, 70),
	(157, 'Ellerslie Park', 1003, 10),
	(158, 'Embacadre', 2013, 20),
	(159, 'Endeavour Village', 4010, 40),
	(160, 'Enterprise', 4001, 40),
	(161, 'Eric Williams Medical Complex', 3347, 80),
	(162, 'Erin Proper', 8206, 15),
	(163, 'Erin/Buenos Ayres', 8205, 15),
	(164, 'Esmeralda', 4005, 40),
	(165, 'Esperance Village', 7210, 14),
	(166, 'Esperanza', 4412, 90),
	(167, 'Fairview', 4109, 90),
	(168, 'Fairways', 3123, 60),
	(169, 'Fanny Village', 8003, 50),
	(170, 'Farnum Village', 7307, 90),
	(171, 'Febeau Village', 3229, 70),
	(172, 'Federation Park', 1004, 10),
	(173, 'Felicity', 4008, 40),
	(174, 'Felicity Hall', 4413, 90),
	(175, 'Fifth Company', 7510, 13),
	(176, 'Fishing Pond', 6403, 12),
	(177, 'Five Rivers', 3335, 80),
	(178, 'Flanagin Town', 4110, 90),
	(179, 'Fonrose Village', 5206, 11),
	(180, 'Forest Reserve', 8306, 15),
	(181, 'Forres Park', 7308, 90),
	(182, 'Fort George', 3121, 60),
	(183, 'Four Roads', 3125, 60),
	(184, 'Four Roads - Tamana', 6604, 12),
	(185, 'Frederick Settlement', 4304, 80),
	(186, 'Freeport', 9913, 90),
	(187, 'Friendship', 4415, 90),
	(188, 'Friendship', 9811, 13),
	(189, 'Fullerton', 8408, 15),
	(190, 'Fyzabad', 8109, 15),
	(191, 'Gasparillo', 7309, 90),
	(192, 'George Village', 7101, 13),
	(193, 'Gheerahoo', 8110, 15),
	(194, 'Glencoe', 3116, 60),
	(195, 'Golconda', 9812, 13),
	(196, 'Gonzales', 1005, 10),
	(197, 'Gonzales (Point Fortin)', 9813, 15),
	(198, 'Goodwood Gardens', 3143, 60),
	(199, 'Gran Couva', 4112, 90),
	(200, 'Gran Curucaye', 3219, 70),
	(201, 'Grand Lagoon', 5302, 11),
	(202, 'Grand Riviere', 6103, 12),
	(203, 'Granville', 8409, 15),
	(204, 'Green Acres', 2019, 20),
	(205, 'Green Hill Village', 3126, 60),
	(206, 'Guaico', 9915, 12),
	(207, 'Guapo Lot 10', 8309, 15),
	(208, 'Guaracara', 7310, 90),
	(209, 'Guatopajaro', 6506, 12),
	(210, 'Guayaguayare', 9916, 11),
	(211, 'Gulf View', 2020, 20),
	(212, 'Haleland Park/Moka', 3142, 60),
	(213, 'Hard Bargain', 7511, 13),
	(214, 'Harmony Hall', 9917, 13),
	(215, 'Harris Village', 8111, 15),
	(216, 'Heights of Guanapo', 3415, 80),
	(217, 'Hermitage', 7311, 90),
	(218, 'Hermitage Village', 7214, 14),
	(219, 'Hindustan', 7102, 13),
	(220, 'Hollywood', 8004, 50),
	(221, 'Homeland Gardens', 4006, 40),
	(222, 'Howsen Village', 6507, 12),
	(223, 'Icacos', 8410, 15),
	(224, 'Iere Village', 9918, 13),
	(225, 'Indian Trail', 9920, 90),
	(226, 'Indian Walk', 9919, 13),
	(227, 'Industrial Estate', 3113, 60),
	(228, 'Jacob Village', 8207, 15),
	(229, 'Jerningham Junction', 4004, 40),
	(230, 'Jordan Village', 7216, 13),
	(231, 'Kandahar', 3334, 80),
	(232, 'Kelly Village', 9921, 80),
	(233, 'Kumar Village', 7515, 13),
	(234, 'L&#39;anse Noir', 6104, 12),
	(235, 'La  Lune', 7405, 13),
	(236, 'La Baja', 3315, 80),
	(237, 'La Brea', 8310, 15),
	(238, 'La Canoa', 3231, 70),
	(239, 'La Florisant', 9943, 80),
	(240, 'La Fortune', 7217, 14),
	(241, 'La Fortune/Pluck', 8112, 15),
	(242, 'La Horquetta', 3418, 80),
	(243, 'La Horquette', 3105, 60),
	(244, 'La Laja', 3407, 80),
	(245, 'La Mango Village', 3320, 80),
	(246, 'La Paille Village', 3326, 80),
	(247, 'La Pastora', 3235, 70),
	(248, 'La Puerta', 3107, 60),
	(249, 'La Resource', 3408, 80),
	(250, 'La Romain', 7218, 14),
	(251, 'La Ruffin', 7406, 13),
	(252, 'La Savanne', 5304, 11),
	(253, 'La Savanne', 7407, 13),
	(254, 'La Seiva', 3139, 60),
	(255, 'La Seiva Village', 3316, 80),
	(256, 'Lady Chancellor', 3201, 70),
	(257, 'Lange Park', 4014, 40),
	(258, 'Lanse Mitan', 3103, 60),
	(259, 'Las Cuevas', 3503, 70),
	(260, 'Las Lomas (Nos. 1 & 2)', 4306, 90),
	(261, 'Laventille', 3212, 70),
	(262, 'Le Platte', 3134, 60),
	(263, 'Lendore Village', 4007, 40),
	(264, 'Lengua Village', 7219, 14),
	(265, 'Lengua Village/Barrackpore', 7516, 13),
	(266, 'Les Efforts East', 2009, 20),
	(267, 'Les Efforts West', 2008, 20),
	(268, 'Libertville', 5207, 11),
	(269, 'Long Circular', 1006, 10),
	(270, 'Longdenville', 9814, 40),
	(271, 'Lopinot Village', 3339, 80),
	(272, 'Lorensotte', 8208, 15),
	(273, 'Los Bojos', 8209, 15),
	(274, 'Los Charos', 8210, 15),
	(275, 'Los Iros/Erin', 8211, 15),
	(276, 'Lothian', 7517, 13),
	(277, 'Lower Hill Side', 2010, 20),
	(278, 'Lower Santa Cruz', 3230, 70),
	(279, 'Macaulay', 7312, 90),
	(280, 'Macoya', 3306, 80),
	(281, 'Madras Settlement', 4307, 90),
	(282, 'Mafeking', 5109, 11),
	(283, 'Mahoe', 6105, 12),
	(284, 'Mainfield', 5402, 11),
	(285, 'Malabar', 3004, 30),
	(286, 'Malgretoute', 9923, 13),
	(287, 'Malick', 3216, 70),
	(288, 'Maloney Gardens', 3343, 80),
	(289, 'Mamoral No. 2', 9924, 90),
	(290, 'Manzanilla', 9925, 12),
	(291, 'Marabella', 2016, 20),
	(292, 'Marac', 7408, 13),
	(293, 'Maracas', 3221, 70),
	(294, 'Maracas Bay', 3239, 70),
	(295, 'Maracas/St. Joseph', 3314, 80),
	(296, 'Maraj Hill', 6607, 12),
	(297, 'Maraj Lands', 2021, 20),
	(298, 'Maraval Proper', 3138, 60),
	(299, 'Marie Road', 3227, 70),
	(300, 'Matelot', 6106, 12),
	(301, 'Matilda', 7518, 13),
	(302, 'Matura', 6302, 12),
	(303, 'Maturita', 9815, 30),
	(304, 'Mausica', 9927, 80),
	(305, 'Mayaro', 5305, 11),
	(306, 'Mayo', 7313, 90),
	(307, 'Mc Bean', 4417, 90),
	(308, 'Melajo', 6202, 12),
	(309, 'Mendez Village', 8113, 14),
	(310, 'Mission', 6107, 12),
	(311, 'Mon Desir', 8114, 15),
	(312, 'Mon Desir/Silver Stream', 8308, 15),
	(313, 'Mon Repos', 2005, 20),
	(314, 'Mon Repos', 3215, 70),
	(315, 'Monkey Town', 7221, 14),
	(316, 'Monte Video', 6108, 12),
	(317, 'Montrose Village', 4018, 40),
	(318, 'Mora Settlement', 5110, 11),
	(319, 'Morin Bay', 6406, 12),
	(320, 'Morne Diablo', 8115, 14),
	(321, 'Moruga Village', 7410, 13),
	(322, 'Morvant', 3213, 70),
	(323, 'Mount D&#39;or', 3237, 70),
	(324, 'Mount Pleasant', 3007, 30),
	(325, 'Mount Pleasant', 4418, 90),
	(326, 'Mount St. Benedict', 3322, 80),
	(327, 'Mt. Hope', 3224, 70),
	(328, 'Mt. Lambert', 3223, 70),
	(329, 'Mundo Nuevo', 3602, 90),
	(330, 'Munroe Settlement', 4002, 40),
	(331, 'Nancoo Village', 4308, 90),
	(332, 'Navet Village', 2007, 20),
	(333, 'Navet Village', 9928, 11),
	(334, 'Never Dirty', 3228, 70),
	(335, 'New Grant', 9929, 13),
	(336, 'New Village', 8002, 50),
	(337, 'Newlands', 8009, 50),
	(338, 'Newtown', 1007, 10),
	(339, 'North Manzanilla', 6407, 12),
	(340, 'North Post', 3131, 60),
	(341, 'O&#39;meara Road', 3002, 30),
	(342, 'Olton Road', 3411, 80),
	(343, 'Orange Valley', 4419, 90),
	(344, 'Oropouche', 6408, 12),
	(345, 'Oropouche', 8116, 15),
	(346, 'Oropuna Village/Piarco', 3330, 80),
	(347, 'Ortoire', 5306, 11),
	(348, 'Ouplay Village', 4420, 90),
	(349, 'Palmiste', 4214, 90),
	(350, 'Palmiste', 7222, 14),
	(351, 'Palmyra', 7223, 13),
	(352, 'Palmyra Village/Mt. Pleasant', 7224, 13),
	(353, 'Palo Seco', 8212, 15),
	(354, 'Paradise', 2011, 20),
	(355, 'Paradise Gardens', 3309, 80),
	(356, 'Paramin', 3135, 60),
	(357, 'Parforce', 7314, 90),
	(358, 'Parry Lands South', 8311, 15),
	(359, 'Pasea Extension', 3304, 80),
	(360, 'Patna Village', 3128, 60),
	(361, 'Penal', 8117, 14),
	(362, 'Penal Quinam Beach Road', 8119, 14),
	(363, 'Penal Rock Road', 8118, 14),
	(364, 'Pepper Village', 4115, 90),
	(365, 'Pepper Village', 8120, 15),
	(366, 'Petersfield', 4015, 40),
	(367, 'Petit Bourg', 3217, 70),
	(368, 'Petit Caf', 7521, 13),
	(369, 'Petit Curucaye', 3236, 70),
	(370, 'Petit Morne', 7225, 13),
	(371, 'Petit Valley', 3133, 60),
	(372, 'PETROTRIN (Point A Pierre)', 7323, 90),
	(373, 'Peytonville', 3410, 80),
	(374, 'Philipines', 7226, 14),
	(375, 'Phoenix Park', 4421, 90),
	(376, 'Picton', 3203, 70),
	(377, 'Picton', 7227, 14),
	(378, 'Pinto Road', 3413, 80),
	(379, 'Piparo', 9816, 13),
	(380, 'Plaisance', 5307, 11),
	(381, 'Plaisance Park', 7316, 90),
	(382, 'Pleasantville', 2006, 20),
	(383, 'Plum Mitan', 6603, 12),
	(384, 'Point Cumana', 3106, 60),
	(385, 'Point D&#39;or', 8312, 15),
	(386, 'Point Fortin Proper', 8010, 50),
	(387, 'Point Ligoure', 8005, 50),
	(388, 'Point Lisas (Industrial Estate)', 4422, 90),
	(389, 'Point Lisas (NHA)', 4423, 90),
	(390, 'Poole', 5209, 11),
	(391, 'Poonah', 7317, 90),
	(392, 'Port of Spain Port Area', 1014, 10),
	(393, 'Port of Spain Proper', 1013, 10),
	(394, 'Powder Magazine', 3109, 60),
	(395, 'Preysal', 4116, 90),
	(396, 'Princes Town Proper', 7523, 13),
	(397, 'Quarry Village', 8121, 15),
	(398, 'Radix', 5308, 11),
	(399, 'Rambert Village', 7228, 14),
	(400, 'Rampanalgas', 6303, 12),
	(401, 'Rancho Quemado', 8213, 15),
	(402, 'Ravine Sable', 4215, 90),
	(403, 'Real Springs', 3324, 80),
	(404, 'Redhill', 3337, 80),
	(405, 'Reform Village', 7524, 13),
	(406, 'Rich Plain', 3112, 60),
	(407, 'Rio Claro', 9931, 11),
	(408, 'River Estate', 3129, 60),
	(409, 'Riversdale', 7318, 90),
	(410, 'Robert Hill/Siparia', 8122, 15),
	(411, 'Robert Village', 7105, 13),
	(412, 'Rochard Road', 8123, 14),
	(413, 'Romain Lands', 3226, 70),
	(414, 'Rousillac', 8314, 15),
	(415, 'Salazar Village', 8316, 15),
	(416, 'Salibya Village', 6304, 12),
	(417, 'Sam Boucaud', 3233, 70),
	(418, 'Samaroo Village', 3412, 80),
	(419, 'San Francique', 9818, 14),
	(420, 'San Juan', 3210, 70),
	(421, 'San Pedro', 9819, 11),
	(422, 'San Raphael/Brazil', 3601, 90),
	(423, 'San Souci', 6109, 12),
	(424, 'Sangre Chiquito', 9932, 12),
	(425, 'Sangre Grande Proper', 9933, 12),
	(426, 'Santa Cruz', 3232, 70),
	(427, 'Santa Flora', 8214, 15),
	(428, 'Santa Margarita', 3321, 80),
	(429, 'Santa Rosa Heights', 3414, 80),
	(430, 'Saut Deau', 3136, 60),
	(431, 'Scott Road Village', 8125, 14),
	(432, 'Sealots', 1008, 10),
	(433, 'Sherwood Park', 3403, 80),
	(434, 'Simeon Road', 3110, 60),
	(435, 'Siparia', 8127, 15),
	(436, 'Sisters Village', 7525, 13),
	(437, 'Sixth Company', 7106, 13),
	(438, 'Sobo Village', 8315, 15),
	(439, 'Soconusco', 3234, 70),
	(440, 'Spring Village', 3318, 80),
	(441, 'Spring Village', 4117, 90),
	(442, 'Spring Village', 4424, 90),
	(443, 'Springland/San Fabian', 7319, 90),
	(444, 'St. Andrew&#39;s Village', 4425, 90),
	(445, 'St. Anns', 3202, 70),
	(446, 'St. Augustine', 3303, 80),
	(447, 'St. Augustine South', 3325, 80),
	(448, 'St. Barbs', 3205, 70),
	(449, 'St. Charles Village', 4009, 40),
	(450, 'St. Charles Village', 7229, 13),
	(451, 'St. Clair', 1009, 10),
	(452, 'St. Clements', 7230, 13),
	(453, 'St. Croix Village', 9820, 13),
	(454, 'St. Helena Village', 9935, 80),
	(455, 'St. James', 1010, 10),
	(456, 'St. John', 8128, 15),
	(457, 'St. John&#39;s Village', 3323, 80),
	(458, 'St. John&#39;s Village', 9821, 13),
	(459, 'St. Joseph', 3301, 80),
	(460, 'St. Joseph Village', 2004, 20),
	(461, 'St. Joseph Village', 5309, 11),
	(462, 'St. Julien', 7527, 13),
	(463, 'St. Lucien Road', 3132, 60),
	(464, 'St. Madeline', 7232, 13),
	(465, 'St. Margaret', 7320, 90),
	(466, 'St. Mary&#39;s Village', 8129, 15),
	(467, 'St. Mary&#39;s Village', 9936, 13),
	(468, 'St. Mary&#39;s Village (Freeport)', 9944, 90),
	(469, 'St. Thomas Village', 4017, 40),
	(470, 'Sudama Village', 8130, 15),
	(471, 'Sum Sum Hill', 7321, 90),
	(472, 'Surrey Village', 3338, 80),
	(473, 'Syne Village', 9823, 14),
	(474, 'Tabaquite', 4118, 90),
	(475, 'Tableland', 7108, 13),
	(476, 'Tacarigua', 3305, 80),
	(477, 'Talparo', 3603, 90),
	(478, 'Tamana', 9937, 12),
	(479, 'Tamana Road', 3604, 90),
	(480, 'Tarouba', 2015, 20),
	(481, 'Techier Village', 8011, 50),
	(482, 'Thick Village', 8132, 15),
	(483, 'Tobago', 1000, 1000),
	(484, 'Toco', 6110, 12),
	(485, 'Todd&#39;s Road', 4217, 90),
	(486, 'Todd&#39;s Station', 9938, 90),
	(487, 'Tompire', 6111, 12),
	(488, 'Tortuga', 9939, 90),
	(489, 'Trincity', 3345, 80),
	(490, 'Tulsa Village', 9822, 14),
	(491, 'Tumpuna Road', 3005, 30),
	(492, 'Tumpuna Road', 3417, 80),
	(493, 'Tunapuna', 3302, 80),
	(494, 'Turure', 6411, 12),
	(495, 'Union Park', 2014, 20),
	(496, 'Union Village', 2001, 20),
	(497, 'Union Village', 5113, 11),
	(498, 'Union Village', 7324, 90),
	(499, 'Upper Belmont', 3204, 70),
	(500, 'Upper St. James', 3145, 60),
	(501, 'Usine St.Madeleine', 7234, 13),
	(502, 'Valencia', 9940, 12),
	(503, 'Valley View', 3317, 80),
	(504, 'Valsay', 9941, 80),
	(505, 'Vance River', 8318, 15),
	(506, 'Vessigny', 8319, 15),
	(507, 'Victoria Gardens', 3118, 60),
	(508, 'Victoria Village', 2018, 20),
	(509, 'Vistabella', 2002, 20),
	(510, 'Waddle Village', 8215, 15),
	(511, 'Wallerfield', 3416, 80),
	(512, 'Warren Village', 4311, 80),
	(513, 'Warren Village', 4427, 90),
	(514, 'Water Hole', 3120, 60),
	(515, 'Waterloo', 4219, 90),
	(516, 'Welcome', 4220, 90),
	(517, 'Wellington', 7235, 14),
	(518, 'West Moorings', 3108, 60),
	(519, 'White Land', 7325, 90),
	(520, 'Woodbrook', 1011, 10);
/*!40000 ALTER TABLE `communities` ENABLE KEYS */;

-- Dumping structure for table msdfs_forms_db.cron_log
DROP TABLE IF EXISTS `cron_log`;
CREATE TABLE IF NOT EXISTS `cron_log` (
  `id` bigint(20) unsigned NOT NULL AUTO_INCREMENT,
  `job` varchar(50) CHARACTER SET latin1 NOT NULL,
  `details` text CHARACTER SET latin1 DEFAULT NULL,
  `created_at` timestamp NOT NULL DEFAULT current_timestamp(),
  `updated_at` datetime NOT NULL,
  PRIMARY KEY (`id`) USING BTREE
) ENGINE=InnoDB DEFAULT CHARSET=utf8 COLLATE=utf8_unicode_ci ROW_FORMAT=DYNAMIC;

-- Dumping data for table msdfs_forms_db.cron_log: ~0 rows (approximately)
/*!40000 ALTER TABLE `cron_log` DISABLE KEYS */;
/*!40000 ALTER TABLE `cron_log` ENABLE KEYS */;

-- Dumping structure for table msdfs_forms_db.dashboard_data
DROP TABLE IF EXISTS `dashboard_data`;
CREATE TABLE IF NOT EXISTS `dashboard_data` (
  `id` int(10) unsigned NOT NULL AUTO_INCREMENT,
  `name` varchar(150) COLLATE utf8_unicode_ci NOT NULL,
  `slug` varchar(150) COLLATE utf8_unicode_ci NOT NULL,
  `description` mediumtext COLLATE utf8_unicode_ci DEFAULT NULL,
  `value` mediumtext COLLATE utf8_unicode_ci NOT NULL,
  PRIMARY KEY (`id`) USING BTREE,
  UNIQUE KEY `slug` (`slug`) USING BTREE
) ENGINE=InnoDB DEFAULT CHARSET=utf8 COLLATE=utf8_unicode_ci ROW_FORMAT=DYNAMIC;

-- Dumping data for table msdfs_forms_db.dashboard_data: ~0 rows (approximately)
/*!40000 ALTER TABLE `dashboard_data` DISABLE KEYS */;
/*!40000 ALTER TABLE `dashboard_data` ENABLE KEYS */;

-- Dumping structure for table msdfs_forms_db.disasters
DROP TABLE IF EXISTS `disasters`;
CREATE TABLE IF NOT EXISTS `disasters` (
  `id` int(10) unsigned NOT NULL AUTO_INCREMENT,
  `slug` varchar(150) NOT NULL,
  `disaster` varchar(150) NOT NULL,
  PRIMARY KEY (`id`) USING BTREE,
  UNIQUE KEY `country` (`disaster`) USING BTREE,
  UNIQUE KEY `slug` (`slug`)
) ENGINE=InnoDB AUTO_INCREMENT=6 DEFAULT CHARSET=latin1 ROW_FORMAT=DYNAMIC;

-- Dumping data for table msdfs_forms_db.disasters: ~5 rows (approximately)
/*!40000 ALTER TABLE `disasters` DISABLE KEYS */;
INSERT INTO `disasters` (`id`, `slug`, `disaster`) VALUES
	(1, 'flooding', 'Flooding'),
	(2, 'fire', 'Fire'),
	(3, 'land_slide', 'Land Slide'),
	(4, 'earthquake', 'Earthquake'),
	(5, 'other_disaster', 'Other');
/*!40000 ALTER TABLE `disasters` ENABLE KEYS */;

-- Dumping structure for table msdfs_forms_db.document_types
DROP TABLE IF EXISTS `document_types`;
CREATE TABLE IF NOT EXISTS `document_types` (
  `id` int(10) unsigned NOT NULL AUTO_INCREMENT,
  `type` varchar(150) NOT NULL,
  `mime` varchar(150) NOT NULL,
  `icon` varchar(150) NOT NULL,
  PRIMARY KEY (`id`) USING BTREE
) ENGINE=InnoDB AUTO_INCREMENT=8 DEFAULT CHARSET=latin1 ROW_FORMAT=DYNAMIC;

-- Dumping data for table msdfs_forms_db.document_types: ~7 rows (approximately)
/*!40000 ALTER TABLE `document_types` DISABLE KEYS */;
INSERT INTO `document_types` (`id`, `type`, `mime`, `icon`) VALUES
	(1, 'PDF', 'application/pdf', 'fa-file-pdf-o'),
	(2, 'MS Word Docx', 'application/msword', 'fa-file-word-o'),
	(3, 'MS Word Doc', 'application/vnd.openxmlformats-officedocument.wordprocessingml.document', 'fa-file-word-o'),
	(4, 'Text', 'text/plain', 'fa-file-text-o'),
	(5, 'PNG Image', 'image/png', 'fa-image'),
	(6, 'JPG Image', 'image/jpg', 'fa-image'),
	(7, 'Jpeg Image', 'image/jpeg', 'fa-image');
/*!40000 ALTER TABLE `document_types` ENABLE KEYS */;

-- Dumping structure for table msdfs_forms_db.email_log
DROP TABLE IF EXISTS `email_log`;
CREATE TABLE IF NOT EXISTS `email_log` (
  `id` bigint(20) unsigned NOT NULL AUTO_INCREMENT,
  `subject` text CHARACTER SET latin1 NOT NULL,
  `details` text CHARACTER SET latin1 NOT NULL,
  `created_at` timestamp NOT NULL DEFAULT current_timestamp(),
  `updated_at` datetime NOT NULL,
  PRIMARY KEY (`id`)
) ENGINE=InnoDB AUTO_INCREMENT=5 DEFAULT CHARSET=utf8 COLLATE=utf8_unicode_ci ROW_FORMAT=DYNAMIC;

-- Dumping data for table msdfs_forms_db.email_log: ~4 rows (approximately)
/*!40000 ALTER TABLE `email_log` DISABLE KEYS */;
INSERT INTO `email_log` (`id`, `subject`, `details`, `created_at`, `updated_at`) VALUES
	(1, 'eyJpdiI6ImRDQURjYjlFN25oQ0VZMnkwOUZETkE9PSIsInZhbHVlIjoiS3Y5V1Q0ZjFDbVVuaEV3VjQycHgrNmx3bmdtVW9WNzJYL3g0NUIxM0NBZGw0UGw4Nlk4QlVEaUI1OGFzQk4wOCIsIm1hYyI6IjBlMzRkMzcwZDVlNjNiYzcwN2I3NTE2ZTg3MzdlODdlZjlhMzQwY2EyZGZhM2I1YWU1OGRlOTU1MTc1NTlhZWUifQ==', 'eyJpdiI6IjFUbjcrR2kzSGN5bnEzQXhMR0orNFE9PSIsInZhbHVlIjoiVlFMeFlJQkhSTExCdVFNSVpIdGpPUlkzelNNMlF3cHNXbk9XV1RGak96bDArYUY5ZzJPbGZtZVZ1cGQxRk9kSmwwK0RUSktyQ1lBTWJRckhQVEoxNlE9PSIsIm1hYyI6IjI2MTQwNmUwYmZiYmFmMWQ0MTAzNDQ4YzNmZGVlMTMwZmQzMTdlYjY2ZDNhOTUxMWJhNzg4OGVlODA4OTA2NjkifQ==', '2020-08-06 22:13:13', '2020-08-06 22:13:13'),
	(2, 'eyJpdiI6Im0vb0FCZnl0MTh3Y1dXWkMyS2V5V1E9PSIsInZhbHVlIjoiUmxPNEJySWltTW9ETkhub0g4TGJSKzkvWFJmY2FMYzRCeGwwNHJXQlhIK2FCWnYyczU5T0FPRC9Jamcyc0h4cyIsIm1hYyI6IjhjM2UwNWM3ZWMxYWQ2NmY4NjNlZmRlNjVlZWIwZTcxZDdkMWQ4OWZkMzViYWRjOGE3NTg3ZWZkYmE0NWE0MjkifQ==', 'eyJpdiI6ImlKNVNUNHFOak9HQnhEVXB3SzVBSUE9PSIsInZhbHVlIjoiazBsRHJpcHZwSXVuT3Z3ejNBZUxWc2V3MHpMajZIRzR2ZHpXazNpOGRMVUNkN0gxZFhPaTlCSExYZXZiVUdJWkdzcU1payt5eWFIbHUrTXRmOVJNWVE9PSIsIm1hYyI6ImQ0YTAzNmY2NGEyNGIyODNmMTNhMWQ3NmM4OTc4OGY1ZjA2ODI4OTEwODAzM2Q4MTY3NDVjYmIxNzRiNWZlYWUifQ==', '2020-08-07 02:28:59', '2020-08-07 02:28:59'),
	(3, 'eyJpdiI6IlZVeHY0ZmM5c2NINFpYeUNzamNFTEE9PSIsInZhbHVlIjoiY053Y2lsSFVuYXdrWnNQdExXOXRoUVBZRm1vb2ZPM3pVR1VYUFhtRjdHWTNjK2tlT0ZoSDJHbU5LbndKdzRITyIsIm1hYyI6ImJmMTFlNTgzMjU4Yzg4NzJmMTJjMGE5MzZkYjAyMTJjZDYwMzQ3ODExNzQxMTNlMmI1NTUwNmZlNzJjNjRkODUifQ==', 'eyJpdiI6ImkzT1RaTnVQQjlmNjMxV1RXYkVRL0E9PSIsInZhbHVlIjoibTYvc3FER0tFRm81ZnovcW5LTVpjZzhNY2V0SUxJWDJhWmNFSGhLeWNFUjl1Q3lJc2FOU0VlYWF4VEF3OS93ODZ5VWhxVFdtWnZGWFRwTHdqZXlHTFE9PSIsIm1hYyI6IjM3NmE2YjljODA3OTVkYWEyOWU4ODg5NTVkZDYyMmJiMTFkMDliMjI1YjY4ZGE5ODViOTc2MGViY2ExYjc2OTgifQ==', '2020-08-07 02:31:40', '2020-08-07 02:31:41'),
	(4, 'eyJpdiI6IlVBVFRxM0l4MWZyNUN1VmQ0UC9GQUE9PSIsInZhbHVlIjoiSVkrZ05sV0Z3dmR4UFQ0dis2MzF2dDZiTnRWU0UzNGRNQ295bE1CRXJqWnF4YktvRVhQN0E4RVQycXJoZHJ0bCIsIm1hYyI6IjIxODAyZjYyOTUzNzZhYThiM2EwOWJjYjM1MGNkMzVkNTY4ZjRkZGE0MWQwYzBmM2IxNjA1MDQwNDcxOWE3M2YifQ==', 'eyJpdiI6Iml3SDBlZEUxQmtxaDVIZmxBWlYvTmc9PSIsInZhbHVlIjoiQjd6bS9hUGpBbW5IUytaN3dvYzdWWk0rS3NLbHVVeHB1cE5rNTJ6dmNKVk84WTY4d214QWt6N0FDK01PeHMxZ2tnTm5sYjBXeDJuWXhYbG9mL1JKR3c9PSIsIm1hYyI6IjY4N2QzOWVkM2E3NGZjY2RhNzQ2ZDU0MTI5ZDNjOTViMDE5YTZhM2NlODExM2I5YTNmMTAzN2FiZGE1YjAwN2QifQ==', '2020-08-07 02:32:08', '2020-08-07 02:32:09');
/*!40000 ALTER TABLE `email_log` ENABLE KEYS */;

-- Dumping structure for table msdfs_forms_db.employment_list
DROP TABLE IF EXISTS `employment_list`;
CREATE TABLE IF NOT EXISTS `employment_list` (
  `id` int(10) unsigned NOT NULL AUTO_INCREMENT,
  `slug` varchar(150) NOT NULL,
  `item` varchar(150) NOT NULL,
  PRIMARY KEY (`id`) USING BTREE
) ENGINE=InnoDB AUTO_INCREMENT=6 DEFAULT CHARSET=latin1 ROW_FORMAT=DYNAMIC;

-- Dumping data for table msdfs_forms_db.employment_list: ~5 rows (approximately)
/*!40000 ALTER TABLE `employment_list` DISABLE KEYS */;
INSERT INTO `employment_list` (`id`, `slug`, `item`) VALUES
	(1, 'retrenched', 'Retrenched'),
	(2, 'terminated', 'Terminated'),
	(3, 'income_loss', 'Loss of Income'),
	(4, 'income_reduced', 'Income Reduced'),
	(5, 'reduced_income', 'Reduced Income');
/*!40000 ALTER TABLE `employment_list` ENABLE KEYS */;

-- Dumping structure for table msdfs_forms_db.employment_status
DROP TABLE IF EXISTS `employment_status`;
CREATE TABLE IF NOT EXISTS `employment_status` (
  `id` int(10) unsigned NOT NULL AUTO_INCREMENT,
  `status` varchar(150) NOT NULL,
  PRIMARY KEY (`id`) USING BTREE,
  UNIQUE KEY `country` (`status`) USING BTREE
) ENGINE=InnoDB AUTO_INCREMENT=10 DEFAULT CHARSET=latin1 ROW_FORMAT=DYNAMIC;

-- Dumping data for table msdfs_forms_db.employment_status: ~9 rows (approximately)
/*!40000 ALTER TABLE `employment_status` DISABLE KEYS */;
INSERT INTO `employment_status` (`id`, `status`) VALUES
	(1, 'Employed'),
	(6, 'Other'),
	(4, 'Pensioner'),
	(7, 'Primary Student'),
	(5, 'Retiree'),
	(8, 'Secondary Student'),
	(2, 'Self-Employed'),
	(9, 'Tertiary Student'),
	(3, 'Unemployed');
/*!40000 ALTER TABLE `employment_status` ENABLE KEYS */;

-- Dumping structure for table msdfs_forms_db.error_log
DROP TABLE IF EXISTS `error_log`;
CREATE TABLE IF NOT EXISTS `error_log` (
  `id` bigint(20) unsigned NOT NULL AUTO_INCREMENT,
  `user` text COLLATE utf8_unicode_ci DEFAULT NULL,
  `ip` text COLLATE utf8_unicode_ci DEFAULT NULL,
  `action` text COLLATE utf8_unicode_ci DEFAULT NULL,
  `exception` text COLLATE utf8_unicode_ci DEFAULT NULL,
  `created_at` timestamp NOT NULL DEFAULT current_timestamp(),
  `updated_at` datetime NOT NULL,
  PRIMARY KEY (`id`) USING BTREE
) ENGINE=InnoDB AUTO_INCREMENT=45 DEFAULT CHARSET=utf8 COLLATE=utf8_unicode_ci ROW_FORMAT=DYNAMIC;

-- Dumping data for table msdfs_forms_db.error_log: ~44 rows (approximately)
/*!40000 ALTER TABLE `error_log` DISABLE KEYS */;
INSERT INTO `error_log` (`id`, `user`, `ip`, `action`, `exception`, `created_at`, `updated_at`) VALUES
	(1, 'eyJpdiI6IlpKZFQ2eEZXMWdraEw1UjFJN0NOaFE9PSIsInZhbHVlIjoiL2tZVHRwMWhjaU1RalFaNDMxMmY1dz09IiwibWFjIjoiZDk0YTE2NTg5Mzg2ZDhiY2Y2NGU3Yjc5YzgwYmIxZDUzZDExYmQyOTY5MGUyMDFkZjFlMTM5ODg1MWMwZWE4YSJ9', 'eyJpdiI6IjgxUzcvTjVVTC9NSVZXdHpCWXdaN0E9PSIsInZhbHVlIjoiTCswOUI0S0tMRmpzZytMMlVuQnM2NDhWbkdqUGFwdjk2d1VoZ0lYUkQvUT0iLCJtYWMiOiIzMjUwOWExZGY2YzVjZjdiNGIxY2ZiZTc4MWNlNjYwMWJmOGQ3MmU3N2QyNDRiNWYyMjViM2MxZjIwZDY3NTY3In0=', 'eyJpdiI6Ikk4UGlSSjdEaVY0U2p6MUhZb0dMQUE9PSIsInZhbHVlIjoiQ0p0aldiemQ1ZXdob1MrenNWbXQ1T0RCdU9QdHkvUHhTRTlMQ0xucmltM2s3WUFPQzR4bFdrM3ZzK0NEOUdiUG5xMXdBc0FKZ2ZrM1BKRUgra04zcHZJSEllQWh3Ylh6WUV5UGVES1dLQ289IiwibWFjIjoiNTYzM2M2ZWU4MmY3YTdmZmNlOTI0ZmJmYzg5YzlkMTFkZTdhMWE3NGZlYjcwN2FiYTA3M2IwM2EzMzczMjI4MCJ9', 'eyJpdiI6ImFuYlZlYzZMdkdnYUlhYUw1cy8vWkE9PSIsInZhbHVlIjoiWnArdFJ0UFJWVzc2Y1VndlVzUkVvQT09IiwibWFjIjoiOWE0MTJiMDAzNWE3Nzg2NjgyZjU1ZTk3ZDFhYzE1MmFjMzRlNTAyOTYwNmUwZWExNzNmMjIwZjU0ZTEyNmVmNiJ9', '2020-08-07 02:41:06', '2020-08-07 02:41:06'),
	(2, 'eyJpdiI6Ik54SXJuRjVjaHk3c1V5bmlOVWthUFE9PSIsInZhbHVlIjoiRzBCeFVKZEk5b3VMNnd2RlFRUWYvZz09IiwibWFjIjoiZjFlZjRhMDg5NmZjYjA1YzAzZWQwOWY1YjJlNTNlNTVjNDBmOTQwNDM4YmRiMTBmYTc1MTI2ZGY2Yzg1YTk3MCJ9', 'eyJpdiI6Ik9Ja2tDK0NjUG5RMHdibTl1V2kza3c9PSIsInZhbHVlIjoid3JLbVA1Y1dIK1h4eWtlcllNRXVBMzl6U2pybnFGNjd4K3JvRHkzanhEND0iLCJtYWMiOiJlYjM3ZDkyYzU4NzJjZmY3YmI4ZWRiMTcwMWU2ZDdjYmRlYjkwZGMyMGFkYjVmOWU0NGM0ODQ4NjEzZWI3ODcwIn0=', 'eyJpdiI6IlFTR3grWDBUT0FCZWNha25OT1JlOEE9PSIsInZhbHVlIjoieDIxazZEY0FOOGR2ZnQ1MlpnZE1vbndlQ09kMHRDemp2cGdqVVBsMHZaN29BUzRIRUFPQUhkYlFvejZZdE41RyIsIm1hYyI6IjE5OTY4ZTIwOGNiNDJlMTJlOTJlNGRiYTI4Y2VjZTUzYjE5MGE4ZTk1ZWFkMDZlZDBkYThlZDBjMWYyMzQ3YzkifQ==', 'eyJpdiI6Im5YQ09Ca1pkMVBFVXM3M3RlODcxeGc9PSIsInZhbHVlIjoiaHFQVEF3UUVHWE1NNWJ3VDhienFXZz09IiwibWFjIjoiZjcyZTBjNDE4OTVjZTA2OWM4OTI5M2E0MjQzMjRmYTM3NDY0NjEzMWM1Y2E5N2RlYWI2NzNmMDYzZWY5ZTY3NSJ9', '2020-08-07 02:41:08', '2020-08-07 02:41:08'),
	(3, 'eyJpdiI6IjZvUXlXK3o4bXdHdERYRVh4aFI1bEE9PSIsInZhbHVlIjoib1oyQWh0ZFVYUXdFK25uakZsYlpyZz09IiwibWFjIjoiYjViYzE0NjFkMDc2MjNkOWZlZTRjNTI5ZjUwNmI2ZjY5N2RiZTIxMjNlZjRhZjI2OTM5ZjVkZjgxMjI5ODY4NSJ9', 'eyJpdiI6InVmb0ZTYldrSW1pVGRlRGJ6RTc1aEE9PSIsInZhbHVlIjoiN2JqVyt1cUM2MENlZlU5d3B2NXZ0cURqRFZMYVc0S0ZHMml3UVNIVjIrMD0iLCJtYWMiOiI2MGM5NTAxNmExMzA4NzBiYzJjYTg5ZDM4YjY1Y2Q3MDc2YzdkOGFjYWM2MWUzNTdlYzAwODkxOWEwNGVkM2IyIn0=', 'eyJpdiI6IkJYNFhJU3Vwc2t0NGtUR01RVEZPN0E9PSIsInZhbHVlIjoibW9YZmNaTXZOYUEwOTNTSDNhbmFGbllvc01yeHEwRlp0enEyRzBJZVNzNTg2YjI2cmtieERweGgwemFnTnk0UUQ1OU83dmhHc0hrOUZzVEtoNE5uQjZCRTEveG81SEJPQndYTlVBZ24xUlk9IiwibWFjIjoiNjFhNzU1YzA2ODcwYmNjNzNmMTAwYTkyMGE5MGRkNmQ1OWIxZTRjZTQ5ZDkwNTkyMTMzMWU0YzdjYzhjYmNlNiJ9', 'eyJpdiI6ImZNZUV2RnY1eHNsejhrZ2Z3eWdrcUE9PSIsInZhbHVlIjoiU1IvS0tWalNFb2pqTXNqMkt1ZkRkQT09IiwibWFjIjoiMTVmMDIxMGEyMmQ4Y2EzNTVjY2ZhNDJiZDVlZGJjYWY4ZDhlNzE5OWNhOWI4ODAxNDY2NjFhMmRlNTAxYmIwYiJ9', '2020-08-07 02:41:10', '2020-08-07 02:41:10'),
	(4, 'eyJpdiI6InQ5VjJEUVBJN2o0c3ZCM3JHUHFVcnc9PSIsInZhbHVlIjoiSktLdnphQ0M3ZXMwbmlPOUcxQklnUT09IiwibWFjIjoiNjAxOWYzZjYyZTE5MjMzYTNjMWMwYmQyYjhhNmE2OTFiNWUwODg1Y2MzOTc3MWNjZDY2NzMwM2M5ODE1NTk1ZSJ9', 'eyJpdiI6IjF6WUI2a2ZRUk5pSy9WRFBIL25qUWc9PSIsInZhbHVlIjoiY3VwUUgycEFZMmVJV1dnMlc4dGJSN1o3Q2xnL0J0VldlSmd4cS9lTE1oUT0iLCJtYWMiOiJjYjM2MGI4OTExNTVkNzZkNDk0YjU2MTllNWQ1NTljNjdlODBiMWVjYTRkMWRlY2YxYTcyNzUwMWFhNjkyODAxIn0=', 'eyJpdiI6ImZnT2JHTG5VanNlaE1Md3BEdVEwMkE9PSIsInZhbHVlIjoiUy8rZ0cva2VYc09NTFlkQk8ySUxDbGRiK0NjTDE3YXJ2ai9wMWJjTWl6bExRQmhMa1llMFdkTHpqWFd4MkloWGx3MjhlOWZPMzFQcmE3TDBNUm1vQW9YZTI3WFJIcW5qWVZFaGk0QVZYZDhyZ3RvazRIME5xOFYzMFlrem9ja1AiLCJtYWMiOiI5MDFhNDJlYjg5MjE2OTlhMDQ5NDAzYzdhYmY5YzU0NzNhYjU1NTk2YmQ2MjU1M2Q1OTEwYTQ4YWJlZWY2MWE1In0=', 'eyJpdiI6InhVOXNJeUV5M3FNM0JmblViOEVtWWc9PSIsInZhbHVlIjoiR0E4S0VTY2dWMTlZb2swZFZ3WTMvQT09IiwibWFjIjoiOWVkOWJhYjJkYzRkY2E4ZmQzNTA4MjY2MDI3NDRhYjE4MjZiYmI3ZmI2MmNkMzQ4NTcyZmIzMzgxMGY5MjRhOCJ9', '2020-08-07 02:41:10', '2020-08-07 02:41:10'),
	(5, 'eyJpdiI6InlJa0FIQkI3cWhENFdiak03aGlpUlE9PSIsInZhbHVlIjoia1dKbDJubncrdWRPSTdiWUovVXBmUT09IiwibWFjIjoiZWNlZjJiYWJmMGZkZjI2MjllODU3OGUxZWI3MjhjZDU4ZDg3MWNhYzRlM2IyNTY2M2ZjNDQ0MjY4ZWMyMTEwZiJ9', 'eyJpdiI6ImsrdGlJOTVxcVhoSU5EVEdXdkdnN2c9PSIsInZhbHVlIjoiUHZ4UitMdnRPSzdJME1XZDFHbWNJbUVZUUVTVnlaUjF4UVhMeUR4TXNlTT0iLCJtYWMiOiIzY2I5YjUwNDU0NTQ1Y2I1ZjNmMmRkYzIyNWYzMzRmZGFiNmJkOWE3YTNjOGMzMjEzODM2NTZjNWE4MGQzMmU2In0=', 'eyJpdiI6ImRWNW5OWDJ3MkcwYnhCdEFpOGFGRWc9PSIsInZhbHVlIjoiRk9vYXBHNFpzdUU0RzdYYjVBeFg0ZytLWFZIM3VjMXFKaFJJc1V5MW5PY01WYXNXRnQ0QW1HVDFTUVF3dkhOWU9xaHp2d2dsNGhmZHJ5VS9tY29TdThydnh1amYvU2ZLM3JlUWExL1NmaFk9IiwibWFjIjoiM2JmOGNhYjc1YTU0NDExNzg5ZTI5ZWU2MjRlZDU5NTNiYWM5Mzk1YzdiYzU4ZjY1MWQ2YzdlZDIyYTIwOTQ2NyJ9', 'eyJpdiI6ImxhbXlJbGtSYlBaZFdBQ0QzZTVvQUE9PSIsInZhbHVlIjoiMFBTaG5PdCtpemozMkRIZHlzREhzdz09IiwibWFjIjoiODVhYTVmNDViYjQxOWNhMzRiMTM3NzAxMmQyZDQ5NWI2ZmM2ZjZjOWYzOGE0MTJmNzlhODQ1MGMwODlmZTE2ZCJ9', '2020-08-07 02:41:11', '2020-08-07 02:41:11'),
	(6, 'eyJpdiI6ImQwTEF2Rld6MW9ONFNmN2U2OWVod0E9PSIsInZhbHVlIjoicDc4b2RENHhyZDJScnFZUnF6aXp0QT09IiwibWFjIjoiNWQyZGZkZjIwOWNmZDdjYzJlMDQ4MmJkNWExYjY1NzU5MDg0N2EwMjk3NzU3MGIxY2JhOWMzMGI3NDQ1NDhhYiJ9', 'eyJpdiI6IkJyVkNmV3RsUFhQSEYydDJIZkE5ekE9PSIsInZhbHVlIjoidjNhUnBYRFduMnNUcXZOM1ErVnk0Rk9xNXBXKzJMUm4wbHZhS2J1YXFNWT0iLCJtYWMiOiI3YjQ2NWU3MTY2ZDdiZmY1MWM5OTk4YjAyNjNmMzMwNDhiZWFiMDhlOTdhNzk4MWMyMGY3ZmI0MThmZTlkMWNhIn0=', 'eyJpdiI6InZQa0ZpRmNWMGlHaWs2ZWVaZnozL3c9PSIsInZhbHVlIjoiUERSd1NYem44MjhoaGJTZ3NXamF1WGdCNnYxSGRaTzR6cCtlbU4yQ2xvS0Y1M20xNU5RNVQ0cFoxQXVrRTFWT3dFbXNCMVo5RkM5OXFzSjFHdHJvd3B3eGpmYmZRTnlIWm10a1RIbThmTEp0N1NWL3FaWThSWVE2RTQ1WFlCMkQiLCJtYWMiOiJhZDBiNzI1ZDBiOTM2YTdkYTA5MjU3ZDcyZmQ4NWM3NzIyOTBlMGRlZDQyNzk0NjYzMjNkNzUzOTYwYjIyZGZlIn0=', 'eyJpdiI6Im5sUllsZno5YmI5VVlmSFdMOVU1VXc9PSIsInZhbHVlIjoiNUljOTZiSEdlYm85b29CWmZHRGhLUT09IiwibWFjIjoiMDQ3ZjhhMTJlZTVhYTI3NTRlYjFhMzM3NmE0N2M1YjU0ZWViYzdiZWVhZDg5MDlhNGI1Y2E0MWEyNWRlMDdiYiJ9', '2020-08-07 02:41:12', '2020-08-07 02:41:12'),
	(7, 'eyJpdiI6InR4dFJGaEhsQWl6eDZuZmx5SVpmUXc9PSIsInZhbHVlIjoiNStEU0czR3hySFRIbVJLOG5UenlCZz09IiwibWFjIjoiNzZmNjEwMDQ1NzEwNTNhZDNiOTFlMmEyZTczY2NlMjI3YTA1NzUwNzc0ZDhlMjU2ZGRkYzE2MDE2MTRmZjk0YyJ9', 'eyJpdiI6InI4V0pkclRQK0hsZGVNclcxcStyRmc9PSIsInZhbHVlIjoiVjJPbUJXeDNCV0lZQUFoWForR0I1VlFVMzBxUGVaTlIzR2R2WDJhS295RT0iLCJtYWMiOiJhYWMzNDI5NjY3MWEzOGY1NTEyMGY3NjdlNmRiNzNiMmY4NWYzZTJmNjgwMWQyNzJiYmQ3MWFiOTY2YjljYmZkIn0=', 'eyJpdiI6IllVUW5yL0Z6bmhtT2J6aXgzM2haK3c9PSIsInZhbHVlIjoiY1ZSTU8zblVmS0tUTExJUXNvUDFPSGU0QnpRRWhZRzNleGF4aVI0WkF5Qzl1YmNCeWlIbEs3VGZiZnllbWd0Z3FkZU9keFJUTjI3MmdJTEk4WXJvYkdMZ2NIdEhwN1lNZExrMW00T283bjQ9IiwibWFjIjoiMjI2NDdmMDNhODEzYzY5N2RmOWUyMzhlNzMxYzA4NDJkMWZhZTJjNGMxYmJlMWMzNWM3ZWY5YzkzNTk0MTQ2NyJ9', 'eyJpdiI6Ilh0OGpiQ2tFY2psbGQ5SWpxNmRWOFE9PSIsInZhbHVlIjoiMy84cnhxbW12WTFkS1lxdmFtZnpLUT09IiwibWFjIjoiMTRkODkzOWRlOGJmNjc3M2E3OTg2YjI3NjI3NDFmMjI5OTk0MmQ0ZjkyODY4M2QyZGJkNzRhZjVjZTNmY2ViNSJ9', '2020-08-07 02:41:16', '2020-08-07 02:41:16'),
	(8, 'eyJpdiI6Im80bmJvMW14U2ttOXRnWHJNeXl3MXc9PSIsInZhbHVlIjoiTXc1QlpIMkhpTW5DQm9QK2ZwQ21tUT09IiwibWFjIjoiZTliYzcyZTkzYzY5ZjU2ZTI3YTZkMDY2MDE4MWRhNDE0ZjRiN2Q5YTRjYmUxN2Y2OTBjNTVmMGJkNDYxOGI2MiJ9', 'eyJpdiI6InY2eEVMOWNId3JwdG1RZVFQWnc5NlE9PSIsInZhbHVlIjoiaXZIQS9Jcklud1JsWWp5R0dtakNIdE1VcEZ0VnhVTDB4bTN3elFrZWVHRT0iLCJtYWMiOiJkZTJiYzliNzM5NmZlNWRhMTMwYWE5YzA1Mzg5MjIxMWExNWE1Y2U4MjY1NDBjNzcxOWZjYTExNjYyMTgxMjJkIn0=', 'eyJpdiI6IkZqUU9zNEVjNkpNWXlVRjQvVkhRWlE9PSIsInZhbHVlIjoiN1hiOTFBVzlkVVFsZGVMQ2svOVV3VFQ2aWVNdElHc1BJZ1ZZc0ptVEVHL1FsdVByYjYzM0ZqVmxmZW5CVmtVTSIsIm1hYyI6IjE0MGU4ZjM3MjQ3OTViYzdmOWQ0MDE4ZjBkMmVmODJiYzJkYjgxOTM4MzY4ZWJhMDlkMTQ0MzFiMDM4MmYyNzkifQ==', 'eyJpdiI6IlhhMnBNclNaQUpiK3l1Vy91eEZmNUE9PSIsInZhbHVlIjoiRmRzeU5tYTdBbWNqVTk1M1FEK1J2QT09IiwibWFjIjoiOWE4ZjhmNTAwOTk5NDA1M2QxZGYyMzc1NjNjYmE2ZjA1YTA1MjgzYTA2ZWQxZjUwNmFmMzczOTBlMjgzY2E2OCJ9', '2020-08-07 02:41:17', '2020-08-07 02:41:17'),
	(9, 'eyJpdiI6IldxM0QvY1F4WkdobGhwNWRZUksvR2c9PSIsInZhbHVlIjoiVTNCZTFGV2hoamh6S3piUUxvTlpkZz09IiwibWFjIjoiNzI5MzllMmRhMzA1NDk2YjRhMjViYTJmNjZlZTgyYjZjNmY0NDgwOTIxYzY5NmJlMjRlY2I2NGM1NjBkYmU3MiJ9', 'eyJpdiI6IjFYSUgzOVpMTUhDQXZkSU9WK3lqMkE9PSIsInZhbHVlIjoiZlJKT3hVcEY4T0pheWZrRm4yaktNMTVrZU4wZEk1NWFHY29zQm5kR3N4Yz0iLCJtYWMiOiIwYWI4N2I3OTcwODEzYTkwMTA4YzI5ODQ3MjI5YWU5ODk5ZWZlYWYxOTUyMTk0MDdhMDA3MGJiMjM3MTlmMzY1In0=', 'eyJpdiI6IlNob3RVejVwMDQzZ1RNRFNkWG9TSnc9PSIsInZhbHVlIjoiR3Jic0lENHVDOUJMQ2wwUDNEV2x0cllqamhpQ2NxMDN2eTJGQTN3UmgxQkVML3VGaURyUVlYb3h4aE8rOHMyN3Z2NWJxZ3hTeFZIZTVXTUMwak5heXd4MmxhVEpjV2VUUmRyYVJ3eFNVQjQ9IiwibWFjIjoiZjQ4NjYxYzAzNWIxYmI2OTU1ZDNjNWFiMWE3YWRlNTAxMzc0OTM1YWU5ZWU1NzJmNjhhNjBiNTAzNTU3YjgzZCJ9', 'eyJpdiI6ImttOFFxWVNVMkdLMU9WQUt1SytOS3c9PSIsInZhbHVlIjoiV25IcWR5UEFvOFlPalBDamNPRFNwUT09IiwibWFjIjoiM2NkOGExY2ZjMTFlMzI5OWU5MzU0ZWEyOTZhNDEyNWJhNTQ3YTZjZjRlMjI2NDliOWQwNjAzY2EyYWZkNGZhMiJ9', '2020-08-07 02:41:19', '2020-08-07 02:41:19'),
	(10, 'eyJpdiI6ImMyZlRWSkROazlESUE3TE8zeDkzSnc9PSIsInZhbHVlIjoiclhkNEJrNDRVT1VUMTB5bWEzTmtNdz09IiwibWFjIjoiNzRiYjhjNTk3ZGVlNDQzZWU4NTYxZTI3Njg4MTVhYjUwYWU5YTRiMzlmNTM2MTcxODU3ZmRjZWI5Y2RkOTFjNSJ9', 'eyJpdiI6InFZRXRnV2ZyR1JrOFNmR1JTMGN0Q2c9PSIsInZhbHVlIjoiRTlDWEowMFZFY0IrTWhJOGlHUnNVSnpkd0MwNTFIUmp0NnNZamRoSlhDUT0iLCJtYWMiOiIyZTBmYjQ3MjUwZTVmMmE0ZmQzOTNmODdjMTY5NWE0YzFlNzdmYTIxODczMjY2MzBjNWRmOGZjZGE0ZmIxN2ZlIn0=', 'eyJpdiI6Im1FSEpCeHVlTVFMdmRlNERzWWdoU2c9PSIsInZhbHVlIjoicnhvMHZlUm9HQXNDS1JrMnU1ZGZScHFjdGsyUUJxMU5JNEFTdDFHRllPeklhYzJ1amIxOGhiMWdaSTBLc25uUVBiUmZQWlpVZ1JiS1Vwb21DUzdqc1d3L25SSDRva3NEdEg5dVMxTkFmZlQxb0VKZ1RZNnB5czVmeDNmQnhFR0EiLCJtYWMiOiI0NmQ4NmQ1NTZjMWQyYjEyNzgyYTc4ZmU5ZjNlMzVjOWM1ZDJlNzgzOGNmMGU1MmFjMjQ1MDcxZTYyN2ZkZmMyIn0=', 'eyJpdiI6Ik4vazk1Nzc1Vm9OTXMxNjU5SnBSeHc9PSIsInZhbHVlIjoiR3V3M2tRZGxYa2c3d0t2ZXEyUFdlQT09IiwibWFjIjoiOTAyY2QxODEwODcyZWVjODQyNWNhMzBhNzBiNmFkYzY3NGQ4ODAwNTcwMWRhYTYxNjIyOWQ3MTk5OTRkZDBhOSJ9', '2020-08-07 02:41:19', '2020-08-07 02:41:19'),
	(11, 'eyJpdiI6IjBNQXNIRzV3MFRsUTg4bGNxWHlGT3c9PSIsInZhbHVlIjoiaXAxYUJoL3pucTZMWnoranVIS3pBdz09IiwibWFjIjoiYjU4ZmJjZjE0YjI5NGRlZGNiMTM3MDE2YjQ2YjMyMzhiYTQyYjI0ODY0NjUzMzY5OTk4M2IyODc0MmFmZTc0OSJ9', 'eyJpdiI6InZCQktEVStVZ2xaby84cWRFaDVUaUE9PSIsInZhbHVlIjoiS1RmdmJHNEMxd3d2ZlNwV0NmZHV5N1NDZWcyV244WEdJN3hIUnpMcVhObz0iLCJtYWMiOiI2ODM4ZjhhZWJkYmViZjI4OWI0MzE4MDIwYTMwOGJjZjJiMTU3Zjc1YTEwZjdiMTIwMjk5MDQwZWM5MDkwYTQyIn0=', 'eyJpdiI6InBFQzZLR3phd1RqdGRRYmFya09rWVE9PSIsInZhbHVlIjoiSHAzRW0wRVZENzFKU2NVQkJzQ3VLenAycDA1VVJzSjlIWWVWQUFLYVVBUmlRVk4zbjNxRlA0LzEzNFBIRzRvUWswbW5WY0NrZHRvNm5IYm03WGp3c2ZvZS9oZ0taNE1RZGlyeXFYV1dhZ3M9IiwibWFjIjoiMGRjZmE3ZjQxOGYzZWE5YzQwZGE4YzBmNWM2ZTA1YzEwNTgyOGFiZmVhZGMyNGRmNmMwMjBhYTU0MzU1ODA0ZCJ9', 'eyJpdiI6Ik1YQ0szR2ozTjZ3Y1p1MnV1NkNxUlE9PSIsInZhbHVlIjoiWE1ZTEZqVXl3bENEQXkxZWVRU00vdz09IiwibWFjIjoiM2M3MWM1ODE4MDI2MTA2MDUyMDI0MDcxNDYyNjFiYjYyZTljOWZjMzkxYzQ0Yjg1MWI4NTZhMjI0MmQ2YzFiNiJ9', '2020-08-07 02:41:23', '2020-08-07 02:41:23'),
	(12, 'eyJpdiI6IitqVFd4dnJyK0NDaDRSeURSTk1KbWc9PSIsInZhbHVlIjoiVUxLSkFleDd3cnRsNlZlK25QSnY3QT09IiwibWFjIjoiY2YwNDk4OGIwMTUzNmZjYmE2YjliMTczZTI0OGM5Y2Y5YTQyN2UwYzUxNDQ3ZTFmMjIxZjNlZmZhOWQ4YjIyZCJ9', 'eyJpdiI6ImlSV0xTT1FXUTRtU0N0dm0xbGNKZFE9PSIsInZhbHVlIjoiS0p2TVpNWUVYeko1bE1lb2ZxRm5USkRPTW1QMnZ3MVc3Wk5Pd1BkT0VkVT0iLCJtYWMiOiJhNjcxOWU1OGFkOWVjYTA2NDdkN2Q1NzE4NDdkMjllOTZlN2FlYjdhYmE4ZmNiOTgyNDdiNGZkOTFkMmI5NGE2In0=', 'eyJpdiI6IjlEZHp4Y0RUTUZtam9uK1J5Tk8xUlE9PSIsInZhbHVlIjoiT0svYkVlcy9NMmxqSm1xS29XQU00YlhtTG9EQXJPZTZlcXRBY2ZtUTQ2cm82T3k0RW5jdk4yR0JaUGZaMlFIVCIsIm1hYyI6IjQ4Yzk1ODFjOTdkNmVlY2U3YzA5NWViNmFkYTU2ZDlkNDNiNzBmN2YxZTc4ODhkMGYyNTE4Y2ZlY2I4ODgwODIifQ==', 'eyJpdiI6IkdHNk0welB0Z1oxc3NIKzdQZzI5a3c9PSIsInZhbHVlIjoiVnViNmtXZExjbEE3UksrdVFZOW5FUT09IiwibWFjIjoiNmQ1NGJlY2E3ODU0NDUyNmM4MWJmN2VhZTU0NTIzM2Y2YWM0MTZkMDQwMGI5Y2E1MGU0M2RmMzg0MWU3MTRlYiJ9', '2020-08-07 02:41:25', '2020-08-07 02:41:25'),
	(13, 'eyJpdiI6IkVXeWhPVXRsRmJSU2V5Slp5U29CUXc9PSIsInZhbHVlIjoiaVJaL0lpNUYxS1FlSkFEdEJucUplUT09IiwibWFjIjoiYjI0ZDY1MzhiYjcxM2I4NTJhMWZhNDk1YzI3YzkxNzA0Y2Y1ZjQzMmE5YjIzNWQ3Nzc3Mjg2OTI4MzA1MzYyZCJ9', 'eyJpdiI6IlY0NGJNV3dydUsydGI3TWZVUmJwSEE9PSIsInZhbHVlIjoiaEw5bnhDa2w5MnFBVU80STRyN3h3eHowSG5QMXdlR2xGeDVEeHAvYk9EMD0iLCJtYWMiOiI0Y2U0ODA1ZmQ0NzYzZTc0YTM0ODg0OTJkMjkwOGY0NTkzNDIyZjIxNTMwMWViYzllZjU4OWE0NGM4ZDgzMDgwIn0=', 'eyJpdiI6IlY2SmdtQ05aOXlQS2dRQitCWEcvQ0E9PSIsInZhbHVlIjoiQ2t5V2ZRMXhjeDZLNWs0Ykt3WlhtTkhQTWwyOXIzQWk2MklseVlyaDlQMnRMbkhVb01GZmJSblZUdnZYc0sxNE5CNU8raGNyTklIMGJtd3pTTVRWSDZlcHZ5Mk1XLzBFRTBCNTRMakpoMDA9IiwibWFjIjoiMTg2YTY5MDk5ZTM2MjRmOTk1OTIzMThkNTI1NzE5MDJkZDI2N2U5Y2Y3YTJiMjY3M2M2ZWZjNTQ0ZjYyMzdlMiJ9', 'eyJpdiI6IjJhVlZkL2pNSThGcER4alBobVV6UVE9PSIsInZhbHVlIjoiNjBDTkRVRlNwR0VIQ0RmbzhqN0hZUT09IiwibWFjIjoiNDYyMjg4MDI0M2Q3YjM3MTUxZDJmZDZiOWY0NmM3ZGNhNmEwZGNhMjdhM2FjNDNhM2QwNTA0MmU5NzUzMTcyYSJ9', '2020-08-07 02:41:26', '2020-08-07 02:41:26'),
	(14, 'eyJpdiI6ImRWcWxIZHRYMEJOT2N1SGxrTVNycmc9PSIsInZhbHVlIjoidHNETGtkZ093bXVUbERzazJYTU1iQT09IiwibWFjIjoiZWEzZTYxZDMxZTE0NTg4ZGIxMGU3MmMwODMzZjJhYmY1MjcxZjNjZGI5YWZmZGU1NGQ2MTc1OTRmMGJhMDFlNyJ9', 'eyJpdiI6IldEWkNudHgwMDR2L0xzWGI1bkVYOXc9PSIsInZhbHVlIjoiZmUyeG44TzA3d2JMVnJLRlkrM1V3Q1RTVG5LbkxiRUtEWGxESktqWlFyST0iLCJtYWMiOiJmMDBmOTE3ODVlZDU5MTM3Nzk1OWVkM2ZhYmRjNGUwZDNjZWJmNGY1OWZmZmY1MGYxZDdkNmRlOTIyNTQ4ZThmIn0=', 'eyJpdiI6IlVwTHBkbEF1ZWtmaGJIZ0VsT1lyZXc9PSIsInZhbHVlIjoiSFNuRkFBdGNkMFdaZTF5QkFZQW9KWWNoS3diY3BEeDVSdVV1dFcxTkNIcVR6U3N1Ly9qclZaazNiWEpOeThrMFJlemJDeFpia1ZKbUlsUFVja0x6ckJlYUZ3VE1qQTNvYkFUQkxYeUJRZnN4RExNRmhSWDh2SFRyaVg2eUVSZE8iLCJtYWMiOiI5ODI4Mzg0ZTk4MzgxYTA5YmM5M2NmZmI0NzlkNmM5Njg1NTVmYWVlZjVmYTZlZDY0ZmViMDNiYjU3Mjg0MDRkIn0=', 'eyJpdiI6ImdsRjd0SmQxRUJsd0N2dTdLck5VdUE9PSIsInZhbHVlIjoiVDR0WWRucFo0TjBJTW9TaUo3ZU1tZz09IiwibWFjIjoiZWRlNWZjYzU4ZDMyMDFlNTc2ZTU5ZTY5NjIzYzg1NGI2YWQ1MTZiZWE2ZTE4NjA2ZjcwYTY0YTZlNjM2ZTM3YyJ9', '2020-08-07 02:41:27', '2020-08-07 02:41:27'),
	(15, 'eyJpdiI6IklmU2lQeFZ4OVB3QUcxcXZoVXNNREE9PSIsInZhbHVlIjoiaUJhWUFoZE8vODJwZ1oyYWp2TWZ5dz09IiwibWFjIjoiYjU5ZWYxMDBjNjg1YWY4OTQ5N2VjYWYyOTk3ZjA5NGVlYmRkOGM2OWVlZDJlNTZiMDMzNzI0ZjNhYzAzODc1MSJ9', 'eyJpdiI6ImpNYW90anYxYWZaV2Fhd3pyZUtmRmc9PSIsInZhbHVlIjoiWmFBMHdaQVFZanJVem9zWXkvS1B4dmVnNkJCY0xIMnpGMG1FM3VtQkRwQT0iLCJtYWMiOiI3OTBjZGViMGQ4NmY0YjAyYzJjZTc3NGViMjMxMjFmOWEyN2FlMGI3OGE2OGUyNWMzNTExNDM0YWUxMzI1NDBhIn0=', 'eyJpdiI6InhDM0p0WDcycnc1OXVxQ015dW1VNXc9PSIsInZhbHVlIjoiZEdzNEFiSU5oVnBJRFN4Nk53bXZXZ0dPdUdTRzk5NUE3U0IwQ0V1NGtuZ1RJT2pBdnhBSERzemV0eTdnMHQycUdSdjYxdDF0WStubElpMjY2b25BUS9NMzJkNGNlVDV6SzVtNmc4eVE0NG89IiwibWFjIjoiYWQ4ODQzMWFhOTg5ZmY5MDQ4NjgzOTNiOGI2YTVlZjAwYzIwZmI1NTU3NWRkOGY4ZDJjYmMyOTJkMTdmMDg1MCJ9', 'eyJpdiI6Imk1b0gzZ3AxYVJzVm9Vd0RRWUp6Q1E9PSIsInZhbHVlIjoibVlPY2p2NTN4U2JQempYYUp4K1dRUT09IiwibWFjIjoiNjU5NTgwYjZjMTdlNWI5ZjQ0MzZkYmVkNzdhYWIzYTA2ZDEwZGRmMzk3OWFmMzA2YmIxMjQzNDhlYmRjMTE2ZSJ9', '2020-08-07 02:41:37', '2020-08-07 02:41:37'),
	(16, 'eyJpdiI6ImlFd2NGTG85Nnc4bXNFOGR0c0lRUVE9PSIsInZhbHVlIjoiN084OGwwb3Z0ak13QlRNU3JaVURyQT09IiwibWFjIjoiNzdkMDYxYjhkNmE5YTlkYWUyNzUzYzQ5ZTI5NmRlMzY1ZmY0MzRiNmZlZmUzZjQ2YmVjODc5YzQ2NWE2M2VmYSJ9', 'eyJpdiI6IlIybDJYZFBaOUxIN1dsYjc3Z2dMZFE9PSIsInZhbHVlIjoid2RBRFBYWWF6dXhxVVgvSVo5dnVZU1FDVXBHYTlYc2NWMWQ4cFNBdTZCST0iLCJtYWMiOiI1ZmFmY2E0N2U1ODYwZDk2NTg4MmEyNGM4YWI5N2Q3ZWIzMzczOWQ4NWVmYzM5NThkYmM2ZGQ1MjRkNzcwMzhhIn0=', 'eyJpdiI6InIxTVBaYkJHeUlsd1oxTU5mdnNIa1E9PSIsInZhbHVlIjoiVndrdUlDbGpNSkdKTS84cVluTXBpZlNnL3hLKzVlbDY5TTFnS2FpV2FGUlNhaVk4V1hkOEdCT0REM3psN1RXS3ZFUXk4UXdBNDE5eUtJVTdoNXFWOHFXK0ZqNjJ4T1AzenhTNmZkOVVSa0E9IiwibWFjIjoiYWVmMzQxMGI0ZTIwMGYwMDFlMGE5NzI2MDE5MWNkZTM3MjgzNjI0ZGUwODNhZjdmNjJiZTQyY2Q1NDI1YzA5NiJ9', 'eyJpdiI6Im5KeGZZYlcvZnNENFhsZzBPUU5JTVE9PSIsInZhbHVlIjoiZnBuVFduZW1RNzN3bUJXVitKNmkrQT09IiwibWFjIjoiNWE5ZjM3YmQ4ZTJlYmFjYzVjNzRhOWI2ZWY3ODNmZDBhYmJkNTkzNGI1ZDM0ZTQwNmE2MmFiMjFlYTYzMmRjMyJ9', '2020-08-07 02:41:39', '2020-08-07 02:41:39'),
	(17, 'eyJpdiI6IlZ3SzQzdTZDZ2VaeHJRcjlhYnQ0ZHc9PSIsInZhbHVlIjoic3dCbnQ2eE9jN3BqZ2ZvTXJWOTFTZz09IiwibWFjIjoiM2ZmNDRlYWE3NThhMGM0OGQ4M2RlMTAzODgxMmY3Y2U2YTRkYjM4N2JjNGZjNWY1NDlhODhjOTc2NjY4YzExZiJ9', 'eyJpdiI6Imcyby9BNG0rZlFXQ1d1cWYzVGNuekE9PSIsInZhbHVlIjoiL1hmUFA5cGl4azltTVhGYVB5a1I1ZU1TMnpTUE1CVnFkS1N1c3Y0NE16cz0iLCJtYWMiOiI2ZTVlYzA1ODBjYTk2ZTYxYjAxZDEwODY1MTEzZjkxOGZlZjFhMTlmYzUzZTU0MDkwMzJiMDg3NDRkNGFmMDc0In0=', 'eyJpdiI6IkRoWmFiZXI4MEo3NHh4ZXg0cFg2ZGc9PSIsInZhbHVlIjoiME90WkJrZmZmNGJ5RWF6R01pdit6aWdJOEFkZ0l4TERuSHVGbUVBa3VlVzFRSGVTamFGclZmb1V2ODE1NFlwMVlmNXcwSUF5dEIyZEtURW5Nc3hvM25rbk55Qk13L0QvT0dFTHJSa1d2UnpIQml2azZhV1JZZlJ4Uk15dmI5VHQiLCJtYWMiOiI1ODk3MmFkODNhYTM1NTkxOWJiMTI3YjczZWE0NTg4NzQzODFjMzZmZDA4OTI0YmQ2ZTgxYzk2ZjRhOWYwNjJkIn0=', 'eyJpdiI6Ik5FeFlDcVhXbTB5dlBmSnVmTjNZR0E9PSIsInZhbHVlIjoiUElkWll6U2VjYzU3N0JjelBQMFlvQT09IiwibWFjIjoiNTkyY2RlZjU4NGFmNDE0ZTFjNzE3YTBmYTRhZjBlMTQ3Y2Q3YzdiMmNhNDI3ODQ5ZDNmZTY0MWFhOTJhNzlkYSJ9', '2020-08-07 02:41:39', '2020-08-07 02:41:39'),
	(18, 'eyJpdiI6IjQ0QzZoSnpUNktpQnhtQStFRFpobmc9PSIsInZhbHVlIjoieDFveUlVOVNHbVUvZmd3eGdYN2lsZz09IiwibWFjIjoiZmNiZjRlNzM5ZjI2NDU4NmU2YjA4NGRiMmJhZGZmMGIzMjZkNDBhMmE2MjFiZjRlYWM4ODk4ZTFlYTdhYWZmNyJ9', 'eyJpdiI6InZUR2t4cEhaNDFIbCsyYlljZUgwMHc9PSIsInZhbHVlIjoiZnJZQWIwZzZ6UEJ4VUJtWTNOam1vSXVtSW56cXhOVlZ5TnRFYmpUQnYzZz0iLCJtYWMiOiI4YzgxYTMwNDQzMGJiYjY3ZjZkMTMwOWY2YTE3ZTZmZjg2MWQxMzY2Mzg3ZTJkNTFlODI5NmEwMGRmNWRhZjc5In0=', 'eyJpdiI6Ik81NWpKYUlUOVorTERZcDVnb3I2ZWc9PSIsInZhbHVlIjoiMWZpSDZyV2UrSjI1eWNiSVlWSXZsYmd0RXpZM0FqWitjZlQ2QTRUTHE2a1Erek91U0ViSVcvMHpZK21WeVo2MG5kckFkNnlNZ3hsM3NuK2xBQWU3eFkvRityMTFvK2J1R0xRdUxnenpZNzg9IiwibWFjIjoiYjQyMjE4NmM0ZmExNzY2ODYyYzg5MzgxNmE1YmFjMDA0MzY0NGZkYzVkZDk5ZTEyZjBhNzBlYjgxNTljMTA4ZCJ9', 'eyJpdiI6Ikh2VFJzTGdmSlR1TXNZU3NldkRmWXc9PSIsInZhbHVlIjoiaTI4MlAvOWZraXp3bEpNek83ZXVVdz09IiwibWFjIjoiNTZkOTkxMjFhOTk4N2E0YjQxYjMyYjIyZWZmMmRmZjBjZDA1NjQ1MDM4NmUyNzVhMTRjYTI3ZjJiNjAzNmE0ZCJ9', '2020-08-07 02:41:41', '2020-08-07 02:41:41'),
	(19, 'eyJpdiI6ImRpS1AyTmdhNmszSTVFQ00yUkRpQUE9PSIsInZhbHVlIjoiM2NYUTFXUVVMTVd0WHAvYzBYR2tkZz09IiwibWFjIjoiYzQzMzQ4Y2E0MDRjZGJhYmY3MWZkNjk5ZDQ2ODkyZjgzYTAyNTIzNjQ5MmZiZTc1YWJkOGM2ZDExMDIyOWNlYiJ9', 'eyJpdiI6IlVnQ24za2xrRk9HblFpWWlOZWMwVEE9PSIsInZhbHVlIjoiT0VyemQ1KzNUby9zK1hFNnlVSE5kY2wxcGo3UWtFazBMR29CZVJ5dDlPTT0iLCJtYWMiOiIyZDE5NzRlMzNhODMyYmMyNzdlYjJhYmViYzc1YzVmZGViNTU2YzRiZjUwYTkwMDIwYjNkZTU4NTRhNDE4MjRjIn0=', 'eyJpdiI6Ilo2OVQwMU9TTTFubDRwQXFjdE1ubmc9PSIsInZhbHVlIjoiYjF5Y1JDQ3czT0YyTUR5OU41SW9hckFGT1Z1cmVvaUlUTGZkWi9rRm5EWmw3cUtZQ1RqU1pnQ0tLdzNMN3o1VGxjRVA2VWRhT0hDeVVlSFVQZTZGTldUQnQzVXNzQXI0dXhYclIzT2lKNVRUQzdtK0p1ZWo0aytuWWh1SUExNmgiLCJtYWMiOiI3NDYyNDJjM2FlZWZkNzkzOTFkZDkzYjExYjgyOTA1ZDNkNzdiOTE1MzA4OGZmNDZmZWM4MzEyMzVmY2ZhZjA0In0=', 'eyJpdiI6IldzN0ZmSXlkdzU1WkYvdjUyaUI0Z1E9PSIsInZhbHVlIjoieWYybzZHS0w2WjNzOG13a0NzL1dpQT09IiwibWFjIjoiZGZiZGNmMDE0YTNjMWMzZWFlNGJkMWQ4ZmUwYmFhNTYxNDllZmExZWE3NmUyMjkzN2IwMTNmNmEyYTc2MWU3ZCJ9', '2020-08-07 02:41:41', '2020-08-07 02:41:41'),
	(20, 'eyJpdiI6Im5ZUml3UGdEMnZZOEFCd0twaU5KSHc9PSIsInZhbHVlIjoiblFVWmdHYS9GTEltODhGclFQTnJ3Zz09IiwibWFjIjoiNzZiNjM4MTgxZTg5NDhhMWE5ZDhmM2MxYmY3ZWIwMDRiZDNkNWE3YzBmOTQxY2Q2OTViMDc1MDUwOWI3MTM2OCJ9', 'eyJpdiI6IjROM3M0Z3Z2dlVDZG5ML0pxQW9FU3c9PSIsInZhbHVlIjoic0NVRWxpb1ZjSmRhOWNmTmk0dkRNVjdJRlgvQmQ1ZVZKQ21scFFxL1cxST0iLCJtYWMiOiI1ODExNTQyOWNhYTNjZjY2Mjk2Y2JmZDE1NTQ3YjBkODIzYmQ2Yzg4MDVlYjRhZDc4N2JlMjdlYjdiYzRjZTM4In0=', 'eyJpdiI6Imhrb2xkOC9JUDQ2S0Q3S1JpSDArMEE9PSIsInZhbHVlIjoiWTZJNXNidWIrT3ZJcHpqcVFSWERYOUJ2dUFVbENVVklCcW9pWmlBQUlkZDQ1bTRxcDVIL3QrWml6SS80SWdoKyIsIm1hYyI6ImM5Y2Q1MmI0YWUxNjNiM2QyNjljZDRhMGMyZTEzNWMxMDE2NmM1MmNjYWE1YWFiNGIyOWE2ODljNjQzOTZjNzkifQ==', 'eyJpdiI6IndOVEtKTUdmaE1zeStlNUx1Tk9VSXc9PSIsInZhbHVlIjoicGtva0xWa0sxV1pWc1pwazFic0s3TEd3SitYVnVPL0w3YWdROVJRWmtudz0iLCJtYWMiOiJjM2FjMzkzYjg1NmI5YTI4MmY0YjIzZjViNmUyMzRmZWEwMWNmNDU0ZTk5N2NhYzA1ZDliYjMyYzdjNDAwNWM3In0=', '2020-08-07 02:41:45', '2020-08-07 02:41:45'),
	(21, 'eyJpdiI6InQrK3YxUmR0UG15VzR0RllIZWRRa2c9PSIsInZhbHVlIjoiTEQ0RHJwN2pJdTRSSllFVGx5bmdYdz09IiwibWFjIjoiYWRjMTkzMzUxYjczZTY4YTZiYjQ3Y2NhMmRjYzdhYzUxMmVjMWYzNTExZWNmMmNhNzE2Y2IzNDkxZWNlN2NlZCJ9', 'eyJpdiI6IlBuYnE2QUhwcm9XRGYvM3MxaytZZWc9PSIsInZhbHVlIjoidXRIRUFGUnUwcG1uaEhyRkcrNFJtMWNESHFlbVpIYUhuK2MxYkd0cjVmbz0iLCJtYWMiOiI3ZGQzMmU5Yzk3ZGU3ZTI5OTQwM2Y2NDFhNjQyZDBiYmQ1MmYwYzk4YzkzN2JjYzkyNDNmZjc3NTgwMjYwZGUzIn0=', 'eyJpdiI6Im5nM0VLQWZ0N3N4UmtlUkdqeWJYblE9PSIsInZhbHVlIjoiRitwU1lYbXJzd25EOG04VzRJcHE5UW5jaXkrMnhUWm42WXZJU3EyOVMzOHhGcjBjalFHU0dZd1lhMnRqS09PSkpUdFpjUW41RHk2T1ZHN1NCTEdrVjVhZVFyMFB0bjhOamxEZVkyaWNBTlE9IiwibWFjIjoiYmZmMTE0MGMzZGMxMTJmZWFiZWY0M2Y5ZTFjMGY2YzkxNGMxOGNmMTMyNzY1ZTc3NGMxOTdlODUyNWU4M2EzYyJ9', 'eyJpdiI6Inc0ZzFhY0ZOQXVtOEdZQldyb0RLekE9PSIsInZhbHVlIjoiMzhuYm03NHl3MEZ0NzZqN1UzMHlQUT09IiwibWFjIjoiZDY0OTYyMWQxZjg1Zjg0YzE3YjIwZGNkYzJlYWFhNTYwMGFkYTA1MDYyOTZkYmNlM2NkYjhiZjlkNDg0Y2E1OSJ9', '2020-08-07 02:41:50', '2020-08-07 02:41:50'),
	(22, 'eyJpdiI6IlhXVlExeitxbE1Md1pTUUNZeFRETVE9PSIsInZhbHVlIjoieHowbm03TFBVYy9mU3BYdUtKdFBuZz09IiwibWFjIjoiY2NhMDM5NDVkNTFkNzk3NWViNTY5ZmI1YmM2ZGI5NzhhM2FiZTU3NWFkY2U2YTliZDc1NDRiMmI4Mjc2MDFlMCJ9', 'eyJpdiI6Inh6RVdGRG5INHozMWg1cEJuVjhaN2c9PSIsInZhbHVlIjoicmhjQ2drS0t1UFZsSG91MmFvNzRidXMwKytORWFmR21CK1FYa1ZqWkpFWT0iLCJtYWMiOiJmNmJjNzA5OTMwMDNhOGQxMzQzZTE5M2M3ODM4YjRkOWE1MWJmZWJjZjlhYTM5YzRlOTMyZmQ3NjQ3ZDJmM2IwIn0=', 'eyJpdiI6ImExSGVyYnljZXhTRzAvVkc3Y3ltS1E9PSIsInZhbHVlIjoiRU83cG9paG9CM1ZLb2pqTmtzY2VWOTMxMzBhUDBDeDhCbGNPV1R1R1FYam56cjN0aW9ZcyswOWc1MTJKWm5ydWt6Y3lpZGZGbk1qaDl3SWVMcHh2SEdVN0Y1VnU0ZUV1T3VSNmk5TGtvN0E9IiwibWFjIjoiMzI3ZjFlZTExNzIzMTNhNDZmOTYxZWU1NjI2YTdiYTgzMGNhYzZiMzI2Yzc1M2RjNWUzOTQ0NmI4OTI4ODQ2ZCJ9', 'eyJpdiI6IlRXdHJYUXdleDRwY1NsRURaT2t4RlE9PSIsInZhbHVlIjoiK05TRHp3Z1hEUS80Z0JjbUlwcHdzQT09IiwibWFjIjoiZGY3ZmFmYzVhM2JmMzdjNzA2MGEwYTQwOTU1MTQ0YjNjZGMyNjgxM2UxOGEwYTdjMGY5OTk1NzhkN2QzMDgxYiJ9', '2020-08-07 02:41:52', '2020-08-07 02:41:52'),
	(23, 'eyJpdiI6InFaZWJGSzZDRGdMakF3bytTVHBsK1E9PSIsInZhbHVlIjoicmltNmt3bi9wWEF6MjlwR1BpdVlvUT09IiwibWFjIjoiMDgyMTYyNTMxNmQzMDdiZDMyMjljOTNkYWI5YzI0Y2E5YmI1MGIzNzZiODk5OGM4MTI3MzZhZTc1YzhiZjgyMiJ9', 'eyJpdiI6IkpnNVpZVjRHMDRVOUVqZ0ZzaHVUNUE9PSIsInZhbHVlIjoieFIyTEV6R2x3bFpvbDQxenJuRnVxRUt5Y3pVS1l0Z3R2bytHWXByQkRCdz0iLCJtYWMiOiJiMmI2NjA5MjZiNzRhZmFlZDM2ZWI3YmQwOTQzZjhhNzc3MGYxNzdkMzAxZDUzY2IyYWJmMDY2NjMyMjQzOWVmIn0=', 'eyJpdiI6ImR5OUFsVSsxQ3RYcHFxc3Q1MW0wTEE9PSIsInZhbHVlIjoiUUVuVnBHVTZGQkN2ODhjMjdjeWpnUGNiajZVRzMwdUVwUWZCZ2pZZU9PU3B3enQwa2U4dzZBb0RWT0ROY1FnSjErVy9lcXBacDdLR2pubnBwQ1cvTUNYT25Ma3ZrVW80bVErM2dBVzlDODNZSXVaZkhKUFpMMzltdUN1bUpPbzIiLCJtYWMiOiI5NDBlMzc1MjgyZDkyYTc3NTlmMGM3NDNhODczY2Y4NWMzZDRmYWI5ODNjMDFmYzlmODg2ZDgzNmEzMTVkNjU4In0=', 'eyJpdiI6ImhlN0pzelNXWWtNZ284QTZnbDFpRWc9PSIsInZhbHVlIjoiUnllTGNoQXVYWHhoVWhjN1drVDN3Zz09IiwibWFjIjoiNDU5OWFjYjIxZTM0ZDQyNWNlYzdhNDM2MTJlMmI3ZDIyYThhNTNkNDJjNDU4M2I4NjUxMGI5NGIyNDhiOTQ2MyJ9', '2020-08-07 02:41:53', '2020-08-07 02:41:53'),
	(24, 'eyJpdiI6InJyemJ2WVVnMjdabTMzejRXOGlKUUE9PSIsInZhbHVlIjoiaHpPYzNabFc5Wmh5aXg2OE9UUVZYdz09IiwibWFjIjoiNWY1NWI0MWE1NzgzNTM5ZTc4MjI3N2Q2Mzk2NDU3NzBhMGJhMjNkMzA5ZjUyMjRjNjZiNzZlZTkyNzY4MzA1NCJ9', 'eyJpdiI6IjVQSmJobHo4emJRNE55UHNBL0krZGc9PSIsInZhbHVlIjoiWXY1VityM3hvcEREWGs0YTZwNUZhTEZTd2ZRM2tTM1BvdHF2K2VjekZGaz0iLCJtYWMiOiIxMWQxMjRlNzQwMTc4NWIwYWU1ZGJhMDJmZWYwMTUxYWY2ZTlmNzMxOWI2Yjk4MDBiZmM3NWU2Mzk0MDNjYTkwIn0=', 'eyJpdiI6IjRxNkR4d3NLNTBmY3dmSUx3TmhvYnc9PSIsInZhbHVlIjoic2M4T2haNVRYQzU4ellZNW1FRERUWGNBbkovS01NRWNDNXFrS05UR01aaUthZ2wxMWtCMm5LMDhSdUc1NzVxalVib0Y5ejBkYWxtQUJ5V0luMXFtK1paQ1JMVmhnRmlyaGd2OHFGMmhMUkk9IiwibWFjIjoiMTdkYzljMGQyYWQxMDJlNGFiZGNhZGRjOGY5NzZkODFjNzliMmE5YzM0NjdhMGFjYmJmMjAxZWQ2NWNmYjhhMiJ9', 'eyJpdiI6IkZwckFrVmdKcmQxNllrWFk4cVF4cFE9PSIsInZhbHVlIjoiY0t2QWdWMjk2NVFlbTBrM0pGa3lGdz09IiwibWFjIjoiMGViNDc5NzM5YWFmYWYzMGE0OTlkNGI0YmVhZGJhZmUzMTNhMWNmMzdkNGE2ODAyYWJhYmYzNWQyZDQ1N2I1NyJ9', '2020-08-07 02:41:54', '2020-08-07 02:41:54'),
	(25, 'eyJpdiI6ImczbWpXMHNRbHVXQkJ3bWMzbVJDOVE9PSIsInZhbHVlIjoiZFo4dnZ3U2pBM3BIaXBFWlY2VE5zQT09IiwibWFjIjoiZTNhMjBhNWQ3NjkwZGE5MmM4ZmNmODI5MTc3NjA1MDc0ZGZlNjE1NmE1ZDBlNTI3NWI4NThlNGI0MDkzNDQ2NCJ9', 'eyJpdiI6ImNEYUFZOENlTGZYemJwMXhvRDg4b0E9PSIsInZhbHVlIjoiUGhvMTNkTk91eTJCS3JMeFB1TlpmbURMSGRya054bC9EcXR0NXRhYTRvMD0iLCJtYWMiOiIwYTUxNjk2ZjliNzQ5MDk1MmE5Zjk1NjA5MjUxYThiMDMzNmRlOTQ4OGU3MTk4OGM5NjY4YmNjZjE4OWIwOTI1In0=', 'eyJpdiI6IjZxV2JPMVBVcDdYazFoVDBrWkpkcXc9PSIsInZhbHVlIjoiVGZ3V1NRT0dKNTNhZFZJUnZzamc1MENwanNVd1hyeFJVaXJLRitkL1pqcTF6anNwdmxqaW80UHZqTWM1Szk3SHlmYlp3blFCaEUrdnJCNGFmU2hETlVKZDhhNGl0MmFaSEY3NWZrV09OMEU9IiwibWFjIjoiMmJiNDU4OTAxMzhlYTUzMmJlYTVkMTlmMDEzMTUwYTk1ZDQ5MmQyMmZkNTY4YmQ1MzE5OGFjYTdkMzM0N2U1OSJ9', 'eyJpdiI6IitsQ0J2L0J4YUp0U2dsZWtaMUp0YVE9PSIsInZhbHVlIjoiN2pIOVhDWGpUL1BBRVlrdi8xUWt0UT09IiwibWFjIjoiZjYxNWYwZTYwOGY5ZDYwZmM1Nzk3OTE5MzcwYTE5ZTE0ZWI2ZmExZGM2MGU0NjEwZmU4NWMyZmQ4OTczY2Y4OSJ9', '2020-08-07 02:41:54', '2020-08-07 02:41:54'),
	(26, 'eyJpdiI6IlZ5YVZxOHpVRTZ2UXFjejB0QnFHYnc9PSIsInZhbHVlIjoidDZMRFVHc3lINEdGNlJvN2xEWC81QT09IiwibWFjIjoiMjg2ODY2ZDQzOTYwY2E3YWI1MWUwM2ZiMWZjMTVhYTJlZTJmMzNmMDJmMTk5MDc3YTIyMDhkNTYzYTE5M2YzMCJ9', 'eyJpdiI6Iks2bkRiWjFvZ2YrUXhxNjhSc0E5V2c9PSIsInZhbHVlIjoieHArbjZjcnpLOG45NC9rS2duYkxEMUlyWXA5ZmpWQXFCMkErWmR5ZVArbz0iLCJtYWMiOiIzNjBmMjU4YWUxNmYxNmRlZGFhMmU1MjM5OTI2MTI4OThiODBlZGRhYmM1YjQ0YjkwMTNlM2M1N2ZhODcxNjRiIn0=', 'eyJpdiI6InpvVWRZWE9pTExpNWtSdU5XNWVVdXc9PSIsInZhbHVlIjoiMWwvR0pSUllyRWtlUDVqTHhEOStxeGdyN25XdDdBL3l2cURHcWRsQzRrSkZuOGRpanhLczI0eElJb0ZUK2toRGllNUh3N2NvZWdyK3pML09USDRRSU5VWVlhUjFjS1I5WnY1d2lEUGtpdXNzQ1BMcUpRMWZlSXJpNStVeVRERDciLCJtYWMiOiJiYTgxMDYwYTVmYjIzYmE1NzI3OTg0MmU5Mzk3MTYzNmNkZjhmYjlmNTNiMDFhYTVlNDIzMmUzNTZiMWFiZGQ2In0=', 'eyJpdiI6IlQ1eE5pUVJJZytMMXlOa0ZsRVZGcFE9PSIsInZhbHVlIjoiRWM1NEpQRXUrYkdrcTZ1dEJqc09wQT09IiwibWFjIjoiNDgwMDA4ODJhOTA1MmQ1MWIwMjM3MzU5MTgzZjc1YTFkMmY1ODY5MDI5OTZmNTkwNmIxMzM0NjFmZTBmM2NkNiJ9', '2020-08-07 02:41:55', '2020-08-07 02:41:55'),
	(27, 'eyJpdiI6IjhkOHA0MjBzdlJuM2F6ZThDYUhTVlE9PSIsInZhbHVlIjoiVmRvTFg1TnhhczVVYUdvazJLdGk1dz09IiwibWFjIjoiN2M1NTk5NTBmMDY4ZTM3NjJjM2I3NDYzMGIwMTFhNDM3NTkyZDc0MGQxZjI1YzBhNDIzNjg5N2U0NGJkZGUwYyJ9', 'eyJpdiI6IkFMU2x4YWEwZUh1QkMxUGVjbzNWRlE9PSIsInZhbHVlIjoibUllNEQ4K2RyMWRadnROUHhDQVJjL0VYeHZRazMySUVHc09KeURHWTlraz0iLCJtYWMiOiIzOTZiNWQ0ODFkNWZjYmZmZTFjZTM1M2UwOGZmZGQ4MGQyY2FhNzEwODJhYTM2OWJjZjAwZmE5NjFhZWQxYWRmIn0=', 'eyJpdiI6IkZkNUNlNktqaXFFNkplODE2S0VIZ3c9PSIsInZhbHVlIjoiVkRSSTE2R3hQMEhCQ2M5K3J4azFxWVhiVk0wMHlZazY2ZmRXeEJiZThJZUpmTGNiRnRkRS8wYnMrdCtJR1liM0RBOWI1QytZT1R4MUNreGVYamUzaXVDcEF4cWpVYjNYNUtjMS8rTWdRK3c9IiwibWFjIjoiOTAxMGQ0MTQzMzAwNzAzODYyMTBiMzI3OGQ4MjFhNGFkOTJmZGE2OWQ2ZTRlMjg0MDY3OGNmMzkzMTA3MDExZiJ9', 'eyJpdiI6IkpMODZ0Tkg3WHF5bURmRnBwR1NpVnc9PSIsInZhbHVlIjoieXdhbUZtd3ZsTkNpZTh5TVFYMHZ4QT09IiwibWFjIjoiNmEzZTI1YTRhNWE2NTFiMmY3ODA5NGYyZTM1NWI3ZWVkMWYwMDViZGIwMjk1YTQ3MDEwMzkxYzAyMTZhNzk0ZSJ9', '2020-08-07 02:41:56', '2020-08-07 02:41:56'),
	(28, 'eyJpdiI6InVrdStiQit5YzQxYXNNbG5vSmhMSFE9PSIsInZhbHVlIjoiRytQdGlQVWEzUWt5Z3EzNVJadTQvdz09IiwibWFjIjoiMjU1OGRjZmU5NWQ1YjZlMThhMTA1MDM1MzBmMTU5ODc0ODRlZDMxZDQyMzI5ZmY4NTQ4NzY5OWUyYWM3MDBjZSJ9', 'eyJpdiI6ImhLNWFYbUs2Zzd0Y00ySGpYQW4vK1E9PSIsInZhbHVlIjoiNC9MWlpTT1krMlkvT1RDQ2VjZERkUnJXbXJHNjltYkw2S0NmRXZlNnBaOD0iLCJtYWMiOiIwMzg2YjliMGZlMDM5OWIyY2Q3ODlkZjdkNGU2NDJmN2ViZjhjM2U0Y2NjNzkzNTA3NGRkYjRmMTRmZDA0MWY2In0=', 'eyJpdiI6InBYWVdVSmRZU3d0SmRxQ3ZSWDVOc3c9PSIsInZhbHVlIjoic0xvWEtBOWp6N28xUmxzWXE4UWpMZzQzZ2Yram0wakFvN2VRdm5GTjZMSUtIb2hyMHJCWWJVanQ4Unl1dWsydW1wY2xyVnRJMWFCTmhNMHBsbWhla1c5Q2lIOHZhd29aVWJRN3NIc2d2Tkk9IiwibWFjIjoiODA0ZDhkNGY3NWVkNzk3NGRmNTZiMjQyYzgzZmIxN2IxOGMzODNiZTI3Y2ZmNTQ4YzYxNWQ5ZWQ4Mzk0YTI3MiJ9', 'eyJpdiI6IlBLNkV2bU4zWWdpaTcyY3RFak1KTGc9PSIsInZhbHVlIjoiYU55YlcrK09jWU53eTNWQXRENEJSZz09IiwibWFjIjoiZDgxMzdmZTY0NjMwZGVkNzgwYjk2Yzk3YzYyOTk5NmJjNDJjZDMyNWQzNTA4MWRlNzA0MjM1NmVhYTRkZTFmNyJ9', '2020-08-07 02:42:04', '2020-08-07 02:42:04'),
	(29, 'eyJpdiI6Inl1RG9URjQxVmxaOEtUWTVmSlBRenc9PSIsInZhbHVlIjoiVlAzV0dST2hFaGxXbS9TalRtdkl3UT09IiwibWFjIjoiZGY2ODk4YWNkZGUwYTVmMTBhNmVlNzIwOTU4MDMyMzMxYzYwMWY1ZTVjMDhlNGE5OGIwNDBhODgyNTcyMWY0MyJ9', 'eyJpdiI6Ikx3Vkl3TEZ2Wm53MjgreVlqODVFR3c9PSIsInZhbHVlIjoiRFhvM3Awb0IrbEtGS0FHYllmc3Q0MEN4T1NNU29zVWt3M1k3ZG9kVWdROD0iLCJtYWMiOiJiMzRmMzViZDIwNzJjNTU1YmM5YjI4NWQzZmRlOGU1NDBmMjdkMjI2MWZmMjg4NWJhOGIzYzE1MWQ2ZTM4ZDU1In0=', 'eyJpdiI6IitqVzdLakdiaUZORUorRTY1Mm9KdHc9PSIsInZhbHVlIjoiSnM0M2VJenRWTUtKQmoyNE5xUmllemY3TXA5dkt3SlZ5TmhZMGllUGNQeWJvRzNNc3BNRTBPc21BVVhTNWtRdSIsIm1hYyI6IjI2YWFkYTFjNjJmY2Q5MGFkNmVhMGRhOTFkNzZiYmJlZmYyMzRhOTMxYTE0NDA5Y2U2ODI3MjY5YTIzNzg5M2IifQ==', 'eyJpdiI6ImJ5bG5ZSHhkR2RLN014ZlZOSlo1dFE9PSIsInZhbHVlIjoiNXpJTkdUcFk0dU5vMkIyNXdndSthdz09IiwibWFjIjoiNDhkOGNlYTYxMzRhOTUyNTJkM2YxZWFjOWRiODRmM2NiZjRiYTU2NjBlZjcyZTk5MDc5MGQ2YmI0NDNlMDMyMyJ9', '2020-08-07 02:42:05', '2020-08-07 02:42:05'),
	(30, 'eyJpdiI6IkRXVGVyZVVYR1BXNk9LbTdxTVFmeFE9PSIsInZhbHVlIjoiQXFMZXBjcTFzMWkvQlpzSDJYMnpHZz09IiwibWFjIjoiNjNkYjlmNDhhMmM3MmJiYzhjMDNlMzE4NWUxYWJhNzNmYWJjNDA2MWEwMzYyZTRhNmMwOWM5ZDMwMDlhNTBjOCJ9', 'eyJpdiI6IllXeWhNenVGd0hEc242YmVHaFZKS3c9PSIsInZhbHVlIjoiQUlTS2R6ZUtoU1pBakZsQkR3QkZoT1NDQyt4UTAvdXpjRm44ckVnNlRzMD0iLCJtYWMiOiJkYmI3MzBlNGY3YzEyZDExM2Q1OWIzZjI3ZDZhZTY3M2M4YWJkY2MyZTg3NzcxNTY4NjI0ZTI4MjVmYWFkNzI4In0=', 'eyJpdiI6ImdGWTFvSzRmcTVxZ1A4dTYwTzZpYkE9PSIsInZhbHVlIjoiczJJTnNuZzJqcC9jVUZKZFdjNHdNWDZ4Um1XekVhb1d1VGJlNisvcWJjem1aajhtdFFNaE1mMXZLbWFGa1lCR09uRVNRbG5ZSlJ1b1RmK0xzdUVYNG81MU9XZjBtZ1d4Z3VGRDZVNEptelk9IiwibWFjIjoiYzBmM2FjMzZkZDYwNjhhOTNiMmVjZDhmYzFlYmU2NDNjNWUzMWZjNTA3MGYzYmI0YzRlNDdjMDg4YWZmZmRjMSJ9', 'eyJpdiI6Iml6dUQ1Y1lqWk1YVkRGaVR5aGdpTVE9PSIsInZhbHVlIjoibHZjTFU1MnFHYnRGbURCeXdpVlA3Zz09IiwibWFjIjoiOWU4NTAzMWNhMzcxNjIwY2U3MWFjNmQzOGM3ZWRkNGNiOWU1ZTgyM2JhNzJlMDcwMWE5YzlmZWM2NmFiNjgzYSJ9', '2020-08-07 02:42:06', '2020-08-07 02:42:06'),
	(31, 'eyJpdiI6ImlvT3F4NHVOUzcrSm5UUHdWWVdJc2c9PSIsInZhbHVlIjoid0g1UnFGSFRqY05uSm00ZHJYa0JJUT09IiwibWFjIjoiMjJjYjBiMDFlZTAwYzdjM2RiODBjYjA3MTc3NTJjODZlYTQwNDRjYTY1OWU2NzkzODcwMTI1ZmU5MDI2MDhlYiJ9', 'eyJpdiI6IjFCQmNTczN5RnlFYkF4a0V3VkhvaEE9PSIsInZhbHVlIjoiWTJRQnlVNXRucFBocmVyTTcxYmpCcGlmZlZYVVl5dXMxQkRBUUJ2SUxzbz0iLCJtYWMiOiI2OWQ1MWU3MGNjZDU1NWFlYmJlYTMwYzllOWRmYmI5ZjNmMTUyOWMyZTgyNmI1NjA0NGRmMzhmZTQ0NTZhMTUyIn0=', 'eyJpdiI6IkhubmpKSEZ1MExvNmlpNkM3QkVsNFE9PSIsInZhbHVlIjoiVXM4UERXenBwc0Q3cWxJNkNVakFMT0VJZVBndWVRNW9EVVBtUlpveXRpdVNGVEZNQ0oxRHEva0FUWDJRL3dwUUt4MmRicW9LT3VJMW5iMkFua09XdERsb0Z1c2FZMFJnUG5mWHM5SytvVXh0aW04UU5RZ3RHNEEybUk2SDNteUoiLCJtYWMiOiJhYWU1NzkxYjg0NGFlMjY1NTRkMWIzNTBhYjE0ZjMzYTg1MjNmZTA2NTNhNDFlODU5MzhjOTU5ZjVkYjQzNWYwIn0=', 'eyJpdiI6Im9VOVV3b1VMQVFqcEk5N3MvWmFHVlE9PSIsInZhbHVlIjoiQVF2ajllQlJJTzd6bDBsbTFPbmFJdz09IiwibWFjIjoiZjUwOGIyNGUzNmJjZGUxNThiYjE5MDg1YTZkNTE5N2E2YWI3MTE3MzViYjc5N2QzODA3MWVlNTg0MTI2NzU1YyJ9', '2020-08-07 02:42:06', '2020-08-07 02:42:06'),
	(32, 'eyJpdiI6IjZKSVIzZ3ZXVFZJRHFSNUtIeUUrM1E9PSIsInZhbHVlIjoiUWZURkd6Rk00VjJramxYOXE1cForZz09IiwibWFjIjoiZThkMjUxNjQ4ZWM4MTllMTE1MDJmNzNlYTc4NjM0N2I1MDFjMDU2YjQyOGI3YWUyOWNmMmViMTQzNzg0YzFlZSJ9', 'eyJpdiI6IlhOanU4dmhUNU5kVTloMnp6WmdHc1E9PSIsInZhbHVlIjoiT1RIcmdjeWJjSG5WSDBJMEVkeE1McldmaysxKy9RdXNOZVdBaFd5cTR4az0iLCJtYWMiOiI2ZjIyMTU5YWU5NTQ2ZTU4YWMxMTYxNDIwNTg0ZjdhOTNjNzliMTM3ZTM5MTJlNTAwYjQ4YWNkYzIwYjhkNDU3In0=', 'eyJpdiI6InFUVUQwYUZ0UWVRMjh6NHhhdWV4Qnc9PSIsInZhbHVlIjoiUU44QVNKQVFjYzNMZ2pIYzNwOGg1UmtIdWdFdFFqVGF0eVBZeGh2N0QxOTI3RnZKSXFhbmZBVTFZaGJydnU5MmNSSjVqM21mdUt4eWxIOWQ2bXlyUnRONlFZb1ZOL0k2a2JwK1FYNXo2SnM9IiwibWFjIjoiNjc2OTlkNDEyMzMyNTBhMGE0OTEyMGY3ZGEyYzc4MjBkZDdlM2Q4OWIwOTRhNTk1Zjg1MjliNTQ3YzhhNTc0ZiJ9', 'eyJpdiI6Ijc0YjlUYkVZZmtrY1k0MGg2S3o1NVE9PSIsInZhbHVlIjoiLzluVkVVM05ZRE5RMzRMdjZrencwZz09IiwibWFjIjoiODI3YTkxMDZlY2ExMzE4NjMyMDAwODM5YjYzMDJjMzdmNTFlMDFjOThmNDI0MGRhMGY0OTJhY2Y1ZDMxZmExZiJ9', '2020-08-07 02:42:11', '2020-08-07 02:42:11'),
	(33, 'eyJpdiI6IlJYM2lSV2VvMVhYVVhaenJnN1hDSmc9PSIsInZhbHVlIjoiMENrT2lKTHNMekloYk9Bd05rZEZPZz09IiwibWFjIjoiNjEwZDk1Y2UxOTg5OGNhODJmY2YzYTI5ZmY1ZGNjZmNjMjk3ZWViMGVhNzRkNjY1Mjc5MjMxZTg4NDljYjRiYyJ9', 'eyJpdiI6Im9vaFJMSUZhcWowMEZsclRZc0Z2L2c9PSIsInZhbHVlIjoiSWZ1NDBnRm10U2JkTHpkb1BHcDl6cTZKWU9MZC9Kb2lIMklHbCtsVEZYTT0iLCJtYWMiOiIwODExYzkxYTg5NzlkZjRjY2MzNDNjY2RiMDI1NDgxYmY0ZmQ1MDcyMzNhN2UzOGFkZDRiMDU4MzA0NjM3OGM2In0=', 'eyJpdiI6Ik05T1VuZW1QQTZ0aXhRTzViaFRRT2c9PSIsInZhbHVlIjoiVFo3UW4wMGVSbWF3dlZZcWVqZlFoZVBrZzhmQ21td1czUXMxeE1jLzJhc0xBOG9DazZ6MnR1MWx5bTBqQnVWMiIsIm1hYyI6IjVhYmMzODcxZDdkNWVhMjQ1OTk1OTczOTczMjNjNjljYTE0OGFiNzI5YTFlYzBiNTRhZjNlMGM1MGY3MDQ2N2UifQ==', 'eyJpdiI6ImhoUDloOTlYQ2tEeWloalFOZ213VUE9PSIsInZhbHVlIjoiMjJ1VnEwZ2R3cXZseUhOcG5TSnM2QT09IiwibWFjIjoiMzllYTlmYWY5ZjQwODM3ZGMxZjhlNDk2N2NiZWRhMDliZDY4YWM1NTI4MmNiMDI0ZDZhNmQzNGZkMzA0NzI3MiJ9', '2020-08-07 02:42:12', '2020-08-07 02:42:12'),
	(34, 'eyJpdiI6Ijd4eVZpOHVlb2Rkek52OXlML25xY0E9PSIsInZhbHVlIjoiSTc1ZVVzemtkUEE2N1A5VGo3bnV6UT09IiwibWFjIjoiNmU2YWIzODM3YWE1ZGY3ZjVkM2FjOTBhNWVlNDg0NGFmMTg4ZmY0NjhjOWU2MDQ2N2M1YmFiMDFjMGJhYTI3YSJ9', 'eyJpdiI6IjhtN1FwTGtkdEw1eU1YekxsY01EaVE9PSIsInZhbHVlIjoiN1QrSERXbk44ZTh0SW1uRlpDVVNIbm1LeUdpUGQyY1NVb2hGYVkxeDZSMD0iLCJtYWMiOiIxMzE4OGY0YzVjNDE0ZDI0NmJiNTE5MjA4ZDUyZTFhMWFhMDA3MDMxOTQwMmU5Yjc1MTYzNGE4ZDQwNWVkZjQ5In0=', 'eyJpdiI6IkVTU0NPNnd1UTRXdHZGbmJwYkdmZFE9PSIsInZhbHVlIjoiU3BuNjBSeEx5MUQwT1FsVnlOa2g0L1RlWGRMTEMweXJQQTFIdlJZU2dINSthR3ZtRHJRcHBhOVhXR0hwS3pzZlpWaVRENjcxcHZaeXV6cEp1djMzemh3c25tdXdiQ3R6SUk1UWkvWTRNblE9IiwibWFjIjoiMTdmMmYwNGQyZWRlZjNmNDEyNWE0YjIzYmY1NTE0YmI4ODg1MjI1MzQyMzNhMTVmOTAzNDU0ZDAzNDM1ODEwNiJ9', 'eyJpdiI6Ink5WVUrTmZaM05aNjNMT3QzanR6SGc9PSIsInZhbHVlIjoiWjNLV0NiUVVTbVBTZlhKMWhEWkJzdz09IiwibWFjIjoiMjE0MmFjMjU4Yzk3ZTFmMWJhZmRiMDQzMmMxYzgzZjM4MTY2YWNiOGRlMzVjNDM2NWVkZGMwYzQ0NTdiNTJkZiJ9', '2020-08-07 02:42:13', '2020-08-07 02:42:13'),
	(35, 'eyJpdiI6Ikp4b2dTOEFjK2R0cVVSUFdnSE5XK2c9PSIsInZhbHVlIjoiWDFwNDlUeUtxbGI4TnM3RVJSanVzdz09IiwibWFjIjoiYmE3OTRlNmU2YzZhODhiMjQyYmI1MWZlNTk4ZTk0YjI0YWM2MDUwZWIwYWE4MTgyOTA4MTMxMTU3MjZjODUzYSJ9', 'eyJpdiI6IklzMktXL0NOcVhDbFFrdWg3L3ZERmc9PSIsInZhbHVlIjoiZE1qdmVFT24yNWRFelBCNkNlaGtKRXFZS2RSYXVhekltalpXcDUvRVZEaz0iLCJtYWMiOiJmMmFjN2E5NDM0MzBkMzY1ZDc4Mzk4NWExMzViZDk0MjAwNjg2MDExOGVkOTZkOTBkNGU3MDJkODEzOGY1OGIxIn0=', 'eyJpdiI6IjZHM0NDRUpBQXp3dXhCMFZNRERON2c9PSIsInZhbHVlIjoiT3l2bFJ5STVTOWZIMTMzQU90eGdPNFJNNnBuZVBWMUJVaTZtUzF2MjJpcFQxczZzRGh3bGJ1K2FUcWRkVk1oS3pjZXVjdmk3WENWeHcrRFR2VjNNNnU4ems2SUxPUWtHenlacEZRSTRvY2RYRHNxQ3RJOW9aallyMytTbVhVUUsiLCJtYWMiOiI1NzFlODJiYWI0NzJjYWVjZDFiOGQzNWUxZTYwMGM0MmYxYTQzNjQzNjVlM2Q0NzQ3MjIwMzYzMThjNGJjNTg0In0=', 'eyJpdiI6Ik00Q0NHWVYwSC9VaytzUE1oTkdPS2c9PSIsInZhbHVlIjoiaGd3QWxQbEFJazV1cUtyU3hON2JQdz09IiwibWFjIjoiYmQ1ZjJjZmM1OTkxM2NlZmZjYjUzMWUwMTZiNzJlMGVlMzM2MTg2YTI2NWRjMDEzZjZlM2ZmNzJiOWNlNWY1OCJ9', '2020-08-07 02:42:14', '2020-08-07 02:42:14'),
	(36, 'eyJpdiI6InRFRU9obUpORVNKVjFuQ3l2U01nL1E9PSIsInZhbHVlIjoiNE9XR1N6V094QjVNOVdyZGthY2JoQT09IiwibWFjIjoiYzEyZDM5OGVmNDFkNDNjY2YyNDA5YzU2ODBlNDY1ZjRhMjIxYmM1MDJiZjgxMzBhMzM5OTZiMWE5MTg3OGJhNyJ9', 'eyJpdiI6Im5wMVk5ekx3TXg0MG10SGdrNCtiMlE9PSIsInZhbHVlIjoiUzNjV0xrSHdkdk53MlVIVnkvc3o4Z2N3YlVmOHdleWZjeUZjVHQ5UkI3bz0iLCJtYWMiOiIwOGIxZWVhZjU4MmZkYjFkMWE0ZmE3NDQ5MGQ0M2VlMTNkNTljODJkOTU1ZTMxYjZkYjA5MTBmZmRlOThmN2JkIn0=', 'eyJpdiI6IkRxZWJvdkxpMkdvVUJmc09rWE04ZGc9PSIsInZhbHVlIjoicEVlZlVXS2dZZmpoN3Y5aVBtQ0tPbXVVUW1wb2MvOEIvb0t0c1hxRXdrZmtSK3hJOHVNRm9TR0tFV0NYMzJxOFE1bTlNbElJVkovVmVQVm9lK1ZtWVV4cE1Pa2lTeHJodnZtY3JtOWpwWW89IiwibWFjIjoiZTQxZGFlYzdjYzE3N2M3ZDA5YzE2MjAzYTRjMWVjOWIzYzZiOTVkMjBhYzc5ZDM2ZjNlMWYyYzc1OGQ5YTI0NCJ9', 'eyJpdiI6InBBNUpDVXlVSi9McitCRXpyd3dBVUE9PSIsInZhbHVlIjoiUkVHWFZSRWZxLzV4N3MwTmhZbE8rUT09IiwibWFjIjoiNDM0OTgyNzFjYWMwYzg2MGY4MGI3MzA2MTJhNjc3MjI5YTEwMDMwZDg5ODQ1NzBhZjFiZDZkNWIzNmYyMDdiMyJ9', '2020-08-07 02:42:15', '2020-08-07 02:42:15'),
	(37, 'eyJpdiI6InBVLzJHS1ZKdzM1WGJNMUk4b1FsTVE9PSIsInZhbHVlIjoib2l3VzZmRHFBODZUVlFqbklBZ2YrZz09IiwibWFjIjoiNjdkYjE3NGFhYTFkYWRkNGI4MjQ4ZjY4OTQzMjljZDRhNzJmNWM4NjA2ZmY2MjgwMjlhNGEyMzViODBmZDkzZiJ9', 'eyJpdiI6InY3azZENVBXRXlRczdOSUZ3MTNqbHc9PSIsInZhbHVlIjoiZVB3WFgzTnFLU3pzRmFOb3YyR21KVWQwSnVid1JYeVNRWGpBL0tVU2Rkaz0iLCJtYWMiOiJjZjBmMDczZGViMWJiY2RiY2JiY2IxNzdmYTc5OTZkMmRiNTQ1YzRiNTA5MTUwNTg0YzZlYjgwMTEwZjdhNjhmIn0=', 'eyJpdiI6IjNlM3B3TXhjNzVPMGtKNk5xZHBHMXc9PSIsInZhbHVlIjoiY0dZeGN0MWQ5RzBoRmcxS1pPa3VVSnlFNXRCQ1l6bXRuV1VBMVgvRW5QYjJqS2FCQUFvQnI1aE1WdW5xcjM4MTcxdGRDKzRjL1BYS0FRbXhRRHgrZlJHOTB0OEpJZFREbXgyV3BpN3JrVm1CTFRDY0x6VkJZN0pSc3BOeHB1aFYiLCJtYWMiOiIyZDNjNThhNGMzOGQzODRiMzljYjExMGYxOWU0ZjJmYzdkOWFlZjc2YWNmNzU5NDJkNGEyMmYyYTc2ZjAyZWVmIn0=', 'eyJpdiI6IitQYWxXbzlPaUt4WW1ZQUJIYytmRkE9PSIsInZhbHVlIjoid2ROM2M5dERIZXZabitBL0NrRHBoUT09IiwibWFjIjoiMmIzMmFkMzEyYWQwYTgzZjRhM2ZhMDlmMGQ3NzYxNTY3NjIwOTFiZmNjYmNiNWYyZTU4NGY5YzdkNmFiMzU0MCJ9', '2020-08-07 02:42:16', '2020-08-07 02:42:16'),
	(38, 'eyJpdiI6Ik5kYTAyQnFla2FFNzhqTDB0cVNkcUE9PSIsInZhbHVlIjoialVKelBUVk9OV3FFdDQ2NXFEY1QrZz09IiwibWFjIjoiODZmOGU3OTFkN2MwNmJiNzBmMTlhZDNkMjEzMjExNDBiNjI0ZTdhMTZmNTIyMGVjNjU0YzYxNDM5ZTU0YTY2MSJ9', 'eyJpdiI6Ijd6N1JkVXBlbmhBVCtFcDBNN1BiQnc9PSIsInZhbHVlIjoia3d4SGZTUVROT0doYWJmVENLNjY5TDZtWjBtL0ZLMmdidFZPZ3VsZUt4UT0iLCJtYWMiOiJjYzc4ODUyNTQxZjkwMzRiYzI3MTlhNjUzNzRkNmYwODQ5Njk2ZWIyOTA5YzQyYzAzY2JkZjdlYTY4MDdhZGU1In0=', 'eyJpdiI6IlpsazB5bWxMcDQ1OHRzRlZWU2NkQmc9PSIsInZhbHVlIjoiQm5KVzc1T2I3NmMyN3l2c3ZWMkI1ekNwTjYrS2JXUUpPMUZBU3kyT3lMSi9Od2JibGRXcHg3OFUwcEpLbEhkN0dmczl6L0EvK2hycmUra3ZiQnJvTVFmeEFHWk9CeHp5ZUh1MG5uS0pHcmc9IiwibWFjIjoiODJjZWFlZGQyODViNjJkYWU4YjJkM2U5NWM0YTg3MTEwNTc2ZDhiNTdjMmU1MTU3NzIxOWI3ZWJkNDliM2Y5MCJ9', 'eyJpdiI6ImJzY3JadVQ3ejljaHo4T0Z2QXRqT3c9PSIsInZhbHVlIjoiY0MvOG1UbzhqWVpweXpUaHRaWXlzdz09IiwibWFjIjoiYWYzZGUwYWQ1Zjg0OGNmZTM0ZTg2OTg0MzJhY2UxMzVmZDA4NTJhMmQzY2VhYWUxNzAxNjc3MjJiMTNiYzRhOSJ9', '2020-08-07 02:42:40', '2020-08-07 02:42:40'),
	(39, 'eyJpdiI6InJHYlRlNGhmN0hlWXFZcjhZVHFzNEE9PSIsInZhbHVlIjoiVW5rWkNYK3YzZEVMVXFaUDRKaHpTdz09IiwibWFjIjoiZDBhNWQ2YjI2Zjg3MGFlYTBhM2M4MGMxYjhjNmU1MDI2YmQwYTNlOTU5Njk3YzI3YzU2MDc3NzkxYjcwYmU0MiJ9', 'eyJpdiI6IjhyZytFTldkbERYemhCR1V0K0tNZnc9PSIsInZhbHVlIjoia1o1cEV2MmNVdW1OV1Y3cTNLY3hWUWU3UjJQZjZUUFM0cGRxbGtYNnRtWT0iLCJtYWMiOiIzOGRmYWQwYWEyNTNiNDU1YjM3MmY1NGVlN2M5ZGZlYmU4NTExYzA2YzUzMWQ4NThjZjliYzBkZmIyNzE1ZTUzIn0=', 'eyJpdiI6ImtxblFFcjdBOEcyd0MwV0ZrMkxMenc9PSIsInZhbHVlIjoiNzE3U2l5N3hlRkd4QUFsSFBvbWRybkoyUytrcTJKcGpCT3cxY0pBT1gvd0pmTXg5RDNTTUV6T3pLVFRvQ3ZFYmhFTS9lOUxCUXhtM0JyYW1ZS2plTGNFcGFVc2VpZWNueld3WmpOWDM5bkk9IiwibWFjIjoiNDgyZjdlMDgyNmYxZjlkNmFhMTRhZTU2MmE2YmFjMTg0NjYyZGQ4NjVjZTVkZDc0YTI1Nzc2NDk1YzliOTMzNSJ9', 'eyJpdiI6InVjUlgxd3A5VDJnS3ZiSGtLZUd1WkE9PSIsInZhbHVlIjoiY2ZnbzFuRlpDaytyUkFHUG95ZW1lUT09IiwibWFjIjoiMjExZWIzMmQzMWEzZjE0OWUzMWQ1MDljNWY1ZjAwMGNmYzUwMjliNzRhYmM5NWQyMGIxNmEzZWZkOGVkNTE5ZSJ9', '2020-08-07 02:42:42', '2020-08-07 02:42:42'),
	(40, 'eyJpdiI6IlZDcmkzaEgzeW5KL3NzRTRxaDUyY1E9PSIsInZhbHVlIjoiTVZtcDV5cjB5dmdWVG9GRmJUcUFqZz09IiwibWFjIjoiNjMyZjQ5NzUyMTVhZGU4YWVhZDcxNWRiNDliYzJiNjFkM2JjMTk2MzY1ZjNmNzkxMzg3YzA1NDQyYTM4MDJjYyJ9', 'eyJpdiI6InUyaDJ6bDJhU2JLcVk2MlR3RzBNN1E9PSIsInZhbHVlIjoicWlFSkFtZjJmVWlJNHU0dVNtQkVsSXlmbVNtaTNpTjFPdzMxeVZiY016MD0iLCJtYWMiOiI4ZTk5OGM1Yzk3YWU1NjkwZTBmZTU4YzI3OGM1NWI0NmU5Njg4MTg5Njg0ZGU4YmUyMzZkMjY3NjEyNzg0NTgwIn0=', 'eyJpdiI6Imp3ZkQyT1hrSWc4SUNxTXBoQ0EvZGc9PSIsInZhbHVlIjoiM3BSOHEya3lkVDVLTG5jUFN0b0U0M0lmK05BRGxtOEpReHdWODB4MEtYc3Bqc2RnQXQrZXBsSjd2alN6SWhQeG5QMTZJZkplODR5OFdIVklBczNaSlpuV2NmSnlzcXg0VlFmalowWUNoQU9nMWN3QUF6ZHBOUDR5UGFRVThQS0IiLCJtYWMiOiIyMGRhMGU3YWI2Y2U2NThkZTZjZmNjYjhlMmI0OGNmOTUzZDUxMzBjM2JhMmJmM2VlOTEzZWFlNWMxZjQyZWJmIn0=', 'eyJpdiI6ImVXdVlpNHhPQ1R1SWdDVjZscHd1Y3c9PSIsInZhbHVlIjoiK1FVVEJ0N3JQZVRYcXNDYloxUk4yQT09IiwibWFjIjoiMDQ0MGI4NDgwY2VlZTc0ODQyZjMwNTc4ZDg5ZWUwMGJjODllMzAzODIzNGRmNjU5MTEyNTgxMGU1NzExZjk3ZCJ9', '2020-08-07 02:42:43', '2020-08-07 02:42:43'),
	(41, 'eyJpdiI6IkcxZ21Cd2RRUm54Q0kydWltMURNTFE9PSIsInZhbHVlIjoiRU9xcFd4Y3FURVNmcGVtL3pzVVpsdz09IiwibWFjIjoiODM4OTVjYjQwZGQyZDFjMDM3Y2I4ZTIwNGIxNWExNzFmYzEyOTY3YjllYzJiMWJhOWFmMWYxNTQwZjlkZjViYyJ9', 'eyJpdiI6Im1QbDhHWk5lSElFamVLZ0tOY1Y1dmc9PSIsInZhbHVlIjoibVpBUUF6cTB0TUZjKzYwQ0k0QWFITExDWmFLSExQcjk0QStRYUFsUlBkVT0iLCJtYWMiOiJiY2I3YjIwZmYyNzNlNmYwNjI1N2M1NWFkODJlM2U2OGQwZDhiNzg2OWI2YWJhYTkxNjVjM2NkZGM4YWM3NTk1In0=', 'eyJpdiI6Iks2bFRBNFNKTDcvWEZJMGpsN28vd0E9PSIsInZhbHVlIjoiL3FJbktRQnhOeTV2am9KUlJCQWNEQjBESzVRWmpiQllxanJXZ3JtMWJBWDhycFNnU1FiV0VhVjE0YTZaWGxCdHpWa25ESGRiOUxFaUUxb0ZVL1MydHJDZDhHQTNIR0NPY0JsbmJ3SnNWTVE9IiwibWFjIjoiOGRmZTFjMDlhNjI4OTFiYmJmMjg0YTdjZjE4NTQyOTg2MGUyODI3YmJmMWIzZmVjOTllMTIwNDUzZTMxZGIxNSJ9', 'eyJpdiI6IjFORW9oSHZSQXRXYVAzU010Z0lOQVE9PSIsInZhbHVlIjoieDl4QW5MSUdIcCt4YlpGUXMxR3dvZz09IiwibWFjIjoiOWI4NGU3ZjBlNDY1OGYyOTBlZDI5ODA0NTNkMjliZmI0YWY2ZDA5YmQ3ZmQzOWNiYjg5ZmY3NDI5NWZlNmE2MyJ9', '2020-08-07 02:42:43', '2020-08-07 02:42:43'),
	(42, 'eyJpdiI6InFpeVV1aXkxL1A5RHVUeWZNWVFYWmc9PSIsInZhbHVlIjoiYjBybi9naTlXMnJvaysrVXVrYWkxQT09IiwibWFjIjoiNGJkN2ViOGJhZDFjMmVhOTUwNmM0MTIyNjhkZWEzYmQ2NGY4MWI5YWE0YzIwMjZmYTA5YWNiZGU5MTAxYmZjYSJ9', 'eyJpdiI6InlPaVFhaWM0Q0U1VFZYdjFVNkFHZ3c9PSIsInZhbHVlIjoiN0Y0NGdQbjl2M2hreDloTWErRVdqcjc4eW9PN293bkZkSXJFczJ1RVN6az0iLCJtYWMiOiIwOGQ1MjEzMTVlMGY5MTdlMmZmMjNlZGNiZWYxMGIyNThiMDg1ODc2MzRjNzYyMGZmNTQwY2M5YWVjMTBmZDA1In0=', 'eyJpdiI6IjY2aGh2SG93SXhacVFMS2xZam1reHc9PSIsInZhbHVlIjoibW5JWk9WeUtFU2wrRHZtT21QR2NtbW1ZUGdPeGl4eUNyWlRBczd2MGJveUlNUklzZnlxQ3NRVVVlNGl4WHBMblE0a3lZa2NYWStDWXNuRG5NdzZtVWRqeDBoTnRCMUhmNXViTTlnVGdya1E9IiwibWFjIjoiM2YxODhlOTJkOWQwYmI0M2IyZDJhYTE2YTIyYzNhZjk0YzcyMjE3NDRhYTJjM2NhMjkyNzk0MzEyZjMxM2VlNSJ9', 'eyJpdiI6IjkyZmxBUnRZNlhTZ1NiK3VRSEJOclE9PSIsInZhbHVlIjoiTWg1dzRhcVUxUjVyTEgyYnhYRnNPZz09IiwibWFjIjoiNGVlY2FkYTAyYzhmZjRmNzBkNWMzYjdjZjdiYzJhMTk4MjIxZjE1MTkxODRiMzgzZGNjOWIxODE2OWM1NjhhMyJ9', '2020-08-07 02:42:44', '2020-08-07 02:42:44'),
	(43, 'eyJpdiI6IlJGN0dFU3U0ZVcyNTZuZTlYdUErMFE9PSIsInZhbHVlIjoieXEzdW43enJIRFdoZWRXb21IbEdPQT09IiwibWFjIjoiYzI1YmIwYjk1MmJiZmFkM2Q5OWNlMWE3YmYxNTQ4MWRkMGE3OWM0ODNkZTEyNmU4Y2E1ZjM3ZmQ2Nzc5MWJlYiJ9', 'eyJpdiI6IkZXdUNmWkZxR2E4czhGNldIYlpwYWc9PSIsInZhbHVlIjoiRk1OM1Uyd09mZU92cjZ2YytUZDN5c0syQzFxRGlLRzN2RTJIcjhaejF5WT0iLCJtYWMiOiIyYWQ0ZjVmZmQyYTdiOGM4OTRjNTcxNmI1YTk0MWRmMmU5MDY4NTlmZDlhYzU2MDM3NGRmODllZjRkMTNlNWRiIn0=', 'eyJpdiI6ImsvV094dzlRMDVIRTM0U1ozZytHMWc9PSIsInZhbHVlIjoiKzhCRnlqQk1idVVDUUUwZUNybkNoSlFCU3Y5NCtYQWNmKzJnQ1lCRkprYWJ3UVU4clBjTkJPd1VyT1VnTXhGSmh3cFhpcSs3RkE5cXIxZXdXakFwQ2dPTzVoYXVjVEVpVHJvSjVLbk5DdTMwSVdtWVRwVlZmRVdVMUQxUmtQVkciLCJtYWMiOiI1YjRlODU0MDRhYzhkZmE1OTYwMjhkYzI2MjM3OWMzNTcxNDBlNDNhMTY2NDRkOTMwMjAzOGJlZWE0NzhlMzllIn0=', 'eyJpdiI6IjJRZWFOa2M4cHRjM1RXeFgwOGp2WVE9PSIsInZhbHVlIjoiV1VKdCtqR1BWZFRBd0lNbTZwNEY1UT09IiwibWFjIjoiMWNkOTYzNDc5NTdhNGJjZWMyZmI2MmI4Zjc4OWIyYzE0ZGRmOTEwYTMxNThiYzM4NTdhOWZiZDA2MWYyM2M0ZCJ9', '2020-08-07 02:42:45', '2020-08-07 02:42:45'),
	(44, 'eyJpdiI6IkRoTUkrYUU3eExjK1VRLzVTOWk2VWc9PSIsInZhbHVlIjoiSHlNL3BLYnI0N25rZU5vN3ZZdDRWUT09IiwibWFjIjoiNDI3NjMyMjNlNmI0Nzg4ZDYwMTEzMjBhYjVkMDg3MzI4MjYyNWQ4ODYyZGRmMjAxZWI2NTFkNzJhYzM5NmVlYyJ9', 'eyJpdiI6InNpK240cm90N0FJajdZT0p6eUdXTUE9PSIsInZhbHVlIjoiV1lOVnVxOEcybXVsU3pIQ3dVWFdRbkZTT2xqTkord3FKSXlpVjdaWGI4RT0iLCJtYWMiOiI4Yzc5NWFjNDI4ZTNiYzljNDNhYzg1ZDlkYzUyZDFhMGMwMGMzZDRlYjRkOTBmNzVjM2EwZDE4YTU3NTMyYWQzIn0=', 'eyJpdiI6IlJmbXluZEw4b3orNjVjSzNIVFFuU0E9PSIsInZhbHVlIjoiRTZ4MGpGazZBTEZqajhtOTJZZkJLQWVYbXQxcU9CdS92ZEZXMi9lZ0hTb1ZkRUI5NjNWam1JR1BYK0ZELzFSRXpVTmVta0N5aVpRZEROaW1lcWxIVGg3aWtvNCtNYjg3QytGRFVLd2d0bmc9IiwibWFjIjoiYzVhMWIzODZkMGI1ZTJmOWNjZDU5NWVhNjcyNjA1ZWRhNmVlMTgxODgxYmRmZWJiZWE2ZTBiMzVmMjc4NGFmZSJ9', 'eyJpdiI6IitodXJ2cXRxUzJabGNDdVkrMTg0eWc9PSIsInZhbHVlIjoiSTVtRFZ6N1JsNzI1VXBLck9UbXozUT09IiwibWFjIjoiNDFiYzVkOTc1YWIwOTM4M2RlODUwY2ZlYjUwMjcwNjAxMmNmZjFhZGI3ODgyNTMwNmQ0N2RiZTg5M2QyOTA0MCJ9', '2020-08-07 02:42:45', '2020-08-07 02:42:45'),
	(45, 'eyJpdiI6IkYxV3Z1eHZyOVd0ckN6OXowOEo3RkE9PSIsInZhbHVlIjoiNU1hT0FoNHQzU25MYi9YM3JoMUptUT09IiwibWFjIjoiMDIzZDdhMTI2MjZjZDhkOTI3ZWJmNGY1ZDFmMzAzZDQ0ZmVhMDU0ZmIwMGYxZThiOGM2MWM5MjdmNDBkYjFkYSJ9', 'eyJpdiI6IkV6amtxRG14RXVlSW90RlRkMmowcUE9PSIsInZhbHVlIjoiVCtQUVl5NGpVeTNLelRSUElwNm13QVpKYklQbE02QW85cGJVaVVNZjg1TT0iLCJtYWMiOiIxZWUxZDYzZWJkOWRkNjU5ZWMxNzYxMzUzYmViMzI5MzlhNDQzN2FjMGY0MTU5NWI0NzE0ZGY4YmMxNjEyMjVkIn0=', 'eyJpdiI6IkYzbFlNVmIyTFpkb0xyTTRRcEpabXc9PSIsInZhbHVlIjoicnVuN1MyWE5ubHQwTHY2bkl4Q2pPb3B0WUROSHdzSW84Kzh1eGRjREpBVlhjRTNkNUE0dkRpekNNbXJVOG5sSSIsIm1hYyI6Ijc3OWFhZWRlY2IwMjg2Nzg2OGM5ODllOGE0ZTQ0MDcwOGE0ZGQzMTNmYjNiNjQ3ODI1M2YxNDA5NWEyOGY0Y2QifQ==', 'eyJpdiI6IlJUUmliV1c5QXFPOEliUFA2blc2OWc9PSIsInZhbHVlIjoiVlhuVUJFVG5nU0VFd210KzZMblU2TEZKeGJvVllDTlJDNXJ4Q0YyWGdTVjZEMTRaUklQdG9QRm1EMGpRUGk1QWJidEJOb2JNVllnTmUwRFhkRkpkNkcrV2NQK01IS2JHc3dBMGNiN1Qwb01PVm5qWCsvMlpmekNXcTZXZEY1RUs4b2NMaDZ0UHIrdHYwemZ6Z3JsS3gzWkcxYXA3N21QQWJMcUo0MmZsVUx3YW43MG9NSTNHdnlJMC9Ba0xsZmREUCtuSGFHSmxZdytJcUVPTHUwN2dkbzdwbWhjOFgrZjg0VGN0MGZXOFl3VT0iLCJtYWMiOiJlOWZmMjhiMWEwZTNhNjc5NTYwOTg0NzViNzgxOTYzZjk0ZjgyNThiMDQzZWZhOTY0NDA1MTU5OTViNmI5OGMwIn0=', '2020-08-07 02:46:05', '2020-08-07 02:46:05'),
	(46, 'eyJpdiI6IjFnTXZJU2l0K2dRVGNZd0N3Unlqcmc9PSIsInZhbHVlIjoiR0ViT3MxNVdEQS84KzdUeVlBWG4xdz09IiwibWFjIjoiYTg1YzI0ZmQ0YjIyMmE0NGFhYTNiOGMyODhlOTQ4M2IxNjZlYzc2N2JmNWJmMzYyYTk0NjA5ZGY2N2MwZTI1NCJ9', 'eyJpdiI6InFBYTlobVNiNjdjVVE2QkdnQXlKUVE9PSIsInZhbHVlIjoielAyZHI0cmYyeGtVN1JKbGVqZ0puWFQ5NGxFQ1VINlhZdG85eVArd05YND0iLCJtYWMiOiI4OTFjNDM1MjdmNDgzNGIxNmQ3Njc4MjM2MjI3OWQ1NzkxNTYzYmM3YzEzOWJkNjgzNWRmMzdlMWYzZjEwMzlmIn0=', 'eyJpdiI6Ilg3czRBNForV2QzSHIxM05zdVVDZUE9PSIsInZhbHVlIjoiUTFTOHlOaUNMSzhMY2VtL1N2U09rZFNLQmFiei9kdTBqYnBlamI3bytmZnhuVzVDSjkzMm5Tc0U0U3p0TmZWOGJhL1UyWE5TclJXTkhkdGhXWVdQTXNYUHowcnlKWmtIYzBwejFWUStkQ009IiwibWFjIjoiYTU0MGI0MWFhMzYyYjBlYjFhMzgwYWNlOGIxOTE3MjNmYThmYzc2Zjc1NmM1MDM5YmViZjQzZmY3NjdkNmYwMyJ9', 'eyJpdiI6ImFITG5YWXJscFo1T2Z4WFNRQTRleEE9PSIsInZhbHVlIjoiWjZnQWV6djNKNVdYMGxYbjZqUjNQUT09IiwibWFjIjoiYmY0M2E3YWJjZWNjODI0MjFlYTE0Mzg5N2EzNzMxMjQxYWViNzE0NmIwODI2NjQ5NGVmOTc2NTJkNWRjYzdiZiJ9', '2020-08-07 02:46:33', '2020-08-07 02:46:33'),
	(47, 'eyJpdiI6IllTU1B4TVlINXpWaTVwaGRlMVVwWFE9PSIsInZhbHVlIjoiUDdQaUxKbXZkSUVnamswY0Rudng1UT09IiwibWFjIjoiMzhjOTE4NzhkNjQ5ZmQyMzY0ODY0MzBmMzEzODZkMzRhZmVhYzlkMjA0MjA2ZWU5Y2U0MjdmNDY3YTYwNzg0MSJ9', 'eyJpdiI6IldkU2RzaTFreWx0OGloNTJkOVM0b2c9PSIsInZhbHVlIjoiUkIrUkJwSmsycDF1aHYyMG1iYkxuQXhEQmhHa1lhSk1DaGt1a0NIbHNWdz0iLCJtYWMiOiI0ZjlkY2NmNTA4NWE1OWUyMTc2ODliNGQ5MTA2NjkwZjA4OTBkOWRlZGVmOTk0NmFjMmYxNDYxOTYyMmZkYzU0In0=', 'eyJpdiI6IndVYWo2R2ZYL1BjaDhtbm1qbUo0Y2c9PSIsInZhbHVlIjoiSWJaYzBlN001elBQbk9XQlVLRnJsbHdta0FocHQ2RlM5elZFZTdJWS8rOTZtNUJsWUJaZ3paREpmUUlGa2NvM2czaDFSQkZNNmE4eXRXVjUySzluZGErV254dVVBSlA3WC8rODgyNWtBSDg9IiwibWFjIjoiYzE0YzY3ZDRjNTMzYWYxMWQ4YjBjNGI5NDUwMjliYmY1NjMwZjQxNjhlOWU5YzdjZjU0YTc2YTdiOTY2M2NlNiJ9', 'eyJpdiI6IjA4d1ZkL2t6ZmdWcXZkT0h0c3VlV1E9PSIsInZhbHVlIjoiQ05pRFFaQS93SmlMWG05bzJpR0pkdz09IiwibWFjIjoiNGI0YTk2NTBkZDU1NjAxYTY4Mzk5YTM5YTM2N2RjNjNlOWRkNjNmMzg2NTJmOTViZGUwNmQ3ZDEwNGEwMjg0ZSJ9', '2020-08-07 02:46:36', '2020-08-07 02:46:36'),
	(48, 'eyJpdiI6InR2ckZyU0pUL05RSU1WS2J4bHNXd0E9PSIsInZhbHVlIjoiaEFrRWpIRWh3a0dhUlJkUkxsbFBJZz09IiwibWFjIjoiZjY4ZTI3NDY5NTU0YmZjNTgxMTBiYTcyODZkYjI5YzIwMWZhYTI0NGUyMzlmZmQxYWMwNDhiZWNmMWI0ZWVhZCJ9', 'eyJpdiI6IkllSzRwUHJpbHFmWmhCR2dqRUJNb2c9PSIsInZhbHVlIjoiNXcyc2poN2RxOXdSQVJTZ3N5VGdEMjhnK0QwUkhUNmtoeHhUZzduc3VsMD0iLCJtYWMiOiI5M2I0ZTU0NWQ5ZWJhOTMzNzQ1NTg5NTFiOGZiMDVmZjgxYjI0NzA1Y2I2NzExMTQzYzVhMjAzM2VhZmU5YTI2In0=', 'eyJpdiI6InJhWTdqbWF1QXpFajAybjJxZ1daOGc9PSIsInZhbHVlIjoib1lLUEMrR3VaUnYzaSthZHFkTHNsQkFrdEJlQ2VTMEtYTDluQXhhbFYvdW5ZOGhJcXBzZjJaZk41ZzVqTjFzM1lRVWxpYTYrcTE2aHFLS0R2YmhGRi9UQXEwYlVnSTFIbFljbTdYc1hkOVpwUzVVbkgrdVpLMVhMaC93ZTNOekgiLCJtYWMiOiI0ZmFiZGYzNDJmZmQ1MzBiYzE4MmM3NTNkOTIzMDIzNTA5YThkNGFjNjA1YWUwMzdmZmQ5YjY1ZmFlMWExMDNkIn0=', 'eyJpdiI6IkN5Vi93M1FJR20xcktaeEdzZTQ3cVE9PSIsInZhbHVlIjoiZXRMSVpYek41dEg1dHIzMW02L2NKdz09IiwibWFjIjoiMDg1ZTdiOTU3ZWZmYzNhZTUzMmE2ZjA0MjkwODk2YjFhM2YzY2NmNThlYjhlYjQzZmNjNTVlODRmMDhjZmZjMCJ9', '2020-08-07 02:46:37', '2020-08-07 02:46:37'),
	(49, 'eyJpdiI6Imp6ZlNDbUJheWFHZEhYTHowSnBmd0E9PSIsInZhbHVlIjoiWWhRQkNmWFJJWVJHWEdUTnNEZDF2UT09IiwibWFjIjoiODUwYzUyZmIwZjI5OGUwOTI2Yzc4OTQ0YzM5MmZiYTc5ZmVmMzE0MTkwODdlMzA4OTQ1MTg5ZDc2NTE4ODQxNyJ9', 'eyJpdiI6InFaWFdoS2k0WjQrRVVxbFNHVEJNOEE9PSIsInZhbHVlIjoid2R4Nld4WktrczN1ZGd1STZkMUFjcGlOcngrVkQ4V1JEcHhFcmx4RVk0WT0iLCJtYWMiOiI0OTY2N2Q1ODE5NmRjMmE2MTczNWEwODVkOGRmODk2ZDk2M2Y4MTRlOTUwZDI5ODQ0YTRmZTI0YjY4NjVkMzdlIn0=', 'eyJpdiI6IldSR0N1ZHFsZ2Vaci91Umw2R0ZaN1E9PSIsInZhbHVlIjoiS0pTZWxLVlNTbE5vOE1TaGRLT1Yrcy9tV1htS1NLWUV5NkVOR2dyanpRMFVrZXExNXc0SEFWY3Jjc0hTd0ZkWnZycXhJQ0pQSlllbEtITXZTVmVzYVdOVDhCUzhESlM0K2FNMmJnYXBYOFk9IiwibWFjIjoiZGRmZmY4NDJhNTBhYzIxOTYzY2FkMWM0Y2I3OTVmOTNmMTdjMjE0NzUzNGYwNTA1NWUzMWZjMmQzOTJhNzlhYyJ9', 'eyJpdiI6IkZUdTM3bDBTT1BHRHhLSGs1dWhTaEE9PSIsInZhbHVlIjoiUEtzS0tldHZxaEtyS1NtaHVSYnRyZz09IiwibWFjIjoiMzgzZDJmOTFlOThmMjQyNDRjNGYzNWIxYTg2ZTY5NWU2NWRhMGU4ZTY0ODkyNDdhOGYxNjExZTM4NGU0YWJhYiJ9', '2020-08-07 02:46:37', '2020-08-07 02:46:37'),
	(50, 'eyJpdiI6InV1L21jaEZQY3ozMVpVVWpSSUxPL0E9PSIsInZhbHVlIjoiZTJwYTdYc3BOWXh4VWJNNlU1NVJaZz09IiwibWFjIjoiY2FlYTgyMDIyNWU0MjQyYjY4NjFjY2MyMTFhNjAyMzVkZDZmMjQ1NDg1NjdiMmYzM2VlMWFjYTAzMTU4ZWFlNyJ9', 'eyJpdiI6IlpnRThFbUlpU0RBMTNxdWl2dFFUOVE9PSIsInZhbHVlIjoicE10d2E3cHdrR1hOV3Nsckw0WVBnU2hjZTU3QTJGTTVkbndZZ041T1ZCMD0iLCJtYWMiOiIzYjgxY2I1OWQ3NzI1MDQ2ZmIzNjEwMmFlN2RhMWEyYTk2OWZlYWM5NTNkNzk4NWFiNGE4MDFiZTdkNjQzNzhhIn0=', 'eyJpdiI6InNoODd0Z0RsUS9KOElLYkZ1NlFmVEE9PSIsInZhbHVlIjoiSnV6M3NZcDkxQkNvZDNZeDFveHYrOFRmY0VPT1BxOStCUWsyZTkyaXp0NFBWS0pjU0lobXZoNlowYlRKRjcxNFg4T1NxaUQ1Z2h1RHV6THZYY2NIUFMvbmR3MDdVZDAyK0xkekYwWGxBMG89IiwibWFjIjoiZjgzOTJiM2UzMjQ3Zjg0NWNmZDUzNDJiOGFiODNmYzNiYWI1OTVhNTdjN2MyNWQwMzM3MTAxNDdjMTQ3NWY3ZCJ9', 'eyJpdiI6ImwvS2pOTGdwaGhpdTZGRFVjWi9TSGc9PSIsInZhbHVlIjoiNFc0WnIxRldlK2dLNWUwNGxOWEdtdz09IiwibWFjIjoiYTM4MmFiYTNlNzI2NDgyYTRhZWUzNGMxNGMwMjhiNjkyZDM4ZWUyMDdlMWU2YzBmNTQ1MjlmZjZjOTdlODc3NSJ9', '2020-08-07 02:46:38', '2020-08-07 02:46:38'),
	(51, 'eyJpdiI6IlYvRXNlTUNNZXRGWnhHLzBTMDE0cnc9PSIsInZhbHVlIjoidlZPV1RuVHhtWFJFYnlicEo1Y0lSZz09IiwibWFjIjoiYTljZWUyYmI1MjdmMDU5NGU5MzgyNDUzNzM3NTYyZGIxMzgyMGM4YjRhMmIyYzJjZGUwMGU4YzM4MjA3YWRkZiJ9', 'eyJpdiI6IllSSVRjM0ZmbHkwR0FEb3pSU1hmN0E9PSIsInZhbHVlIjoiT3l1dndkUmpoVEVjN3VGdHFRZXY4YnppK1hnaEtkMHg5dWFBRktUYTVZbz0iLCJtYWMiOiJlYjdmZDM3MjAyZDdmZmNlNDc0ODZjNjY2MmE5Y2NmNjA1MmU4ZDEwNzRiMTVkYzA5NDgxNDIxYTVjYTk5NjJkIn0=', 'eyJpdiI6IkZFeU5UKzBIUmRrVUdvVTJ4UWpUNFE9PSIsInZhbHVlIjoidWxvSnNMdUR4WDBhNzUvcVdzN3FQNGpya004cEdKcEpSM3JXZUovMFYwYUJvUEU2QVc2d0FiTGo4V0thNll0R0tFRTJXWTNwQURUdEVXM3dRcGFRU2pUakF3V3V4THlYVUNZdDlKQS9oWnB3NjZ1V3hrVktINXF6SXNsSWQwT1IiLCJtYWMiOiJjMTNmMWRjZGM5Y2IxNmRkOThmY2QyMmIwN2IyMTQ5NWUxZmMxNTgyZDU0YzRjZjE5YTIyZTI2ZjQ2YTFmZDQwIn0=', 'eyJpdiI6Inc0U08vbi9mOHpOdUZPRkVweEpsUlE9PSIsInZhbHVlIjoiMitjVExPQmJnS1VDYThpQTdGTlBCZz09IiwibWFjIjoiNDgyOGJlZDU4NDRiOTFiZDQ4NjYwMmQ2ZDcyOTAyYTkyYWVjOWUzZTY0ZTdhNzA4ZTNhNTFiOGY3NjliNDliZCJ9', '2020-08-07 02:46:39', '2020-08-07 02:46:39'),
	(52, 'eyJpdiI6InJhQTZlUXlFaFlIZnA4M285MytGZ1E9PSIsInZhbHVlIjoieU5qd005b2JEODhWYXY1V1NScjFyZz09IiwibWFjIjoiMGRmZjMzMzk0MjU1YThiMDM0ZmNjNmYxZjBjYTAyMjZmNmYzNzZjZGU4MzdhZDAzYWIzY2JhNjFmNWU1NzljYSJ9', 'eyJpdiI6IjNCZjVhbVJUNXAvc3hhdWh5MElycnc9PSIsInZhbHVlIjoiNjFuTFBrRUJKZU1EbC9rY1RGMVFSMDFNNndOQ3lveW1OeVl5OStYS0NoMD0iLCJtYWMiOiIxYWNhZGQ0MjQ4MTkxMDZjM2I0NDAxZjU2ODMxYjkwZGMyOTk1NjZlNmNmMjQxNTdmYjRjYjA3M2RkN2YxNGJlIn0=', 'eyJpdiI6ImRubmhxQUJvdUlsVUdpWjE1V2ZJb3c9PSIsInZhbHVlIjoidFlmNzYzeld1bkJhTDRhZ2JLUzdFbE4rN3g0YVkvL3VCWjNXT0xXdExBaFFLbnhSdmwxZ3RZWmVHQUJxcnFsNExTa0xJdlA2WFI4WFVsd0Jtc3RJdjIzcldhRXowUXRzWUJoalQzanEzMGc9IiwibWFjIjoiZGE0NmI0YjIzYmVjYWJmYzE4NTg2NDZiNzUxYmQ3MDc4ZjE3ZTVjNzlhYjIwZTc3ZDkwNGE5ODk3YWUwYTk5NCJ9', 'eyJpdiI6IjlBVkFDa3YyT3JWVUhjczFXNms4Wnc9PSIsInZhbHVlIjoiYThSWUo5YnJHaGY3M0M2UWVONE53dz09IiwibWFjIjoiNDk1ZWUyNDZhODczYzZhOTA0MjFiYTZiNDE2ZmM0YmFkNDhiMTk3NTBhYjkyMDBlMjVjMDJhOWNiMzI1NDgyOCJ9', '2020-08-07 02:46:40', '2020-08-07 02:46:40'),
	(53, 'eyJpdiI6IlNqRHAyTEt5QlhMVHRwbVZJdENHTEE9PSIsInZhbHVlIjoieThXT1VhcjZzT3BPYkk3VUgxNlZ5dz09IiwibWFjIjoiN2JjY2ExMDE5MWY4MDM4MmVkNDc0MTRjOTJlZTQ5MmU0N2NjYmM2YmZjNzgyMWQ3ODAyZGMxMGJkODhiNGM4OCJ9', 'eyJpdiI6IjRVNjQ0T2FRU2hqeng4aUhTRzViR1E9PSIsInZhbHVlIjoiWnRGS1pndURvK0FreUFXSGdEV2ZEREtUMDgrVWRhdDFsaHlKM3daMmIwaz0iLCJtYWMiOiI1MGYzOWQyZDRjYmJkYzg5NDE5YjE2NzVlZGJkZjQ4OTZlZjc0ZmM1ZmI0YjE3MzI4OTJjYTBhYTgyN2M0NDM4In0=', 'eyJpdiI6InluWTFkYTJzMzZGSDNsUGJGcVJ3eXc9PSIsInZhbHVlIjoiWTJJZ0ZmRnhYRjQ0Rk90MHA5am1IdlVoOUVNT09ScGYvTTN5aHlEZ0d1K0wxRms3c29CcEkxRE1wSDRKWnBaeCIsIm1hYyI6IjU1MDQ0ZWI3MWQyNjViNDBiNGY5ZWI3ZTYxMTRkMjYzNmEwNjllNjQzZWU4OGY3YzFiNmUxOTFmZjdmMDBkZjMifQ==', 'eyJpdiI6IllGMWg5YkN3UE1OTjF4T2ZPMjdnQmc9PSIsInZhbHVlIjoibUozS0NSa2JrQ3c1SXZ4L2NWUVVzWlREVUZaYlRRZ25QNi9FSDNwOGIvMlM2WUZGMnhNM0ZNWVhtdjlzWTEwOFB6emxlQzc3aE9STUVjT1BPMWYrOU52ZjRaSFQ1STh5aUtQNVZ3K3JvVW9lZEJEKzRPQnZiV3ZkNFJYekF0Ymh0UUN6MzJHVUZjdHM2d0R6RFJzWDlrMUJtZ1NKaThqOEtqbmd6THRSQWZORXFLaHVZSUZ2elRwbjdYVVpwUkdtb0N4ZTl3SGNuSmFWdGZ4TUpKSllVaURFSnFZYzBCM0pZcW94ZDJQdGcxOD0iLCJtYWMiOiI1NzQ3MjBhMTRiZDcyYWE5NmQzOTRkZTBjZTEyNjU1ZjAzNzdlZTcyOTE0ZTNhMzkyNjIxMDg3YjU3NWE4NGVlIn0=', '2020-08-07 02:47:16', '2020-08-07 02:47:16'),
	(54, 'eyJpdiI6ImprMThhR1VJODBoSDFvK0ZOaFpOK0E9PSIsInZhbHVlIjoibXo2VG95OVF4WDBDTldzTUh1RXBrQT09IiwibWFjIjoiZTE1M2ZkMWVjOTg5NzVmYzk0MTU0YjAwMzMzNWUxMjk2OThjOTA3ZDAyMzgwNjk2ZjUwNzhmZGMzMjg4ZDZiNyJ9', 'eyJpdiI6IktJUG4reURPZ0ZERjlhWkxtWFNzeXc9PSIsInZhbHVlIjoidDQ5R0ZIdW1HME0wWlZwQzF2R3NtOVdJSjJwZzYwQTZEU0d4SmNDWDlRMD0iLCJtYWMiOiIzNTRlMWRjYjQxZWExYjBmODBiNGY5YTg0NDVjMDc4NGZjOWNiZWRmN2NmMzVlYTEyZDE3MjFiZTBjMjM5ODczIn0=', 'eyJpdiI6Ik1yVjB0L3d4UXhTVXBtTXZuWFordXc9PSIsInZhbHVlIjoiVmRCdCtuSDhzSmJRbmc2M0pzSkpLWlpOYkdmdENROSt6aEFST2d6WlBTSVRZZUNBQWRJZFBrZnRRb3NTZGRNczQvcTQwemc5RkJ1UFBWMVBDUDZicnZoQ2I1MVBXSnNLUkZUSFBlZ0dmQkU9IiwibWFjIjoiMmQzMjNlMmJkNGJjOTNmM2YwMzJmODlmZjhhOTU2ZTk3N2M3OWExYzc3YWE2MjMxNDRjMjc5OTk2NmZmMjVjMCJ9', 'eyJpdiI6IktSYUtnZURlNzFOaTFJMUxjT0FWUFE9PSIsInZhbHVlIjoibVhMTTlCcW1FL0JGUUNtQ21YSkpEUT09IiwibWFjIjoiMjQ3NGNiMzFmN2JlZTNmMWY4ODYzNjI0OWExNjNkYTc2MjdmZjIzYWFlMzkyY2Q3ZjUxNTFmZjM3M2I2NDU2NyJ9', '2020-08-07 02:48:29', '2020-08-07 02:48:29'),
	(55, 'eyJpdiI6InFxUWVZaWY3dVVCN3VwL2xpWmVONFE9PSIsInZhbHVlIjoiQkI5bzduWnZxNjNjTURlMkxWSHJwQT09IiwibWFjIjoiNjBjMGE1NjM1M2UzNTZkZDE0YjY0NmYyZWE2ZmQ3M2VhZjgxYzhmY2YxMDFlZWEzZmIyYjFlMmIyZGU2ZGU5MSJ9', 'eyJpdiI6IlMvWTV6NUNTN3BCQWVUQVFxSFkvc3c9PSIsInZhbHVlIjoiVGhMbE95SGl6YXhpb0FIZGNqZlFOQnhkNW0vMXpnVnlNaFRyazBPQ1ZMQT0iLCJtYWMiOiIzNjNmZGM0MDkyMjMwMzc3OWI3ZTNiNTA0MDcwYTI1ZjljYzIzZjFjYWViNDM5ZjEzZTJhMDRjZTQ5MDgzMGVlIn0=', 'eyJpdiI6InF2Q2lRMEsvN096SFRpa25HcWRRUHc9PSIsInZhbHVlIjoiOVdMUU80RGc1VU9lYlRoeUR4U3Z5bU1KWC9tUkRDbHRiUExYVUtET1I0NVg4Um1VVHRIN0kvWjVxVlIrRzF1SGthVGpCcmZNcC8wNFgwM2QvbThJSXJoZER0MHFCRUZzY1BjRmdWdDA0ZGc9IiwibWFjIjoiOWEzNTk4ZjU4NmI4Yjk1YzVjNmVmZDZlMGFlODAzNTQwMjhjNTZmYzc5MDZlMmY5ZTgyZGFjNjM0MzI3MjA5NyJ9', 'eyJpdiI6IjhqdFZ3ZVUxQkJUZTJKekNvWlY0MUE9PSIsInZhbHVlIjoidFZxMGNhNVhrL1dZN1hLajdEaGYydz09IiwibWFjIjoiN2YxZmFkNTYxMWZlYWY3YTUwNzBjYTNmZTNhNjc5NGY5MDZjYzMxOGVhMmQ3NzU4NDk3MzE0NWI3NWQ5MTRhNSJ9', '2020-08-07 02:48:34', '2020-08-07 02:48:34'),
	(56, 'eyJpdiI6InZQdU53T0Q2RnBKbkFZRTZOK1JuTGc9PSIsInZhbHVlIjoielBJNTdITnZjUlczZ1R4bGJ2M0h6QT09IiwibWFjIjoiZjM2YTRjYmM0YmM0NDRkYmE1YTg0MDhkZGYzNDI2ZDc1OTcxMWI3YTQ3ZTkzMmUwN2I4NGVlNzkzZTJhMjRlMCJ9', 'eyJpdiI6IlBFU2l2WW9CUzh4Q1dRUFh0aXd0d0E9PSIsInZhbHVlIjoiYXlCR3Zjdmx4dE55clVuNS9NbURtaUFqZzNKVHVhN3h4QlpWdklMTEpFTT0iLCJtYWMiOiIzMjRiNGIxMjkyYTJjZmM1ZTVjZThmM2FhNWQwZjY1MDU3MzZiMjUwYzI0ZWI4NzVlYzVhZTczMTY3NjNlNGM2In0=', 'eyJpdiI6ImRsdlJCL051OEkxbWpES3pKODBiR3c9PSIsInZhbHVlIjoiRXJiRjRQWXZ5MUVQczI2cFpFQVFJU1RLZjJZeDFQM0ZKWVpRb1JQekFYalJFcy8xd3gyeDB2YUFaQ1IyV25OMjczaXF6aC9sUS83VXVKNXdGSktOZHBBMkRVbUxVeEpObDNSaGxBVXBEdzcwUmI2QUJaaU1qb2F5M3ZTQnJJQVAiLCJtYWMiOiJjYzU2YmIyMDQ1OWU3MjdlNDlhOGRhZmUzMjc5NTY0ODI5MzAwNjJmZGZjOWExYjdmM2I0N2Q1NDM2MWQxMGViIn0=', 'eyJpdiI6Im84SC91QTc0Y1k5czlvdy9zb2I3WXc9PSIsInZhbHVlIjoiQkpaSlNpZ2hYS1JmTkRQR2RxN2M0UT09IiwibWFjIjoiZmEwMGRjYWY0MDljMDkyODcyNjkxYTc1YjA0ZDY5M2VlYmU4OTA4YTkzY2VhOWQ0YjZlMjRmZWE3ZDc4NmViOCJ9', '2020-08-07 02:48:34', '2020-08-07 02:48:34'),
	(57, 'eyJpdiI6IlJjK25zazdjbENpUGQyQjNLMXZkRkE9PSIsInZhbHVlIjoiRTJDcU5tM3QvUmk5dHRYUjFTVzU4QT09IiwibWFjIjoiMDlmMTY5ZmUwMGVjODEwMmE1NjY3ZTI5YzFiODU4NmEyNzY2Zjk3MGU4NzEzZTU5Yzg4NWU3ZGNjYjM0MmNhNCJ9', 'eyJpdiI6InBrWnd3NEtzSVNEQm8zOTJ4eFYzNHc9PSIsInZhbHVlIjoiRkczenhNTTBOWWdVYUNLZXBWVElQYTM2MFk3QzF3RDlEL2NHTkxDZFh6WT0iLCJtYWMiOiIyNjRiMDAyZWE1Njg1OTcwZjM4ZTA3OGQxNDdiNTQyZTFiMzMwZDdhOTlkODMyNTJjNGEyNjE3NjBjNTg5Y2Y2In0=', 'eyJpdiI6InFIWnF1Ti83bHpDR0s5WHFmbFpzVnc9PSIsInZhbHVlIjoiN2JnekxDbktlbVRCSGJqODF5Ukt5TDFYc1dOVUpNNWt2OVh3OUlQRnZzNHJTMDk4MmlqM2ZrbTdxNVJybHVibjRrSkk5bTFlaklkN2pNRHVhem4rcFR5a2hKTGpOVWRVVmo3bUZQbjlvK2s9IiwibWFjIjoiOTk0ODMxYjk1YTg4ZDI5ZDhmMTIzODY2MTY5ODVjMGY3NjNiZGQyNzAwODA2Mjc4YTk2MTExNzY0M2Q2ZTE0YiJ9', 'eyJpdiI6IkdSVDE4SGg2OUU1MURMWG0yZGdLcmc9PSIsInZhbHVlIjoiS1N5STA0eHpaeHVZTDFUOFNsYWpMZz09IiwibWFjIjoiMTVkN2M2MzgxZWQ2OWRjNTExNGU3NGNiZWMzMDc1MDlmZTFjNWNkMGU5NTEyYmQxZDg1MmRlMDgzYTY4MTQ5YiJ9', '2020-08-07 02:48:35', '2020-08-07 02:48:35'),
	(58, 'eyJpdiI6ImJKUGRZUVE4NlJ5cGlxS0dlZjF6ekE9PSIsInZhbHVlIjoiWFJ3ZFFZYVg0RnBISzhRQTJFWjdGZz09IiwibWFjIjoiYmYzYmYzMDg3NzdkM2Q3ZDk3MjNjMDA1ZDYyMjljNzEzZjNhYTZlYzMxYTIzYjhkYTQ1MzMyZGEyNGU2Mjk4ZCJ9', 'eyJpdiI6IkZ4dHhndnRPa1Bway9BdkNTQzdrM2c9PSIsInZhbHVlIjoib1Z2RHMvRzBRZDdSbmJMT2xoTEtOM0lIWE9aSDFKVzhRWXl5dmV4K3lxOD0iLCJtYWMiOiJiNDQxZWQ5MDQ0NmQyZjc2ODM2NDEyZTFjNTZkMWU2NWU3MmFlMmU2ZDg5ZTc0YWE4YjcyZGM0YjVjNGIyOTVlIn0=', 'eyJpdiI6IlJYY3FYVjZtZlppZVN1bTVrUjlKdVE9PSIsInZhbHVlIjoiKzg5OEZlckVibWxDY0NhU2lsc0h1UlhZVGNHaTBUdysvVDFKRXBuU0dtQlhOaXIzSVZpajZydjRRU0J2WDZSTmVkdEl6d0xaTncrR1I5OXBtZFJoektTZjhPQlZGYVY4SU9aYVlFZ291RnM9IiwibWFjIjoiNmMwZmE0YjVkMTA1OGZkMGZlMTVkMmI5MzUxZjQ0Mzk4NGZlOGVkM2JkZTEzOGIxZDE5M2VjYmFkOGUzMWE0ZSJ9', 'eyJpdiI6IndURmtUTSsvcCttUXBCQ3ZZTmRzQkE9PSIsInZhbHVlIjoiWW94Z2hiYUlXUldCNTBGSFJNaC9EZz09IiwibWFjIjoiMGQ3OWVjYjBjMmZjZGM2ZTJmMzY3YWZkYzQ3MjNiMjBhNWNiYWNhZmEyOWVkZmNiMjllYzNlODVjNjRmZWU2ZCJ9', '2020-08-07 02:48:36', '2020-08-07 02:48:36'),
	(59, 'eyJpdiI6Ik44TXM3cS9rT1BqVWlVZm9uakdacmc9PSIsInZhbHVlIjoiVFZGUk5oSDh2anNzeWovcyt0ZFZNQT09IiwibWFjIjoiNjE1NmVhMjliMWQxZDFkNzk2ODllYTU5NTU3NmEzNzUwZTk5ODZjNjcyYTk3NjVkNTFjOWZkZmE3YTliZmZkNyJ9', 'eyJpdiI6IkNQbEZVT2F0dXo5NUNMWHJaYVNadFE9PSIsInZhbHVlIjoiUSt6dFZZRVlxOGN0b1M5TWg5MTdGaVB6L1hEZDBEUzdDck1IYTF3SGRvaz0iLCJtYWMiOiI1YjdiMTQ2YTY3YjNkNjlmZDFiNWMxZTQzMWI4M2ExMjRlMzNhYTNjY2VhYTEwYzljYjM3OTM1ZTYyZTM5YTNhIn0=', 'eyJpdiI6IkxyNDRvRXhsUkk5NVBBM2NSRFgvcVE9PSIsInZhbHVlIjoib3lpVmU4cUNJTDgvQnlwd0hJcmFadDMydUdrWjI4MkdYbm9oNVIyb2xSbTVNTVIwVStqbUt1dXIvM0xBd1pzSGlwNjVpb0ZlSVhSSlVmWEdEejV4QWFYSm85Z1JFSzNPWWVMZ1RuaGF2U0dTZU8vMnlVZlJHUFEyYmhzcThxdTEiLCJtYWMiOiIzMDEyYmJiNWMzZTE3OGIwNDVmNTFkNDY0M2ZhMGE0NDIxYzYwZmJlOWZjOWIwYTIwNmUwODc5ZGM4MjFmZjU2In0=', 'eyJpdiI6IkcyYnRMTFhIK2NBNUZvWElrT1VDeUE9PSIsInZhbHVlIjoiNVRjVzdxL0xaRE1Oc3d2Q3BLaGp5Zz09IiwibWFjIjoiMDRjNDBiYjlkMjkxNDMyODJjZDE4NWM1ZTA5YzU4ODQ0ZDM3ZWFjY2UxY2E1NmQ3MTBhMTkwMjMxNDMxN2UzZSJ9', '2020-08-07 02:48:37', '2020-08-07 02:48:37'),
	(60, 'eyJpdiI6IkhhRFJ3bkFKNHFTSU9ocDZBUnVUL1E9PSIsInZhbHVlIjoiY2xTODNkdXNBN3I0ZUZGZW5vSTNkdz09IiwibWFjIjoiY2Y5NTk4NzFlZGNlZmVmMGI2NTRmNjg4NjJjNzA4ZTNlOGY0NTNmOTk5NzE1ZTlhM2Y4Yjc4ZTIyODU0YzFlNSJ9', 'eyJpdiI6IllnK2lFZEJWR1JjcFpLWW1XdmF2NUE9PSIsInZhbHVlIjoieWVZdkR5OVVYMGdTMkJ5WWFjMnIvNmJmclJISzE1bHMrMVpBbW9NQXBXZz0iLCJtYWMiOiIyNzI0NjlkNDA5ZDQ3YjliM2I2YmUyMzZlOTRlMzczMDRkNGY5ZjUxZDFjNjEwMGExNWQ5OWRlYzJlY2IxMzc5In0=', 'eyJpdiI6Ijc2ZzdCUFlXUkFGMVFzYzAzM3hudVE9PSIsInZhbHVlIjoid3VIZ2JPYXRwNGxjak1Ta0NSS0JJWkZNRThMQ2xBdWg5dTJ3RlhybnhpdCtlSHBpdDZBQTFqMHdnZkZnbHBBZ0NqdzRtQ3h5Q2NobVFUS1FHSXFYcVVKQWFkMGNvT2NCOHNGRi9GZkRhM1E9IiwibWFjIjoiOTAyZWJhODAzNzgyZDJlNGQzYzJlODJlNmQ5YjZiZWU2YmViYTBkNjc4NjM2MzMwOTA0ZWIzZDk0NmM1M2FjNSJ9', 'eyJpdiI6InpzOTdzc20wR09xV2ZxY1FLZTBaYnc9PSIsInZhbHVlIjoibTNyaDB5MjhLRnBjUnJPM0VCa1VTZz09IiwibWFjIjoiNzgwMzkwZDFlNzAxZmNhNTNkZDE2ODdkYzllYjVlYTk1MzU5ZGZjNzk0YzA4MzdmMWEyN2Y0MGQyNTc3N2EyYyJ9', '2020-08-07 02:48:38', '2020-08-07 02:48:38'),
	(61, 'eyJpdiI6Ik9XcXU5WnE2Ti9UVnhiN2hTZXFsQVE9PSIsInZhbHVlIjoiTDY4NTYzTnBnMUZmQm53Skg4cU1nQT09IiwibWFjIjoiODAzZGZhYjY2YTM2OTU5OTAxOGRkZGM4OGQ2YTcyOTgyM2FjMzRkYzRiMWVlY2FkZjViYzc0MmMwNTUwMTUwNSJ9', 'eyJpdiI6Inh0V09QZUZlc1drazNhUjlFeDFKZ0E9PSIsInZhbHVlIjoibHBGZnA2S1JTTDNmQWhlOVBQR3U1VkNvb1lZV2wvVmpGUkpqREY2OXRHWT0iLCJtYWMiOiI3NzcyNWZiYTQxZmJiZDdlZGVhMzJhODhhZmY1N2Q5YjE4YzJmNGJkODJlNWRiNzM3MDBlNTUxMjJmMjBlZWNiIn0=', 'eyJpdiI6IkdkUWNoN1o5aTlVbEo2cDA1em5pY1E9PSIsInZhbHVlIjoiQkppVjlSektnRXFGdkR5eDhnM2lVWDUyM2ZpZFBVY09DS0pWdFdBSnFhZUtteit5NlJZNkNjbHlTbkpPSW1oSXZzKzZGcmZUSGljUlUxTWVJUEZWYy95eWVaOTEyUllUTTJZd2xuUVNtd3M9IiwibWFjIjoiYzJmOTY3ZTM4ZjVlZTYxOWQ0ZGMxZTE5NmVkYzhlYTI5Nzk4MWVhNjRlNTE1MWVmZmJiMWI3M2NiYjFhMzZiMyJ9', 'eyJpdiI6IlZ0MmJDSWpGZHNDeE1CZ3Z4RWxxZnc9PSIsInZhbHVlIjoieHh5czdiY0hGd1gyNGhzL3pmYitUUT09IiwibWFjIjoiMzI0NzQ4ZTRjODBiMWFjNzhmYTgyOTEzYTdkMWQ2MzNmNzJhZTkzYWMxY2ZmODhjOTA0NmJiYjRhZjI2MWRmNCJ9', '2020-08-07 02:50:53', '2020-08-07 02:50:53'),
	(62, 'eyJpdiI6InphY3VUcWJKVmFTV0diVi85NHFINmc9PSIsInZhbHVlIjoidEk5dzZINzNjYk93aUtCU2huTGZTQT09IiwibWFjIjoiYjg4MjIxMTVlNzk0MmRmNWU4YjhjZjQyYTJmOGJjN2ZkYzcwYjFiMGUwNDhhMmM5NmVmNjc2ZTg0NTEyNTc2MiJ9', 'eyJpdiI6Ii84WnFSNlRaZ29IOWVPcFNIWjVJVVE9PSIsInZhbHVlIjoiVTMvdjRNR3ZlQjk1R0J1QmpMSXovUzFpRk1ybVB4QzBoYko0d0NMcW9VTT0iLCJtYWMiOiJkYWI5OWQwODFjMGUwMDQ1N2NhZmVmMzFiOGIyZmQxZWFkYjBiMGZlMjM2ZDVlZDcwNWI3MTZkMmMxOTFhMTUyIn0=', 'eyJpdiI6IkNLSkJPVE5hOE43dDZobDBZSENxYWc9PSIsInZhbHVlIjoiNklKTS9TSFlFRzNwSlR5ZVlCeVFRN1VETktrTks1NWNzQkFsUU9PYi9xRlFOa2pOcnZmT2FmY1hxTjhVSER5WFRhb29ZL1d4N0tGRi91SmR2WjdYbEFORmR1ZWJrUGpKMWNrNEp4WktWWkk9IiwibWFjIjoiMmU3ZTU0ZTIzNGRhNGUyYWY4YzE2ZGU4MGUxM2U3ZmEwY2I3NzljZDFmNzc4OWY5OTYwOWM4YjQ5NjA4NzNjYSJ9', 'eyJpdiI6IlZEbXpzZGQ5cUNkWU01NDhoeVlWZHc9PSIsInZhbHVlIjoiUGgrdFMzT2RQbmxHUjRVQkdxYjR1Zz09IiwibWFjIjoiODE4YmNhNDNlNDQxZDcyOTEyM2ZkNmM5NzE5MTFhYjljNzRjOGVmODBlZjA0NzgwYWVmZGE4NDZlZDAxODAxMSJ9', '2020-08-07 02:50:56', '2020-08-07 02:50:56'),
	(63, 'eyJpdiI6Imd5czlpWENZSzFNVWhWb0JxSzgxRmc9PSIsInZhbHVlIjoiVGZCUjlXd1gveWtHT2VwaFNzSm4rdz09IiwibWFjIjoiZWFmYTZlYmU2MmZhOGNhMjNlZTg5ZTJjNmI5Mjk0MjYwNmE1NmFhODg5MTI3OGFlZTljNzNmMTUyZWJjNzU4MyJ9', 'eyJpdiI6IjdnR21sN3l4T2JMeU9uZDlSclRsN1E9PSIsInZhbHVlIjoiQmx3SDFzdlgwd0tFeTNtbG9zdW0yVE85QkpVd1hmZkt4bUQ2Z1dsaGVuUT0iLCJtYWMiOiIyODFjN2U1MDE5NWI3MmUxODdkYTNlMTQyNDJiYzA3OTgwYzI4YTI3MDlmNzVkMmQzMWMxNWRkN2E0ZjRiN2VjIn0=', 'eyJpdiI6InVGOWowbjgwbWZpZXdRUG5iOW5rSFE9PSIsInZhbHVlIjoiTnBuSSt2VTV6eHRTTTBRSWpxYlhCWGFjTWFhZkpkYmcwTkx3aW9wNFpOMXc4NFgzRkJKNE5YbVBxZUwwb29rUlZORnJZOFdma1RXWktkWkhrOVMva2wvU3NXdWdaaFNkZ2VJcTNyd3B2TlNJdlZ1SEhTbkdldlBmUW4wMzhjTm0iLCJtYWMiOiJlNmJkZGI0MzQ4MWU3OGY2NzRjNDUxMGIxOGFhOWIxMjZmZjVhNzA4ZmUyNjY4ZWRkOGNlNWJlZDY1MGY2MDRhIn0=', 'eyJpdiI6IkxaSkh4dmlKdmoycTdZTjhlZkVTbFE9PSIsInZhbHVlIjoiMDAyWEtTZU1veUc0c3VzcXN2MlN2UT09IiwibWFjIjoiZTlkYzQ3NjFmY2JiNWNhY2VmYmRjOTc2MDZlMWQ4MDQ2OTZkODg2YzdiY2UzYWRjNTEzYjA1NzVmZmUxYmY1MyJ9', '2020-08-07 02:50:57', '2020-08-07 02:50:57'),
	(64, 'eyJpdiI6InkwMG1SUm5LdWpZNkRFeHliUncyb2c9PSIsInZhbHVlIjoiNkJxZEVYWHgrQmVRV0x6K2RjL3dhZz09IiwibWFjIjoiZDFmOWI2Y2JiOWVhMjczYzFlYTJiODMzMWUwM2U0NzU5YzMwMTFhZTcyYTBiN2U5ZTI0YjQ0YjkyZjAwODliYSJ9', 'eyJpdiI6IkQ0SWplRFEzSXdyLzlMYlE5aEtNOXc9PSIsInZhbHVlIjoiVTVWS2ZwMEpaM0c1WmtTRGd6MjdPWjVzbXdxbytWYVRiaG5DUEwweG5CWT0iLCJtYWMiOiJhNjQ4YzhhN2Q0NWM2OWQ3ZGM0NmU2ZmYxNzkyOWJjNjY5MmUwNmYwNjk5NDE4NjVjZTdiMDYyMzllOWZmYTU0In0=', 'eyJpdiI6ImsxcWlGdnFCTGhPTlRYelRjUTFtQ2c9PSIsInZhbHVlIjoiMjBYN3A0MXM0dGd6OW9DY1BTUWN4YnMrcmZFS3dibUljeVFmV1JTVHhzOHdJUktaUldDK3RGZlR3SVRUeG9oNjcxbFh2MVk2OHB0SWJOM1c2cTFMVjNYbUtpdTZGZlFMZ2tXUkJwNXVNVmc9IiwibWFjIjoiZmQzMzVhYzY0NTE3ZGYwZDJhMzRkZTMyYmUxY2NiYzVmOTEzYzc2MGFmMDE2YTBiZjNlZTFkOWQyM2NlMTc1ZCJ9', 'eyJpdiI6ImtTUWdaajdEZnZIdXg2dmYzeVBPL2c9PSIsInZhbHVlIjoiVzhBQkZGT0lLL3MzQU5wTzdFVGtsQT09IiwibWFjIjoiZjEzNWE0ZjBmODRjZTY1ZGVlNzgwMjUyZmU0ZGRkNzFkMjA4ZWI2YTU0NGE4MGY0ZTA4MWU4OGFhYmExMmYxYSJ9', '2020-08-07 02:50:58', '2020-08-07 02:50:58'),
	(65, 'eyJpdiI6InFJTnBTMlErczVLbmpMeStWVXJ1Z0E9PSIsInZhbHVlIjoiaUVTeitoT3ZaTnVTa0dLU3lzdXhzdz09IiwibWFjIjoiZThiZTFhMGI5Y2JlOTFmYjVhODNiOWZlMWRmZWZiODBmZjU3NGI5OTM0ZjJmOWY0Y2FiMjRmM2U5NDlhZDcwZiJ9', 'eyJpdiI6IjhuMVpsRHN1VWN6a0VyczhNakthRHc9PSIsInZhbHVlIjoiOEp2Y0ZXc1Jqdmo0T08yTEgwQ2tWc0EyR28yYUp1bnRwZWZTVml4MmpRYz0iLCJtYWMiOiI1ZmIxMGQzZTg2NzYxYTI2MWQwZThiOWIwZDYxNDhkNjAwM2EyMjQ4Nzk0NTQ5ODFhYWE1YTgyZjBjNzNmNGNiIn0=', 'eyJpdiI6IkZ6UFh6UlpnYXZGZ3FIdjd0UGxHNFE9PSIsInZhbHVlIjoiOXdNdGpiUk82MnJvNjBmL0E0SzQyYnZMTGFRc0F4MTRLZU9Vam1iY1pvSTZ6SjdETU9mc0lnVHVpd1ZlSy9TdVZtUTNJLzk4QTBYYzJuUTdWT2dEMlpIRm55RHBSY2pCelgwNEZJQkFrcXM9IiwibWFjIjoiYWRmMzNiN2VmMTJkODUzMmE0OTMxNmRkMTcyMTQ1N2NhYTVjYWQ0ZjNiNGQzMmMxZjBmNGY0OTA0NzM0OTA1MyJ9', 'eyJpdiI6ImNQQytzUUhxd1hVOHRQL01ZT2Eya1E9PSIsInZhbHVlIjoic0x5WmVsTy85UkFqUFNrSWd1dGlyUT09IiwibWFjIjoiNDdlN2E3MTJlN2E5NWRkMjQ4YWU1MTNjY2UzMWVhZGQyNGJhNDFhNjVmMTJlNDRjMzI1Y2IyZWNkYWE1NjRkNiJ9', '2020-08-07 02:50:59', '2020-08-07 02:50:59'),
	(66, 'eyJpdiI6ImQybGx3N21iYkVSdG1Ob0RidDVOMUE9PSIsInZhbHVlIjoiU0I3UDZrUHRrRzJSREoxamFJV1Y5UT09IiwibWFjIjoiZWYzY2Y2MjEyZmY1ZDNlOTMxNTU0N2YyNjM1ZTcyZjhjYzg4MGIwMzI0YTJlZjMyODY1NTg2NTdkM2QyZjg1ZiJ9', 'eyJpdiI6IjhKMW5tUEtRWkE1dnA0MjJ2Q0EwWUE9PSIsInZhbHVlIjoicTJCWFVUZlFnazlZcmo4UnZpa3JiSElTVlcrY1pvQTc0MHBFM0tlN2psWT0iLCJtYWMiOiJhMWViN2VhMDFmNDRmYTc0NTUwNmZhM2Q1MjI4ZWZhNTM1MTI0OWUxYTEwNTkyZmIwNTRlMmE0ZTNmMDM1Y2U4In0=', 'eyJpdiI6IkFrOXlCUzUrRDVIcE9aMTBqMWo0RXc9PSIsInZhbHVlIjoiNkU4V0ZjL0RZaGlUMzBsK2hzbWFIb3A5ZGNlVURZOGtYQnpJWFBBUlRYbHBKVWdLRjJ0cUJjYnFCRkV6Znd0bnJGRTYwNjRGd2RpMTE4YmMvRlNhT0dYQW1helc2R0E4U2NjZFFndDVHc2NVTkxSbEphS2RiY0lxdnNsRExKbUsiLCJtYWMiOiI1ZjM0N2M3MTQ5ZjI0ZjAyYzI0ODQ5NzZjM2VlNzY4NjJhZWNjMTRkNWQ4OGIwYTAzYjM4M2VmMWQxMTEyYWVlIn0=', 'eyJpdiI6InpHSGNtRnA3cWlWdHBSbGhMdzZiYXc9PSIsInZhbHVlIjoiWmVCSS9wckZFWEFiVzRNbm10ZGQ1UT09IiwibWFjIjoiY2YyY2E3ODgyZTExNTQwMDE0N2EzY2ZhODU1ZDFmMTNlOWQ5NTllMzM0ZmQ2YWIwYTkwNDQyMWY3MmY3ODAwNCJ9', '2020-08-07 02:50:59', '2020-08-07 02:50:59'),
	(67, 'eyJpdiI6Ik9NS3c4RTBMaUZQSGlLdzBabXIzdVE9PSIsInZhbHVlIjoiWXU3bDlYd1hTRTNTUkIxL1A0dnN1UT09IiwibWFjIjoiOTJjNWIxOGMzOTJkMmI3ZmM4YzJiY2U4ZjkwNDhlMTU4YjEwZDU2YzU4YTc4ODQ2ZjY5MGIzMmY3MjQ1MWNkMCJ9', 'eyJpdiI6Ik1zNVBBb1JNaGZTejdrMCtzTTBDRmc9PSIsInZhbHVlIjoiMUpjUG5uTEZHWDloUHMrc09Fd1VxT3ZwZVptSGl6ekdYdnQ5WHhaWXd5OD0iLCJtYWMiOiIyNjE1MzYwMTVhZTU3MzgyOTQ5YWZhNWNmZjc0MTE1YjQ2MTZkODU0NzY1NTQwOGM4MzZiMTRhOTVjNjIwMzZlIn0=', 'eyJpdiI6IjlCUjlVS1ZONUtyenBsK0d6K1d3aXc9PSIsInZhbHVlIjoiSytVMTZnV1BLZkZpNTVzUmRhK0pLUHU0ekx6UDJFN0owUHJCckYwWmxoMU9XTmxSZlJJTXNwdGNVMVdTOURFNUlhMlUwUmEwcExQT3duL1RndGFDbzVFK08xUk45cnVkY1c0OStaYUNRZkk9IiwibWFjIjoiNzM3OGJmMmMxNmI1MTBiMzgzOTJiMjBmODgyOGQ1MTRjMWQxMWRiOTZlM2FjODYyOTg1MmFjNjkyOThiZmM4MyJ9', 'eyJpdiI6InZrNlE2WmxudWpWaVVWVXRCZU9EaXc9PSIsInZhbHVlIjoid2xIaHVTWXRuOFp4NWJuazQxTnVQZz09IiwibWFjIjoiMGIyMWJiODc1ZDg1NmZhZDI1ZjJkMzJmYWFhODM4ODY5YjU2YzU1MGE4ZGQ3YTg4ZGQwZDE0MTkxMTdhNTg5NCJ9', '2020-08-07 02:51:00', '2020-08-07 02:51:00'),
	(68, 'eyJpdiI6Ijl5NkhoTXVCR3c5RFIyWjhGUmU2Z2c9PSIsInZhbHVlIjoiaExlVzlkeUVtS1VvNmp3TU9nU1p1UT09IiwibWFjIjoiZTI5YzViOGZlMTEwYTMzZmEwZGYxZmU3ZmMyNzQ0YTQ4NjAwMDA4NzkzZjU2YjU1ZWVlMDdkMmVmZjNkMWRiNyJ9', 'eyJpdiI6IjYyVGt5ZENVOFJtZ1dLWFg3cEZxRFE9PSIsInZhbHVlIjoidGwybklrSG5uRUgzak4yRENaVDZxdWtPbXl5UDNpcExtUkhaQ29uRHdyRT0iLCJtYWMiOiIxYjAxNzI3OGUxODA4OTE0OTBlYTc4YTVlMTY3MDE1NDU2ZTk3N2M0OGI4NzExOWUwMjQ4MzdiYTU0ZWM3ZDIyIn0=', 'eyJpdiI6InY4emJjaUpsb09vZ2NJclpkdjVEc1E9PSIsInZhbHVlIjoiM0VvcWlNUzdLU0grakVkS1FUREFXWkxYZExlQWF2S0d0QmJyZG9kVFhPS2locS8vUW13eUIvOUJMam1QZmxuLy84Qm5TdlpWVWJtVy82WVZjcHJqb0JUTTk5L3kzT3V0S0ZIeVBXd3NxOXM9IiwibWFjIjoiNTBkMmEyOGJjNmQ2ODgxODdhNjQ2NjU0OWY3OTY1YmQxN2E0YzY3ZmJlMDNmZDA3M2IwOTQ2MmU5MmJjYWViNSJ9', 'eyJpdiI6Im95OStTcy8yTUI2TE9LS3lCTy80ZHc9PSIsInZhbHVlIjoieW11cGFkY2FHMUFTOThmTUM4MTRQdz09IiwibWFjIjoiOTY4NjY3YTg3YjQ1OTBkNGY4NDdhZGNkYjFjZmY4MzhlODY5MjllZWVlZWU5NmExOGZkMGI0NGYzYTQ2ZGFhMiJ9', '2020-08-07 02:53:49', '2020-08-07 02:53:49'),
	(69, 'eyJpdiI6ImZqcmxrNEhObVF6SmlVVmRaSWx3UUE9PSIsInZhbHVlIjoidTlSbnIvL2dMcWFMeFFHT0JBekp4Zz09IiwibWFjIjoiNzVhYzZhZTA1NThlOGVkODVlODdiMTM2ZTVkYTcyMTA4MTc4NDU0MDk4MDg4OTA5MmZjNDcxZjdlNTFjZDJmNCJ9', 'eyJpdiI6IjVkMmtOczdPb2VIaktXT0RGelpvMVE9PSIsInZhbHVlIjoiamVDdFpUYytrb2RocDhEa0pyNTJLMjd4SVdWV1RGdzQzNDdCckxvcGVkRT0iLCJtYWMiOiI3MmNlYjkyYzJlZjQ2NTJlMWM0OGU5Nzc3YzVmNmY2YzViMmQzN2QzMDc4NWZlODliMjY0MTEwOWIzN2FjZDM1In0=', 'eyJpdiI6Im52emZUUS9yUjJ3N3BJWWU0UHlhVUE9PSIsInZhbHVlIjoiK2M2dzdnOXh0UUw5dzNiV2N0aXgvWWIyaGpRSCt0NUtwSHpyMWRodjd2ZTZPZHlWdE9HRjVQbXIyR3hFUklJZU5HNi8wUGNkTGE2dmR4YzFMZXB3SjFHTUNFOEtvVkZLOU1nZVpVMUp3WU09IiwibWFjIjoiNTMxZjZjYzk2NWQ4MmFkMzMwODhkNzlhYWQyOTVkYjc4Mzk3MzlmYzI5MGQ1MjRkODkyMzk1YTlhMmRiYTY0OCJ9', 'eyJpdiI6Ikg4RlU5bTIrTXJWZ0dSOHZyQ05BVlE9PSIsInZhbHVlIjoiSXJFZkhQYUsvUmZZNGhoT1g4T1J2Zz09IiwibWFjIjoiOGVjNDRlZDFhYzJiY2JkODBjODY2ODVlMmJhYTU5YWNiNzhhZjFkN2EzZjM2M2ZjYzAzNjUyZWVhZjYxMDcxMyJ9', '2020-08-07 02:53:53', '2020-08-07 02:53:53'),
	(70, 'eyJpdiI6IlFiLzBzNVBud0RwZndZc2U2TndCT1E9PSIsInZhbHVlIjoiQ0ZhcXdSamk5bmhqOEk3OTgwVlltdz09IiwibWFjIjoiMzM3YTNkMWRhMjc0ZDcwMTI5OWIxZTE0NGZhZjQ3ZDMxNDRkODA4MjBkNDAyYTgyNDIwYTZhMWM0NjlkMGZjMCJ9', 'eyJpdiI6ImpWQU9zM1JXdTlWc3BtUWprcmlhamc9PSIsInZhbHVlIjoiUFdrKzhxaWdWNkNMNWhGejVQWnY2Y25XWDJDQmR1Y0dJaVBxNTcrbWVqaz0iLCJtYWMiOiI0OThmZWFmNGIxYzVkNjNiMDY5YTJhZDljM2RhZDFhNGQzNjNiZDM0ODk0MDUwMTYwOTNiZDFlYjE5M2MyYzE1In0=', 'eyJpdiI6Iko1ZDU3blBldXZtZUpHOTBPSHBSTXc9PSIsInZhbHVlIjoiRWZkb2JzS0dsekQyTVB0bXZZWUU5aHR3dGhFY3hURmF2ckw5NTA4dE5LL3cvWmpBeEtob0YydGtqa1RHNnE4eWlVUE5ub05saWZWdURNd2xtZC9iRG9La25MdjNEYWxzN05KbmNPZjZlNm9XOEJjY0JKWHoyM3NuVnozYVhNWVgiLCJtYWMiOiI5OGZlODQ5MDk4ODUyOTdiN2YwMjI4YTRjMDBjNTI3MGRkYWMwNWI2MTJiMDU3NjNlODM1OTRhNTZmYzU2ZDhhIn0=', 'eyJpdiI6Ik8zVTQ1OGtCWTk4VkdvQUpaM3NuclE9PSIsInZhbHVlIjoibDE3VEtzTWdlSERpN3BockxsS0RlQT09IiwibWFjIjoiOTc0YjYwMmM1MzY5NTE0YjAzNmM4ZDM0ZDIxN2U3ODIxNjM0OWZlYTYxNDgxYjM0NGIxZjdmMzk1YjJjY2IwNSJ9', '2020-08-07 02:53:54', '2020-08-07 02:53:54'),
	(71, 'eyJpdiI6Iktuc3Q0Rkd6bHk5YVpoaTVwbFV1RVE9PSIsInZhbHVlIjoiWmRHSUMrTFcvdFo1LzhCTG5IWWhWUT09IiwibWFjIjoiYzkyYWEzNGQ3ZjE4ZjllMmUzYmRjNTdhYjRjMmNkMGMyODY2MjU4ZDczZjlhMGYxYWU3NGM0YjljOWFmNzJmNyJ9', 'eyJpdiI6IlJGTHh4d0J2SlZTZ3h4T09vOUtvSFE9PSIsInZhbHVlIjoia2dmNFpLNmFZN2VLTy8zRHp1SzQra0FDR2UvMCtmL3YzSmJUNGxIZ2cyVT0iLCJtYWMiOiI3NDFkMDVkNDY4MjllMTUyZWE5ZDE0ZmRkNTAwMjBmZmFiNTUwOGMwZjM0ZjFiZTYzNzNjM2YyMzI1MzU1MTE4In0=', 'eyJpdiI6Ikg5VnhHejVBU0hlVkRYVzVQaEg3dkE9PSIsInZhbHVlIjoiOEJEanZWUDRqUWV5UzdKNWs1MlJjc2RjZDFnZSszdWdObHNjUGc4ZTBCOHowUjBNUVlCRFBUTEtQdnlGV3A2a2FHOXY0OUVuNVpIcjV0bXFZOHV1U0E1Rkl5dkFnY0hGcHlINE44Y2hGUlU9IiwibWFjIjoiM2JlM2UzOGJlN2M3M2Y0NWQxZDhkOWY2OTExYzY1Zjk3OTFmZDJmOGNhMWIwZjVjOGM3OWU5ZTZiNjY2ODVkYSJ9', 'eyJpdiI6ImthSHhSTVlkaHgwbnZ0RFVTVUd6VEE9PSIsInZhbHVlIjoiK2lITnpKSWgzWVVRZFRIc3c0UDYyZz09IiwibWFjIjoiYmYzYmE2NTNjYWQ1MTM4ZTllYmIyOTQzN2E0YzViYzM4MjAxZGYyZjY1NzRkOGNlNWYzZmE0NDI1ZmI1MDJhNCJ9', '2020-08-07 02:53:54', '2020-08-07 02:53:54'),
	(72, 'eyJpdiI6IkEvaFV2N1Y2clBSQ09TZWgreFA5cEE9PSIsInZhbHVlIjoiQUhuVmg5M0FFVEV4RWI3VVhURGhEZz09IiwibWFjIjoiMjBkMDg1MjlhMWQ5Yzk0NWMwYzE2M2FhZTU1YzI0MDc3YTY5YmU3MDgxOTQ1N2I0ZDEyNmRiZDFlMTYxMTc0NSJ9', 'eyJpdiI6IkJvUGFhRmNOOHZ2ZVFwaGtYZ3UxMnc9PSIsInZhbHVlIjoidWZsaEhSeklja2twaEF1NzN0cWNrWW5TTnA2KzJ3V1R0REhtVHFYWng3bz0iLCJtYWMiOiI4OTg5NzY2MTA1Y2NmMTYxMjA0NmJjZTdkZWIwMzQyM2FiZWNkMDM3NjgyOWI2YmFjNGFkZDg1MDlmYmVjY2Y0In0=', 'eyJpdiI6Imp0OFlSVFlRRHFiMFUvMWtzaTBMV3c9PSIsInZhbHVlIjoiNHV4SVBJNWZ1YnlWRjQyL0NhS2pnUGVBREVjakl1RWE4UmxaekVET3BSQ0p2eVJySVh1THFsWkhTUDFxWTdKQnJBZkd4a05iRmZOS0FzUFE4eWVXRllXZG1iOUdKajVzMEtHcGhlVGVFVms9IiwibWFjIjoiYTA3MWU5ZjVjNWEyYjUxMTlkMDM0ZTQ5YmU5MzVhZjJmMDc4ZDY2OTVmNzcwYzhmMDFiY2M2NzllMjE0NmVlNCJ9', 'eyJpdiI6IlZuNEwrL0l3MGlaajFUaGZ0WCtDNHc9PSIsInZhbHVlIjoiVTEwbnIvaXp6UXNDOVdhVkFWay9VUT09IiwibWFjIjoiZTZkYTZiZDdkNDg2YzFhYTFhNDA0ZDcwNDM4ZTAwNjU5NTE1NDRlZjljMDI4YmVjYjEyMzdlYWI0OTJlMmI1ZiJ9', '2020-08-07 02:53:55', '2020-08-07 02:53:55'),
	(73, 'eyJpdiI6IjhaeDFoaGRlWTZaQ3FFeCs1cDBZWXc9PSIsInZhbHVlIjoiOTZFVEZNWjFxbE54WjkzbmhyQ2RvUT09IiwibWFjIjoiZDQxNTY4OGM3ZDgwNzZhZTcwYTAzMTIzZmE2MWU3ZmY4M2M5MjYxMjg3OWRhYzJiM2I1YjUzZTY2NzA0MmNhYSJ9', 'eyJpdiI6ImdkNGdMWVBxRk93aGtpNlI4c2h0SlE9PSIsInZhbHVlIjoiLzB6QmtEbE1lUDdxRjZnRFAyZi9kZUR1Z1F2MENab0EySCt5cmpSN3pYMD0iLCJtYWMiOiJmODM2MjI4OTU5MzUwY2U1MzAxZjUwNzkxNjA3MjE3YmNlMmFmZmUzYWMzMzQxY2VlYWY5YzY5OGQ3YTAxNDA2In0=', 'eyJpdiI6IlhTaGJ5YlZGYnFCUHhTeWpnQUNIWWc9PSIsInZhbHVlIjoielBvTlNsTzZ4eDVtRGhkdUgxaEhmN1huTWJ5L1dodlFkblpDcUlEdnhlUDJ6ZERTY0JBSnFmaEVOU3BHT09ib2M3aW9ueTJVQ05HTlVPNS95MUhFWjI0a0JuNXJ6LzVOUEhxWTE4ZFVrdHEyTUFSUW53TlFwMzVwV0JjZi9sL2QiLCJtYWMiOiIyN2Y5MmI0OTBjZmQ5NmQ5YTM3ZmJjN2ExZmIzNGU5YTY0ZDVjNjJmZTFiMzY3MmMxZTliZjA0NmU0OGZjOTIxIn0=', 'eyJpdiI6IldDcHZRV21pQVAyQ1RpM0dzZmN2T0E9PSIsInZhbHVlIjoiZDVRb1MzV0taS2RYRldyL0RGRC9LZz09IiwibWFjIjoiMzE4YTllMjRhODZmM2QwNjQ1NjZmYmFmMjU3NTNjYzg2N2ZiYzQ5YjA2ZjIyOTIwNzJkYTg2Y2ZjY2YzZDc1MSJ9', '2020-08-07 02:53:56', '2020-08-07 02:53:56'),
	(74, 'eyJpdiI6ImFQdlJqT09Mb1NsNy93bzdGdGNpL1E9PSIsInZhbHVlIjoiMk5JQU90c1VTS1hUN2gyV3dsRXJ3QT09IiwibWFjIjoiZGRiYTU3MGRlNTljYmUxYzFhNjhlNDNjOGE2ODY0MmJkNmI4NjBjNTlhNDA2MzYxZmIxYWQxNmU5MTRkNTg0OSJ9', 'eyJpdiI6Im1RQVhIRjZhazhrQldZOWxIOFc0cnc9PSIsInZhbHVlIjoiazNxZzZaMTBXWmlsTUtEejR4RUkwSmUrWmtRRjJubDhpZEVYUFdkcmg1QT0iLCJtYWMiOiJlMTQzMmNjZTZlMWYzNWM3OTE1YzRhYjVhZDNjMDJhMDVlNWU0YTUzZGFhYmQzNjVhMjdhODQ1MzdmM2I0ZWQyIn0=', 'eyJpdiI6IjlCOVd6VmZOWWVvc3QzSmpCYks5anc9PSIsInZhbHVlIjoiaERjbUQ3UGVvN1lsZHJpeU42RmNROGFwMi90UzlCNWltMTJVaitQOHNXUkJHMFMvR0ZTQ3A2SGkzWXBoajNDUTE3NkRCdldwSTRSNkxXNmNqUWFqZnZPUi9jd1dsOUZRSm9OTTBIV1dTV3M9IiwibWFjIjoiZjBmOThjMTUyY2M5M2IzY2NhODlkMjYyMGFiN2JlN2IwZTkzZjhjNTE3ODBhMGJmNTRiMzhjMzMzYWZhNTJiNCJ9', 'eyJpdiI6IlZDUmsrVDREdDFsa291ODdydVMrUGc9PSIsInZhbHVlIjoiSDliZXRHSS9USzhtbDV5RERsMGtjUT09IiwibWFjIjoiNjY1NDg3YTY3ODA5MjBhNTMwZDdlYTk1MGZmNzZkOTRkMTdmY2UzNjA2NmU0ZTRjMjkyMzRhOTk4ZjllMTc5NSJ9', '2020-08-07 02:53:57', '2020-08-07 02:53:57'),
	(75, 'eyJpdiI6IitSY2VqQ2Rwb212SGxzMkw1M0tpaXc9PSIsInZhbHVlIjoiQ1EyZHRTZU1WOFJya2VGOUdBQ2Z3UT09IiwibWFjIjoiZTVmNjJiZmNkOGY2YzYxMDRkNjM0NzgwMDA2YmE4MTA4OGJhNGZlNjIxZjg3YjRkODZiZTFkMGY1NjdjYTNlYiJ9', 'eyJpdiI6InBvRDFMNG1pZ0hpY3RyQTZCWjdjbFE9PSIsInZhbHVlIjoicUgvWi9wcndXOUpwaTlDTVV6T2tLYkp4ZFlUb0tHSlhrZThxUDlOV0dYWT0iLCJtYWMiOiIwOTQ1YWM1OGViNjMzZmU3ODdmMGJhZDEwZDE0NTczNjY3MTNkMWM1MDQ3OGQxMmVjZDIwOTZkZDM1NmJmMjE5In0=', 'eyJpdiI6IkVKWGV0bEw3ZC8xNHFoVFpDbzhneVE9PSIsInZhbHVlIjoiTlM5ZTJpck1lSXpiVkY2UERHUlYzMFFqdnlBZFJSeDdtbWczcHErRUowOVh5czl3cTZDa25EaGRuNHpBR2Q0bSIsIm1hYyI6ImYyZDVjMzUyMmRiZmRhYWM1YzZmMTMyYzY5YTk0NGM3MGMxODRjZjk2ZDRlYzQ4OGFlZGI1NWUxNzcyNjk3OGEifQ==', 'eyJpdiI6IkEvbjVGdm9PUy9VVG92RHdiTXZ2TEE9PSIsInZhbHVlIjoiTTlTRm5QbE1KcGhQamc0bnpUb0YyNnRDZjlPNEczVFh3c0lmdmJHRGN0elVMdWZqbC9vaGhMdnFsdEpUQjVVN0c3YXkzaDlFazUxQjZNemZYRnlZbVpXRlFXSWQzTkdpbnppaGVXVkFQSGZsUnE4bmZBWUVTQUpVdUxtV3M2WFJQT2g4NWRPYUtMV09XK2o3RnZ3SEdxVC96citDZ1dBaVpINEQzZGdFcHpNZDlRdU1BZHdoalVodmZwK3krYU1FVFVsYWRHd0ZGQlhsbmMxOEkzNy9jeTFGRDNaRy95ZGhrNzBEMjhUY3F2ST0iLCJtYWMiOiI1ZGMxM2U2ODMxYzg3NDBmNDIyMTE4MTA3NzM4YmI1MTJlZDJjZDI1YzMxNDJkZWY3NWUxOWM5ZmU3M2RmZmMwIn0=', '2020-08-07 02:54:11', '2020-08-07 02:54:11'),
	(76, 'eyJpdiI6IjFWQzBWeG1VZkQ5T2diVHNKczhINmc9PSIsInZhbHVlIjoiUDc5d0JTR2VtZk5ZeWhnY2JRYkZtdz09IiwibWFjIjoiNTkzMzM4OTc4NjVjOGJhYWE2MjYxOWMxNjM0NjY0NGFiMmZiMmE2YjczNzU2OGZmYmI5OWZlYmNjNzFjMDhlNiJ9', 'eyJpdiI6Imw0NHNEV1Z4eFZLR0NmdFJFM3A0UlE9PSIsInZhbHVlIjoiZVRsdjVzOVIxUkw1ZTBLL05OZWV5MU1rNVYzSHUzcVlpV2JjT0VTMDVDQT0iLCJtYWMiOiJmN2I3YmFjYzE3NzcwMzAwNTgxMTNkMDU0YTUzZWExOTU2YjZjNjY4NmI5NDMyYzg0MzAwNTliZTAzYzFhYzBlIn0=', 'eyJpdiI6InVCTkE1TVFLYk9xNG85UnlvaHJPU3c9PSIsInZhbHVlIjoiVWZTbFkyamZmZFRTMWxQOU5nN2RweEVFR2FkbWhQLzJTZ0RTdXdSR0F2VE8wZmIwWXNKaTY1aktxSG1LenlGSSIsIm1hYyI6ImNiMjZiMGY5ZWI2MzcwNWYyMjYwMGY1NzM1OTVkNGU2NTNiNTI1N2MzYTljNzc4OWE3NTkxNjBjZmU5NTU0OTIifQ==', 'eyJpdiI6InZzVVlsbXVBVXJWampYZHlwb1d6NXc9PSIsInZhbHVlIjoiNFJpK0s4N1BNK1MyK0xVN2dsUERYVFlaeFRqTE1JZlU2NnlRaEM2ZEQxOXN1OGJqdHorWFV2NHNKeGNiN0NwTTdrK1FHWnRPL2hmTW1STGs1S2NIMFBYUlBZUHBXMDAxeUFYMGdCRExia2NTSVVhbytpU3NKV2M3QnJXS2JjclFyNEJJZElnS2pZMkh4WWZ3bUhkMlpkTWpqQ1VaTzB3YkVvcjU5U0JtMFpweHRJaysvR1RMTzhreFo3TWZTSEZMSnR3ckc3QnhLTGR6RDlBb3djVUlaY0hxZ2loa1lvL0JwUGpvQ2dMbGdBMD0iLCJtYWMiOiIzYTJmNDZhNmZkNDZiZmM1OTU1YTcxNmZjYWMzMTg3MTdlN2RlYzI0ZGUzOTczMjEwZWY5NzFjODlmOTZhMzA4In0=', '2020-08-07 02:55:56', '2020-08-07 02:55:56'),
	(77, 'eyJpdiI6Ikd1eiszcWZvNFJTaW1lRjdWaUJkQXc9PSIsInZhbHVlIjoiS0VhTTlZb0lwdnJHa1lmZm9BTlc3UT09IiwibWFjIjoiY2M5YTU0YmIzNzYyMmNlOWM5ZjYzNTE4MzQwZDU0YWFhZDFhYjM3N2JhNTA4YTBiZDE1NTQ5ODViZTA2ZWViMyJ9', 'eyJpdiI6InlZKzNtc3ZsWDZVS1pVUEpocyszNVE9PSIsInZhbHVlIjoiK1FXNVJWbElJNU9TU3duODNISTUxZXZzUEczcmFPc2UxWG5Tdnlkb05ZVT0iLCJtYWMiOiIxY2I2YWFmZWJjY2Y0MjNmYWIwZDRlZGVjNWVjOTFkMjAxYzYwYTYyZjkzYTMyYTE4NGQ5ZDM2MDM5YTFhOTI2In0=', 'eyJpdiI6Imo2MWRJMEFJeW9VNnIxSE5hYkZleFE9PSIsInZhbHVlIjoiSjFVTTdTT1c5QkxWMDk1aThKaW9GMzRLbUNWSVg1OG50RGFWbmh0RVBHNXAvaVU1MXhrc0RDOE1ybFkyS05CVyIsIm1hYyI6Ijk5OGM2NWYzZGZkMzhmN2Y2YjZkOTQ2YzViMGVmYTk5ZDE2YTQyNTViOGQwOTRkMjViYWRhYjZkNDcyYjIxMTMifQ==', 'eyJpdiI6InFqZDVicmpFbmd1QlkvQ2hNZkhDOUE9PSIsInZhbHVlIjoiNnhWdWRnK2tiY2E2NFh2NzdkbXBNNE14S1kwZjNnUW8wUDZsUTJDOWZ3VkZKbmlKaHk5d203blF4T0F0azg4NmFrbWo3WkZzWVNuaUdYUXpKeXowV0ZsRnNWVG1heWxOYXdoQjFDNEVscG5mTmhzWE5RbHBaM0psMm45ZEJPbVNZYkovWW9PZmhLK3dYU3d5VW1EWXRyR0xMMHVjaGNFOXpPa29ERkJQVGhCVThmTlFudjJaenVNQ0hoUXNscENETkpPRFIza1BYZW04c1ZVYmZidnRrUzEvOFpUdGN2eFl6bE8xMlhuREFCbz0iLCJtYWMiOiIzNmVmYzg1NGYzMzBhNDY2NmNiZWQ1NGMzMjVjOGJjZTc0ZDlhNDFkOTZhMjcwMGM5NmNlMjNhZTQ4NDk3MjY4In0=', '2020-08-07 02:56:36', '2020-08-07 02:56:36'),
	(78, 'eyJpdiI6InVPMlpxVUIzQzIyRjZKWFJoNnM3MXc9PSIsInZhbHVlIjoiUm50OHVob3Fncy9QTHhlUmhqUHNhUT09IiwibWFjIjoiNWEyOGIxYzhmYmNiM2IyNmEwYzU3OThhNDcyZmE1M2E3ODI0NjVhYjU4MDkyNmMxOTg0MTk3NWIyODQwMmFmNiJ9', 'eyJpdiI6IlVMWTNYMG5mdnVNMmg0ZnRIRy9kbGc9PSIsInZhbHVlIjoiRThlNG5Pc2lzendjaU5OZWlhdHc0WjRyU1plN1lxaWJMZTcwTW5XOWRVRT0iLCJtYWMiOiJmZmQ5MTU0NjJmYTM2NWRlNzA2NGIxMjU1NmU5ODMzOGRhYTNmZDFkOTQ2MTc2M2M5MTM4NTdhZDk3YWU4YzVjIn0=', 'eyJpdiI6Inl6amwvMUd4a2k3VVcybWRiL3cxTWc9PSIsInZhbHVlIjoiNTVmMW5BSjRtakNUQUozNGdJK3lCc1U3WGdtYzZKNFdKTVdkb1NKc1hKK3MxcGlaNXBDejNvM2pCVWJXQUExcCIsIm1hYyI6IjA4YWUxNmM4NWU4MTQ5ODIxZDkxZWEyYTMxM2M2YzgzZjYyYjQyYjgzYzBkYWIwYmM4Njg2MjdhZTYyOWQ0NzUifQ==', 'eyJpdiI6IlJNcWUyNkxJREREVXdNMzI3LzJkOVE9PSIsInZhbHVlIjoiaEJxeGxqMHloV0cvQ0E2TzVvQU1HS3ZGa0ZmUmMvSTh1ZENNWVpDN0J5NVdtVkRTNnFOVVNXN2NzdXFNOXdHeW5HbzBvYnFWTk9taVFVQTQ3TmJQQUNiYVM2a000ZlU3M3lRaysrc3l1Kys1dVNaSWRFbjJvbWkyZlFOclovanZJYytPR2RoeklHK3orOE1ZMFhJWVl3S0ZmWU5OTWVja2R0UjdXby9pbCtLRVpaa3FJdkIvbGdEdTE5dlJvcW1ZQ2RteDZUb25MMmY0RjFLWm5JRGVQaldWdEJNUzlpVitNdmoxL2lxZDBEcz0iLCJtYWMiOiJmYzllZmE0YmI4ODg3Y2ZlZTk0NjA5M2VjYjU2YjkzNThhNzlkNjYyNjRhNjdhNzY2MTY4YTJiNGEwOTNlZjBhIn0=', '2020-08-07 02:56:57', '2020-08-07 02:56:57'),
	(79, 'eyJpdiI6InIrMFQ3VUl6MWpRdVZaRXVaV2hucFE9PSIsInZhbHVlIjoiN3NKdzlpNDN0SmdTa0FoazJFMzRaZz09IiwibWFjIjoiMGUxZTFiYTEyZWI1M2QxYTNjM2FhZjA3YWU1YmY3MmExMTQzMDBjOTdiMDYzMjQxNzMyNTA5NzI2MWY5ZmRkYSJ9', 'eyJpdiI6IndPNzFOSlpNczhtcXVLcW5WNzNXUnc9PSIsInZhbHVlIjoiNzZaYWViUjMxOFNweUlzUHlrTXUvaVN5MjYxalRBakRKb1p1MUNScFZmTT0iLCJtYWMiOiI3MDQzYTU4MDdjM2E2NWUxOTEwMTM0NjhkMjRmYjA1MDliN2M1ODMwY2JkMDNiOTY0YjYwMWUwNmEwYmVlYzJiIn0=', 'eyJpdiI6InlwSmF4cmZxR2d5YkpFR3N0NjNzRFE9PSIsInZhbHVlIjoiZGxGRGNJQ2ZnY3A2QU1nNzNaS3JhQkFWNFRLLytPM0Raank2M3J3SzA4M2pKL0d6cUtNOTE0RE8vQ1d4L2M5dTJpOS85MWdMMGlwamc0djIwK3hyM3hQR3Jxa1FBOHRXYnhQZjRVNy9vRGc9IiwibWFjIjoiNGNmMTNkZDcxM2JjYTNmMThhYWQ5MjkwYTI5ZGU1YjFjMTlhMGMxZmNmZTA5YWMwNGE5ZDkxMmRjZTc5YzRjNCJ9', 'eyJpdiI6Im5NSHZzUlJQVmhFSWZDU01sZ3FYUmc9PSIsInZhbHVlIjoiOXBwVWZKTUV0YnMyQ01nZlo5Y25LQT09IiwibWFjIjoiM2U5MTQ5YzZjMjk4N2Q2NDk0ODdlNzJjYjEzYjA4MDIyYWJiMDhlZDAwODg3YTVmMDA0NDQ4MDVjOGY1ODQ5ZCJ9', '2020-08-07 02:57:12', '2020-08-07 02:57:12'),
	(80, 'eyJpdiI6InhGNXp4azFPRGhwK1dhdnJQS3NQbWc9PSIsInZhbHVlIjoiMTJhcmgvL1hKRldIWC9Xd3hGcVhvUT09IiwibWFjIjoiMWYwZWJjYmQzNTlhNGMxNTRkOWVhMmIxZDFmMzRmOTIwZTE2NjY2ZTQxM2UxNGM1NjVlYjE5ZjJiYTRmY2I1NyJ9', 'eyJpdiI6IjFkVFhSZXNRcEFIUmMzME1tM3ljZ1E9PSIsInZhbHVlIjoicHRPaDVRNlBTNkJqQkpBMVhNcW50T0hFczB5a1ZESk5jYlBENFU1emVmQT0iLCJtYWMiOiIwMDQ5YjNkODZlOTY3YzNlN2E3M2VmNjQzMmNlYzUzYTc0ZDU1MTBmZTU2MGIwYzkzNmVhMzVmYWZmYmFkNGIwIn0=', 'eyJpdiI6IkRUN2IrU05EeUV0L3hKaWtQTGdVOGc9PSIsInZhbHVlIjoiM1NBUUwwSVkwL3FrSDNQSHdwcjJOYmJYaDRFUmtXMzMra2cySTRBQ2hXS0tqUllxY0RJVFVuWTBBN0lDd2oyQ0d1RTlHSnIrU05JYnRLN1lpUU9qVFhlVGZWVHFkY2JHc1lyeWNMQ2NsMWs9IiwibWFjIjoiZDJiZjFlYzkyNTQ5OTBiYTQ0NzE0ZjU2NjFhMDVkYjQ2MDdhZmNhODhmMjZkMjQwZTVlZGZkMGU0NTQ2YTQ5MCJ9', 'eyJpdiI6Inl1NEROT3hUclZnZTdmNmV3SlZOd1E9PSIsInZhbHVlIjoidy84eU5zR3RaMUoyTC9EZ0h3OGFmdz09IiwibWFjIjoiZjg3NThjYmQ0NGMxYWY3MzVlNTA4NjFiMWE5Y2EzOWRkZTk4YTI4N2JkM2E5ODUwZWYzNTg5YWIxMzZjNWZhZSJ9', '2020-08-07 02:57:16', '2020-08-07 02:57:16'),
	(81, 'eyJpdiI6InZPYklFVnN6bERhMnhhdHhOS3loR1E9PSIsInZhbHVlIjoiWHNldS9tUzhmZElhcWtncGRKejlMdz09IiwibWFjIjoiNDZiOWVmMDljMzBkMDdiNzdkYjliOTliNjQ0MmRhY2YzMDBmNGQ0M2RhOWM1MzhhOTliMmJmYzg3Yjc2Zjk1YiJ9', 'eyJpdiI6Ijd2alFScituVjZhOVBsY2ZTdVVyWXc9PSIsInZhbHVlIjoiaVpFTnJPTmRaVGhVTlFHRHJ3UzRISDZiV2F0Z05ncGthSVRoTlpWeUdRbz0iLCJtYWMiOiJlZDE3YWE1ZWMzYjNkYWU3OTUyNTA4ZmNmYzQyNDJkMWM5YjM1MzQwODExYzJlMGM2YzJhMzZiZGI3N2Y4OGY2In0=', 'eyJpdiI6Ik44eDdYSEVuVHdUNnJUY1BqbEtEa1E9PSIsInZhbHVlIjoiVGZRVU1BN29Ed3pZQmVVR3p5MkdEc3NqNTZDUlRJb3FTZTIrQVZlSU5YcU0wZFBxR3A5VmlHQmd6M0hINlRiRWZoWTlDc3gxbXhCRXZQdGRXQ0VnUDgrNzRpZms0Tm1aNEVwNnljRFJTZDZMNFRWMExtcytpaFE5WXA0cGtUR1MiLCJtYWMiOiIxYzViNzQwZTQ0ZGM5NzQ3NzcwOWNjYzFhY2FlMGJkOWJjOWRjZDNlYWRmYWY5ZGRiYTJhYTQzMjI2YzUyMWQxIn0=', 'eyJpdiI6IlJKbnROeFZZc1p0QW9ZN29pU3V0d0E9PSIsInZhbHVlIjoiQjc0ZVRmS3JzUFBZWi95bUg3RkljZz09IiwibWFjIjoiNzFlNGFmZTA2OTYwMGEwYzQyM2IyODJhZTY3YWQ1YjZjODFmM2NiNTUwOTdmZDQ4MDNjMzM0NmI1NWI3YjIzYyJ9', '2020-08-07 02:57:17', '2020-08-07 02:57:17'),
	(82, 'eyJpdiI6IjBldTVwaG0xME5zSHk2VEdJZFRIYUE9PSIsInZhbHVlIjoiVlBGWkhqbEhtYi9MNlpiZWRiNzl3UT09IiwibWFjIjoiYzc3YWQ2MTI2OTVhNzJmZDg1ZDYyMzlmYWZlZTc3ZDZjMGE1OTdmMTNkNTc2MjgzMDQ2YzZiNDgxMTI0MTZiNCJ9', 'eyJpdiI6InZRYTlIcGJzQ2VVczBKMlV2UzRTdkE9PSIsInZhbHVlIjoiSmFRdGFFSk1qdzA3NDNSeWFneTdkb3ZLcE0yeVh1Ly9rSEVBV3F5NUtxST0iLCJtYWMiOiI2NGU0NjkwOTQ0ZmY0YWVhMTJmNDM5ZTA4NmYyNDQ3ODAwYTkxNGYzOGY0ZTE3ZjEwYjQ1YjFmZDZhYThlYTYxIn0=', 'eyJpdiI6IlE4NEVwUkc0ZEliVVRlR2RFZTVYWEE9PSIsInZhbHVlIjoiNlZLL285eHVaU1NyWUl0TURXT0FoWENiTzVSSlp4TGt1UlorRkVIYXpDRWM4RkpvWjNsMlFiQk5NZUM2aXFYdEJyZ0p4aDR4NHhXQ2RaTkFwUy9Ocy9WUmoxeWtsRFlnTHN5L1VvSldVTms9IiwibWFjIjoiNzM1ZGY4MjUyYzlkYzNmMDViNGRjOTQ1ZmM4NGU3NzhmNDA5YzMyYmE1YWFhN2UyOGI5YzRiOTNhOWE0MzliNiJ9', 'eyJpdiI6IlNoWHFSSkVXYm81QUdrQVBPV2gra3c9PSIsInZhbHVlIjoiR3R1K2dLczBadGJza3JoYlZ2S2Q0UT09IiwibWFjIjoiNWI1OTk3ZDk0NThhZTM0ZWU0ZWIyNzk3NTVkNTdhN2MzYTgyZjFiNmM4OWVlYzAyMDAyYTEzNDFkOTQyZjBhNiJ9', '2020-08-07 02:57:18', '2020-08-07 02:57:18'),
	(83, 'eyJpdiI6IlRDQ2hHdmdSS0t2MlNQR3MxYktDS2c9PSIsInZhbHVlIjoiU3U3WkpNQkpnblBubm9FZkIxY2xaQT09IiwibWFjIjoiY2YyZmFhMzA0Y2UyMWI1NDVjOWU4OGY1MTAyZWJkNDM2MTE2Y2JmN2E4NDVjYjc0ZDkwZmFmZDFmYjJhMjcyNiJ9', 'eyJpdiI6IjNzbklpRjBhUmdkZkF0aS9Wd2VZOUE9PSIsInZhbHVlIjoiMEppQWcrNWRvdDRkYWFkczZYNUpiSjlvUExkNHp3WjRaTUp0SzhLZm1jQT0iLCJtYWMiOiI2ZWEyNWNhNGQzZmU1Mzk5MGVkMGM5NzBkYTY3YTEwMGY1ZDY3NDM3MzM5MjNhMmJiZWIyNDkwOTAzMTFlMmU4In0=', 'eyJpdiI6ImRBOTJKOWgzTGpBUWVTb2NzNnBORUE9PSIsInZhbHVlIjoiRDFRVy9tQndpZ3BNaGtKTjBXWFdGL3lTVVRRWm83Y2xTVGt2NkRHakQwVHlwMXovSXN1QnRoVXJFMGxsRENVOU1EMFhkcy8yNkFIajgyZzFIbE14Qk03YkVWdlRZN25PVXhzS3NlS3hSQnc9IiwibWFjIjoiMDI5MjM4MWM2OTFkM2Y5ZDlkZGQ2ZWQxMjQ5ZmYzNzk1ZDA2NWNlMjNjNzkzZmIzMzY2N2Y2YjJmMjA5MDVmYSJ9', 'eyJpdiI6IjhCQW1qMUtSMkdueW9GaVFDMS9aUEE9PSIsInZhbHVlIjoiTUxJemd4blo1NWI5NDFFVVFHZDNOUT09IiwibWFjIjoiZmVkMDVjYmVjNjI1MTdkZjBlMzMzMjU3YWE5NTA2Nzk3OTlmMWM0NGNlMGUzZGY1ZTkxMmEzMTQ2MWY0MTdlZiJ9', '2020-08-07 02:57:18', '2020-08-07 02:57:18'),
	(84, 'eyJpdiI6ImxsT2hZWVViTWxnNDZvV090RXk1M3c9PSIsInZhbHVlIjoiUXdDWGg4UEtlZXlVR01JSG41d2pIUT09IiwibWFjIjoiM2I0ZjZiNGM5N2U0ZjRmOGM1ZTFlOTgzMTY1OGYzNmQ3MmFiMGU4ZjMxZTA0NjJlYzI2ZjRmMDc5YmVkMWM5OCJ9', 'eyJpdiI6InV4L2FNY2VST2YwSFVLVkZQdDVaUXc9PSIsInZhbHVlIjoiOENiejI2TmhHQ1BaalA2UFVFL3kvdkx1MElLYklPdFh5eFhKRll1ZFpCTT0iLCJtYWMiOiI2ODA4NzQ5NDkwMGMyZTNkOTE1YzE3MjYzZmQ2ZGFmOTMyYmI5ZWE1OWIyNzBjNzZmNzlhOTk0YTZmZjZmOWQ4In0=', 'eyJpdiI6InBqYzlvVGNvREdmSmlKZVMwTnNiS2c9PSIsInZhbHVlIjoiWGsxaGM5a21BS2plMnYvYVlOaDVlM3d2QnRTKzJlWmREc0hKaElPWlpYNTFDLzdHeGJ3U0hHc2QwOVdnYnBEMVRKRzJpVUlYSjVkN0U5ZFpwS2VqUkRHVjlBRkJFSm5KMUtrVzJTejJQc0VyS2ZMc0duazFiZXhreXZWM1pzS0ciLCJtYWMiOiJkNzQ5ZjcyMmRiNTg1N2ZhZjc1MTcyNjc3NTRmODg5MDcwYTI0MGRhYmZlMGRiYzliMDZlMWZiN2JkNjM5MDE4In0=', 'eyJpdiI6ImNHNU1Ic1pBMHg1Q2owc0RvQ1pzU2c9PSIsInZhbHVlIjoidnQ2cFl6QWtSZzNVR3FoMituOWQzdz09IiwibWFjIjoiOWRmYzExZGFkNzBlZWY1YWZlODFkZDRhYmVkODU5Yzc0ODE5MDA2ZjlhYWIxNjE1YzkzMTYxN2RmOWY0NTM0YiJ9', '2020-08-07 02:57:19', '2020-08-07 02:57:19'),
	(85, 'eyJpdiI6InkvTHVtMi9yRjlqbXFFRThZLzhjQkE9PSIsInZhbHVlIjoid1dvWnlwUU9uNEU3UWYzSGVMVytYZz09IiwibWFjIjoiNTliNTAyMDgzOTFkODFlYjgyZjQzMjljZWNjMDJkNzZmYWEzNzMzMzJlZTRhZjI2MjZkYzUxYzE2ZDAwOTc1NiJ9', 'eyJpdiI6Ing3bWRtUGUvTjMvcFlPalFGWVZ3V2c9PSIsInZhbHVlIjoiVWNNdVpPOTNDV0dleEcyRFdDZldpQUVMSk9CcENRSmprQVVOZUpTQTJuQT0iLCJtYWMiOiI2NzM1NmI5ZGE3MGJiMmIzMWIyY2Y3YTY4ZDg3MzlkZGJmZWZkOWUxYzlmNTEwNzNmMjAwYjA5ODBlOTUxYmNkIn0=', 'eyJpdiI6IjgwRFp4cUpVZDc1UnRuK1pWUFl4N0E9PSIsInZhbHVlIjoiT2JYVDhGUm9rNkJxOHNvQUtLeWIvWjFzQ2NFRjNNSE9Rb1FjRW5OendpamVUeWxCMElIL1ZmK0M1VG01WVI5U2Mvb0VTMUN6QWxMUUcxSzdONWFhZGVMMktOamhJMHRLVnR0WHpWbm1zZnM9IiwibWFjIjoiNzdmMmY4MzhhYzA2MDI4ZTBmYTZjOWY3OGQxYzEyM2Q5MGZjMTJkYzY3NGQzMmIwZTEyOTUxZTNjNTUzZDEwZiJ9', 'eyJpdiI6ImNVMUpBRGhpSmxYc3VKRkoxMFlJRFE9PSIsInZhbHVlIjoiV3IxU1FtdjNoVmdFUFdib0JuT0MrUT09IiwibWFjIjoiYWE1ZGM0OTY5MzE3ZTI5Nzk1N2JmOTc1NTAxMGYyYWMwZWRjMDk0M2VhNTM1ZDBiN2MwZjU5NjA5YzZmZWM0NCJ9', '2020-08-07 02:57:20', '2020-08-07 02:57:20'),
	(86, 'eyJpdiI6InRnT1FtVTMzZ2NBN3ZEZEZpQmFyMFE9PSIsInZhbHVlIjoiRnlidkJjanJLRXEzZk1xNUxCRk1Odz09IiwibWFjIjoiZDAyM2NlYWU5M2E4YTRhMmE2MzlhYTlkYjg4ZDFiNzcwMTA5YjQyYjgyNGJmZmUzODVmZTBlNDA3OWE0ZDU0MyJ9', 'eyJpdiI6IkRNc0MrSUt5YjV1Z2Z6UzdDMXorUWc9PSIsInZhbHVlIjoiZ3BWMCtGMFhVYTArQnN2aXZPQWdGbG5vb0ZRK0dyTDliR3lkRWYvTjJXcz0iLCJtYWMiOiJlZGIxYzNkNzYzZjY2MTNlOGFmZjA3NGIxMDQxZTQ0NmQ1NmEzMzdmZmJjZmU4ZDc4NjUwNzlkMjM0MDA2ZDA0In0=', 'eyJpdiI6Imt6UWFiU0R1RDllTDJwVWEwemZOZUE9PSIsInZhbHVlIjoia1RjY05PcVkvbDVjdWI4cEhsTW9EOE1TNFpWNnpsQytibW9QVmVnMjVHTzRRLzZBSXl6ZWRmUXpMTlE1UDUwZiIsIm1hYyI6ImU0NDVlNTA2NmNiMDgyYmFjMzNhNzFmYThkY2MzZDdhYTM3OTM5NjA5NDU3ODU1ODQ3MjczNzQzMDFlOTA1OWEifQ==', 'eyJpdiI6IlpnSkIxUUI1R0JEVGNaT1lwSXlBekE9PSIsInZhbHVlIjoiTTNGWE1mK0pBNlBlWFpmT1YxTG5XK0FIY3dHL1E0c2hHM2NtYkVNVzUvOUpaVkxIVzByenNsRjN1TlBCemJMWjVhMW5HQllwVnFSblJYU0FIVUZLTnJ6TVRuUW5vRXMzRWlORmpxYkk4Tkk5dEI3eDI1YjdRTjh6cXdpNXNpYVdHcVJHTEF3d0paQmIyS2JCVHZWNG5CWU5Tb3dCaWVBTnMxTkkwMzJvc0VHdW1LYXVqM2FHUTVNYXFVSzhFTG9OdzZyRXRyVGpPZ3lRd21wZmVteVU5ejdCNUMvNE5QR3JpdlBVd1VVYzBLOD0iLCJtYWMiOiIzNWY1OTJjYTNkMzY2ZWJmODM3YWEyYjVkNzlhNjY1N2MzMmRkZDU0ZTA3OWVhZWZkMGEyYWE5ODQ1OGM2NzAxIn0=', '2020-08-07 02:57:32', '2020-08-07 02:57:32'),
	(87, 'eyJpdiI6ImVidXdHL2JXbWFPbldPYjZMVnF4TlE9PSIsInZhbHVlIjoiNXova25PTjVvRytUbHN2ZWR3UDM3Zz09IiwibWFjIjoiYzRiZjBkOTA4OTgwMmIwZjEyMmY1ZmE5ZmFiNjU3MGVmMWY1MDZiODU1NDM5ZjA4YjlkM2E1ZWI0ODZiZjI5NyJ9', 'eyJpdiI6ImlwOElERE9lRjVCTktkd3JydGhjYlE9PSIsInZhbHVlIjoiSGxXZFNrZVgycnI1VWR5cWJDc1drUkRRMGtWNHlSeUlMTCtxVEgwZ00xYz0iLCJtYWMiOiJkY2Y3ZGU0ZjdlNDg3NTZlOGZmZWNhY2VkNzU3YTUyOGVkZmQyZmMzMDQyZGNiYzI3ZWVjMmY5YzZhZTRjYjY0In0=', 'eyJpdiI6InVRaFMzVU04WjJ0WnpEc0FaUDFCUVE9PSIsInZhbHVlIjoibFNudC9VQ1JubUlSMjZ0TTY5eVNjcnJDclJwR3RBRFA2NE9ZNnR3ZERkTEVEaHJRK1pGL0phd3hMV0hGaU41OCIsIm1hYyI6Ijc3OWVmNDM4OTg5NzE1MmNhMWUzNTM1OWM5MmFjNWY3MDRhMWY2OWU5MDU4YWY5NmJkNDZjMTk3OWY5ODQ4NzQifQ==', 'eyJpdiI6InlOWXJXN0s5dUY4YlJROCt2eFVDQXc9PSIsInZhbHVlIjoiVnJTVXlCYVlIeC9UeTJmeE5ZdWR3MU9hYXFEWkR4ZGxkMmlCckZvUnl1MXd5a0t4NG1iOGJnQkdlOHo4SUhKRVJRYjV6QzQrWmFPR0VkbFJWdTlNSFJDV0ZhRi9SanNxUDRZYStsRmdMYVR1bGdOOGVMdjRQTHcwNExHMStleDhsSllsNk91MVNLUlU1VmhJNUlPczYyQUxQdHNiQzZlSzI1VGJGV2txbkcyazZibzl4N1ZIbk9SVm1oRlVxSzdxbUVlTGF3TzN0SHM3NjB5VVdsSGZMenMzTHA0Mk1MYzBYUXdUWWdoVkdadz0iLCJtYWMiOiI0NjQ2ZTcwODNlYWZlZTJjN2NlMmY1OTI3MzhhMmZmODQ4NDU1ZTk4ZGUwMjZiZGRhMThlNjU5NDZiOTdiMzc3In0=', '2020-08-07 02:57:57', '2020-08-07 02:57:57'),
	(88, 'eyJpdiI6ImRIUmQzS3RZdFllaDRoUzhnKytuL1E9PSIsInZhbHVlIjoiVmhsb1pRd3JFdGhmamtWQlR4VTcrZz09IiwibWFjIjoiM2NkY2FkYmNhMThkNzY1NTcyYTJiYzU2MWEyMWI2NDZkZmM5YzZmMjg1NjI3YmE1NTliZmZjOGJmNTc1NTIxOCJ9', 'eyJpdiI6InpYVXd4TDVhaGtGeXJXcVRnQW9QUlE9PSIsInZhbHVlIjoiZUtpbHpNdnR4SXVDcmc1djE0TWhHZVVlZ1dtL0NiUVRGTDBTZTlVTnh5MD0iLCJtYWMiOiI5NTQ0ZGU4MTA0MWJmMDExYzAwMGMzYTY4YTBiNzBkNGRkYmVkMGQxYjliMWYzODhlZGE3YWJiOGIwM2UyYmVjIn0=', 'eyJpdiI6ImhQZzlTV1Y3TjFmNDFCZEVoTDMrcnc9PSIsInZhbHVlIjoiWEp5S1BlN1pGNFpXenVJeCtQejl3SDg3bFA5YjVSaDVEK1puZzZrTWRqeFJHS1BKcnZabVFxYmdYRldMS0dFNyIsIm1hYyI6ImQyY2IxOGYyNmIzMDdiNGM3ZTI2ZWNjZDI3OTg3MDA1ZTcxOTk5NjlhYmZlM2Q5NmUxOGY1ZjA5YmQ1MmJkOTYifQ==', 'eyJpdiI6IlIrMm5YZzUweGQ1OGlOTDAraHlLUGc9PSIsInZhbHVlIjoidGF0d2JlL2plNEV6TnpOWUlGTitKTDNlQnJqV1hOalZYVFJCUGtkcFRWWXhaNklPNHJXZ2JEOCtNaW5pOURna1FNUzJ5S2t1c1g5eDliWTJOWHF0ZE1FREhqeHhQQmR3UE1majE2TXVXV2xZbDFiT1BYRkVpaStWSm5qaEdMOHoxYW1QWmw2bGkrNWJPeUk5UzkzR1luYWNRdVg1dzlzSWdOY0xYaHhaeWZvUHhYR0srN290ODcvZ0x4dXNRTUpVK2xlWVVnYzFXd0JYb3NGck5VYkxTbEJXc2Z6Q2lqNVBwcGpKS1dQaHl6cz0iLCJtYWMiOiI4ZWNkNGU2MDU3ZmExZGJmZmVjZWIyNzE1ZGYwZTk1YTQwMzA4NmIzOTNmYzE0Y2Y2MWFiNDkyOTczYTU0MGMzIn0=', '2020-08-07 02:58:47', '2020-08-07 02:58:47'),
	(89, 'eyJpdiI6Iis1c2gwY1A0L2d1Qmt6YjZjTGNZcnc9PSIsInZhbHVlIjoiZUxCTzVwRDNVN1RrM2xXazB5UEExdz09IiwibWFjIjoiNTExNGRiNDc1MGM0YjU0YjUxNDkzNmE3MjM1Mzc3OTkzMGI5MjI0OTA3N2FlNTg4ZDczM2FiNTEzMjk2OWFhNiJ9', 'eyJpdiI6Ijh0ZXh0cExQS0NFeTc5RkJra1hwa0E9PSIsInZhbHVlIjoiSzdadXJXYndma2FJU3l6Q1BtclI3T1NBVXV3Tk1QeDJHVjBSMlFGclYwdz0iLCJtYWMiOiJkMWNkYTA1ZGU2OTAxNmQyMDAwZWMzMjcxYTI0MjY2OGVhOTAxYjQ4MGZiNWI1Mzc4NTg4Yjg5Mzk5NDU2ZTY2In0=', 'eyJpdiI6Ik9hakxuVUlMRjJSclBYcWtYTHpoSlE9PSIsInZhbHVlIjoiU3FkSDZKNDZObnZDM1U5U2dwTGgvUldvcEUybW9OYjdUa1VsMlZsTENCdGhOd2x5VFAvYzd6OUpRY1FrM0JHVW8weFovc0E3RXNyZXdwakluUytZU2tjSGw5MTNjbWFaRnczOXp1WXJ6bk09IiwibWFjIjoiNjNjZmYwNGUwMzdiMDIwMjA3NWYzYzc0NzUyMzhhMDg5ZTQ4MDRlODcyYzJlMGNhYWQyZmFlMzZkMjY2NTY1YiJ9', 'eyJpdiI6Ii9UeHROeHQvWGZUNG1NUHYwYTJKRXc9PSIsInZhbHVlIjoiOVk2Z2F4OXlZdzNPa1phOXlYdisxZz09IiwibWFjIjoiYjI0ZGJmMTUyMzNmMTFhOGQ4MDEyMmRmNTdjYTg3YzY5ZTFlMzUzMTc0YmM3M2ZiZTdlMzg0NDBmOGNjMjBjYiJ9', '2020-08-07 02:58:52', '2020-08-07 02:58:52'),
	(90, 'eyJpdiI6ImhGZ3NFdWdsU282OHdZWi80Y0ljc3c9PSIsInZhbHVlIjoiemlJdVlmZGE4dDIrOU5OYjBvQzNkUT09IiwibWFjIjoiZjAxYTQ1MjhlNmJkYWExMDA4M2I4ZjI1MjA1Zjg3OWRlYmVkM2VlODVhNDFiYzgwMjZkZjY4NDA3MDU0NzZlNSJ9', 'eyJpdiI6ImNRMG9pQkV3YTR4OWx6d1lLTnlrUlE9PSIsInZhbHVlIjoibHE4V3M0bXRqY2hXd093cUhWOFlsNTZOSGI3bEpQSlprejFlVDV5bi9XYz0iLCJtYWMiOiI3ZTAyM2QyODU1NGU2NTBmYTMwNmM5Y2IxYzIxNGYyOTcxYjg4YjE4ODg2ZWFjNTY0YmYyNzVkNGVlNWFmZmQwIn0=', 'eyJpdiI6ImluWFR6VmRrTGVyaElOQlpUMGlmOXc9PSIsInZhbHVlIjoiWXdNWndjTlRVVHU0M2c1YnF4RzM1R0J3Vk9hVVNZVFhIbnk4SjBFbWt1bnJvdFZGYnV6b0gvdWpkcUxOYXhja0xYMzdPU29rUTM0SDloQ20rajdDdEZDNlNQUDJPVHdWTnZHU1ZxN3JGS0U9IiwibWFjIjoiZGQ2ZWY4Y2Q4YjRjOTJiZTQ0NTMwYjkxNGE1MDUyNzY4YmU1ZDFmZjJlZTIwN2NiNzAyYTJlYTYwN2NkYTgzZCJ9', 'eyJpdiI6IjB3MlJXWFpnUGY3UDZhVmhRYW0zZFE9PSIsInZhbHVlIjoiekg2VzJpcTNGRWZFNGxQc1JXclN2Zz09IiwibWFjIjoiNmYzZTgyNzZhNzlhY2IzMTQyZDFmNWJhNTllNzYzZmQyN2Q5Y2ZlOTAxMmQ0M2MxYmUwNTM4ZWY3OWQxNjk5OSJ9', '2020-08-07 02:58:53', '2020-08-07 02:58:53'),
	(91, 'eyJpdiI6InpqcVVjNGN6K1BieDRhUC9LVmpiY3c9PSIsInZhbHVlIjoiaHJqRHNZK2FDclRHdEQyT0daZUZqQT09IiwibWFjIjoiZGY4OTk0NzMxZGE4OTk3OGRmZjE4YmZmZTJhY2I2OGViMDQxMDExODEzMDFmNmJiMDdiYmVhMDhlYzQ4MjZhNSJ9', 'eyJpdiI6InFmWDgzejJwM3NDdVRhMmF4eGMrNmc9PSIsInZhbHVlIjoibmhMcnJLd0thSWlOSlVURHdjVkhPU1Z2aG1SK2c4QkpBT2xGeG8rb3lCZz0iLCJtYWMiOiI3Yzk1MzUyZDJiMWI1ZTJmYTQxYmNhMjUxMDBkNDUzMTkxOWY0YWViM2Y2NjAyMGM3ZDY0YzhlNWI2ZmNlMWVhIn0=', 'eyJpdiI6Ilp5MlB4WGwyV3d0YXBnU09rNjdTN2c9PSIsInZhbHVlIjoiZi96MnNyb3BkYUdPd3ZzSi9SY3FIY1pKVWR1UVFhSGUrUytoODRqTGcxaDUvUUg0b3FFWVFsZHJOdStmYlpUM1Q2L1gwbGRiL0FQcWo1N0VSdVR3NkpTemJjVHZpb2toeTBQWkd6Q2xqZWdYSG45UUN0Z2VJMDFNWEdTNGJpeU0iLCJtYWMiOiJmMDI3Y2IxOTRlZmE0ZTc3NzZkZDViNzkxMzg2YjkxMmRhMTZiMTE0NDQwMTFmZmU3ZjQwNjcwMmEzNmM5MTI5In0=', 'eyJpdiI6ImlvSG8zUEpxa0lXS3Q0bmNobVNLR2c9PSIsInZhbHVlIjoiS3N5UTRJMElRcU1hczlRVVZheXdIdz09IiwibWFjIjoiMzUxY2JhNmE3M2M5ZjMxMTNiZmEzODMyYmRjOWFhZThiYTEyNDg1YTJiNzM4OTc0MDM3ZTcxMmE3YWUwZmIxZSJ9', '2020-08-07 02:58:54', '2020-08-07 02:58:54'),
	(92, 'eyJpdiI6InBTU04xZ29ta2NtZzYxbWZHTTlHSnc9PSIsInZhbHVlIjoiQjdGT2RDNGExQ2ZiREQxYllQcEx5Zz09IiwibWFjIjoiM2JmNjkxNDEyYmY2NDA0ZWE0ZWQ0YTk1NWI0YjY3MmQyM2VmMjBjMTJkZjkxZmY1ZDI1YzA5MTE3M2QzNTBmOCJ9', 'eyJpdiI6IlQ3eldocEdBaWlkVkp4SWpDV1FweXc9PSIsInZhbHVlIjoibnk0TVkzNDZOektPVkNDM3AxTjZyNEQwUEYzajcxTDZKUkdwQ3FaeTN3QT0iLCJtYWMiOiI4ZjkzNjI3NGU1OTUyYWIzZWVkM2I2MTBlYmU0ODFlNmUzN2Q5ZDkyYzNhMmVlYTE4NWI3NWQwZjVjY2I4ZWJkIn0=', 'eyJpdiI6IkdxMzkzMHVVVWttQTB4b2dnNmZuT3c9PSIsInZhbHVlIjoiUS85cit3eFBSZkw0SS9ZcmJUZmtNMXdWRnNRcGlpMng3YnZSRGtRVlFHbnRxbjFrNVFJd0FySFZ2dXNJMHFMNDhLeTd5NGJkbCswZUdPNFhCUElNYnNOdGFCMnBaTEpQZ2tIbm9qR3hNeW89IiwibWFjIjoiZGE5MDFmYmZlZGZhODNiOTFmOTc1ZWUxNTE2ZjgwZGRkNDNmYWRiNzg1N2M5NDM2ZTczMjQ3N2ViZjkyYzM0NSJ9', 'eyJpdiI6Ii9Bb1pwU0RLVjByYTJyTzgrNTBWSEE9PSIsInZhbHVlIjoiQTVWY3RUNGxUSmljYWgza25WK1diUT09IiwibWFjIjoiMGY5MDg0ODg3YjI5MjYwZThjMGYxZTQwNzA0ZDA3N2E4MWMwNzdlM2E1Yjc0MmYwOTkzOGNjZmNkYTZiZTIzMyJ9', '2020-08-07 02:58:56', '2020-08-07 02:58:56'),
	(93, 'eyJpdiI6IlpQMmM1d2d2SlliVkxhY3pxR1ZUeUE9PSIsInZhbHVlIjoidEdoQnQydjZRa3BCS2RZenNpdEVBdz09IiwibWFjIjoiYTEzZjI3ZTNjY2Q0MzU0NGY5ZmZmNzM3MzQ1NTI1Y2JmZGRhMjA0M2MxMjY1N2Q1ODkxN2VjNGRmNDVkZWQ5NiJ9', 'eyJpdiI6IjF2alhJZktnVklENkhMTDVsc2RRRUE9PSIsInZhbHVlIjoiaC9sOXlSTlpnVWxYNEVtUStBWDU3bmNGUHhraGZnek9PYkkvdDJmeFcrMD0iLCJtYWMiOiIwODI5Zjg1ZTI1MTZmNzQzNjhkODIzYTAwOTcwY2YwZTA2ODk3ZTFkMWVmZTRjYzg1MmRmMzQ4YjA0NTllMmE5In0=', 'eyJpdiI6IjB0MSsyeE93ZFUraXEwRFBkZVVzTUE9PSIsInZhbHVlIjoicFhSNkp0RldydmlHdHZSSmdySEtldWwxZHFxMEpMRjJuTjAza1BoZDB6dXhEVGVUQVYrK05uN3cyN0RDL1M3S0ZVK2JLRElVSWNMOXloNDN3aVg1Tkl6cUk0NWk1eForYnVNMGxUdXpnUysrckV5UGxYTHpMQUE3MHpadlFtZEYiLCJtYWMiOiIyNzI1OTNiOWJjNDViNDY5NGRhMGFkMGRjMjlhY2MwZGMxODRjMzYzYmJlNTgwOWVkMTgxZDc4Yjk5NTE4OWJiIn0=', 'eyJpdiI6IlZRYzEwTEhSc2VaWkFlWDFsZEJEZkE9PSIsInZhbHVlIjoiVlFMMHNQOWJMUjZEM3NqTjVUQ3h0Zz09IiwibWFjIjoiNDM0ZDA4N2U1YmU2ZGI0YmFiMmVjNDA0OGVjMWE0N2VkOWRmOTQ3YjQ5ZjYyNTRhNzk3MzA2NzU1ZjE5N2M5MiJ9', '2020-08-07 02:58:56', '2020-08-07 02:58:56'),
	(94, 'eyJpdiI6ImxBRHdSdFY0SzllME85R3MrWVVYWEE9PSIsInZhbHVlIjoiNGF3OXFnNDk3YlZJQU1qeUNOUk8wdz09IiwibWFjIjoiMDFjZTc4ZmRhYmFlZGE3MGJjMmUyYzg3YzUxNDA1N2RmMzBiZjdjMjliNjExNzk2ZTRmMDgwNTIzMTA3ZTA0OCJ9', 'eyJpdiI6IjluMW5QTmR6MHd4eDRKcjdUdXNHQ2c9PSIsInZhbHVlIjoieWdpbjZoemZNQnVIaUJOY0xaR0pHR0xJa20vWkpTSFJBTDB6ZFdHS3FBaz0iLCJtYWMiOiI0NWUyNTVkOGEwNTA5MWJjZDlmZGQyMWJiOWViNDcyNjI1NWVlNjZjYmRiYTBlZThiM2JmNzVhNDhhNDdmMjM4In0=', 'eyJpdiI6IlBxcWhaRkx1VXIxOWJxdkxPS0hMbnc9PSIsInZhbHVlIjoiS2VjNlBKZzViU3BVWDlLMkx0YnpIaVgxTkRkMFM0Nmh1QTNnTUsvMitXWW1sbFZuTHFEN0VzT3RLS0paQzV6NyIsIm1hYyI6ImFjZDcxNjYyMTcwY2UyYWNhNjk3NzU0YTJjOWE0YmFkODIyMDg2MWVjZDliNDAzMDdmNDViNjEyMmVhNGYxY2QifQ==', 'eyJpdiI6IjRYbkNmcFZKdVVWYXdwVU9YZWFYVFE9PSIsInZhbHVlIjoibEJzTSt4d052R0lYUDlUV0VrQUk1dk0wVmdFQ2gyT2k1SnBycTJHMlp2d2hKdEltcHE5TDN6TEpSTVhrZW5kU0M2MzNLZXA2ODhFZHoxdVZaQXZiQlk2VjJId3dEV2xBMnpKNnRZVjRZaHhrRlRka293UnFGOElaU0pLbHBaZUFOaGFFWlhCZWQ4cEdzeUhOODFlcGVRK295R2ZWelI2WHg1SWhtK290blh2VzVjZnBpdi8ybVI1WnhXS0NiVVcvZHcwRkQ1Q3RJMU1yN2Fla3pSMnRxTmVPeml2ZDRtYy9mcnlJcEVmcVB3RT0iLCJtYWMiOiIzNWYzMDZkNjVhMjViYjBiNDZlMzU3Y2NkYTZjYzFiODViMGNmMGJhMTc1MDA4ZDUwYmI4NzliMjMzZjc1Y2FjIn0=', '2020-08-07 02:59:11', '2020-08-07 02:59:11'),
	(95, 'eyJpdiI6IlVzcGdQU0ovaU1hbHo0SVR4S2xCZ2c9PSIsInZhbHVlIjoiQUdBL2xaSEFUZTJSenhldW81cThpUT09IiwibWFjIjoiZWNmNWFjYmNkNDMzMzA2MmU3ODBlZTgzOTFhMjU5ODkxMTVkYzI0MmNiN2RiOGVjODBkNGIyZjgzNzZjZjU2MSJ9', 'eyJpdiI6ImNRV215Qmd0MjNiWXgvZlIxUE1YOFE9PSIsInZhbHVlIjoiMmxvUi91VFB0amNKUW41WVh0YXRZSzhIR2l0dnFIYVZvRUJhb3ZLYkJDOD0iLCJtYWMiOiJiZDgxODY4NzY2ZWE1Mjg1NGRiMDdmMWQ2MmIzYzcyNDZjNzc3YjIzZDUxNTRhMWVkNDljMWM1M2UzMGQ4ZjEyIn0=', 'eyJpdiI6IlBNc1FCTGl5Sk1yRkN2RXVoY3V2OXc9PSIsInZhbHVlIjoiU25VY1psUW1yemVxcUJRTFE1aTVoQkdPZ1JVNTVVeTdiMjlOWXNZWThZRmVXUHgxbk5WSkxKTDduVE9SeDRhciIsIm1hYyI6IjFhYjRlNDRjYTVkMmU2NDlmYjE4YWFjNjU0YTk2NmJhMjI2ZjZjMWM2NTQzZjgyY2Q2NDRkN2YxYzRhMTQyYzQifQ==', 'eyJpdiI6Im1qdng0Q2hZaGo2dXpqc09vQ0hHbkE9PSIsInZhbHVlIjoib0RXNUMxejFJVEEzM1dXc25yZlY4dW9DbVB2YzhDaHVKeUlWRk1XZUcrL1h6bCtPMnFkYlRVYTVYWUlubWxiSmZmVk8zNGxBRkh6RkFjcU1nK3FrbHQ0WCt0OGNDSDF2WWExZzFzV1IwVEk5dVlBWlcyY1YvS0hsOWlqSitmSlhZb2JnM3E1eEJGd2t5UzM2WTVNanpjeW5OKzdsTWIwaWNaVE1nTkZ4TXQ3WlRTK1daRk42cDhJVHpibWVFQXovMGpYM24yU3cyeU9qTmwydXJLVGFMdlp4UDBDdzVjaGF5NitZbUNsNHA3dz0iLCJtYWMiOiIyMWNhNjBkNTU0Zjk1OTg3MDA3OWU4Y2U1ZThlMTYyODAzMWFkNTBkMWI2OWY5OGRhNDYyMjhiNzVmMjJlOWUyIn0=', '2020-08-07 03:00:18', '2020-08-07 03:00:18'),
	(96, 'eyJpdiI6IllQVllMSGNadFBXSU1lTEM4dDFOZnc9PSIsInZhbHVlIjoiOEp6YVhSMTFUdjhMRlJ5M0NtR0VCdz09IiwibWFjIjoiN2ViNDU4YzJjYjRiOWZmZDAwYWM2NmJmNjI4ZDljODllOTgwNDgwYjVkNTgyNDg1NGExMmFiNzhhMWE2Y2Q4ZCJ9', 'eyJpdiI6InA1LzY3WnVIaSttMm80ZlR6UXlTa1E9PSIsInZhbHVlIjoiUld3Uk1vZE10NWdzRzk2bFNDdnZwd0U2c1dhL0lTVFc3ZE54ZTE5L1VQMD0iLCJtYWMiOiJkYTBhZTQ2MzViZTA5MTNhYTI4NWMzMjM4YTBjOGEzODU0MzRiYjk1YjUyNjE2M2ZiYTkwMThjNmQwY2M2ZjNjIn0=', 'eyJpdiI6ImJuSlNQUExSaTM1S2tNZ2hXTHhjQkE9PSIsInZhbHVlIjoiN0JSbXR1ZlhwY2NXdTllUG9GMUEvTlk5cVZlZVkzRm9BWE1Odng3WlZORTZBU3NmL2NCbmdDU29CVjVkZzdSNyIsIm1hYyI6ImM3NjRlMTlhYmQzMjU0YzY1MDJlMWEwOTc5OWI3YTVhODVhNGM2NmRhMjI0OTEwMTFiNjEyZmNlOWU2NGEyYmMifQ==', 'eyJpdiI6ImZXY3BPM3V6WU9yeGhESkhhMThWN1E9PSIsInZhbHVlIjoiZzBUNlRnWUJhU2ZOb1ZDbGN2REFhL2QyUkxVT0xUWjllWmVmSENpZmpQdEVNWnl6ZkJpamhqUWp4R0c1V0IwbFZrOVJCUFpEL2RTeU5wR1dRRWNOeGN6eVhUT2ZSSDlScytNNnVqTHVyUWIwRXQrQXE1VGczOFhSdi9pbURvRk45cFkxZ0t6c3VZZFpOS1ZrZkxSUFBZUGJ2V3gxREZ4Z1U5Z0QvNndZby9VYTcxL3gzU2dqYmdYWlBMaGhyamRKUUNyQ21UalR2QkIwcUlkWDN5Zks0VWozejlGNjZWWjE3bURTc0NQUnp2bz0iLCJtYWMiOiI1Mjg3NTU5NDAyMjBkOWMwY2Q4Y2Y0YTQxZjIyYWJhZDMxNjM3MTlhYjVmNDQ4MTgwNmM4ZDc5NTYyZmE0ZmI0In0=', '2020-08-07 03:00:36', '2020-08-07 03:00:36'),
	(97, 'eyJpdiI6IjB1cTZIQ1ovZzZTNXR0ZnlwOGNZVmc9PSIsInZhbHVlIjoiY2JPYUlqNVE2VjdlelNwV29udktsdz09IiwibWFjIjoiNjQ4MDk2ZTk3NjU5NTJmMTgzYjg5N2NjZGFhYzNjYmMyYjZjYWI0ZGU0MWRhZTZiNjU3YmQ1YTViNDdkYWYxMCJ9', 'eyJpdiI6Ilk4aGpJL01mMHl3emFyV1VmKzd6YlE9PSIsInZhbHVlIjoiRUV0VUdTQUdyQjJMaUpvZ3h0Yk5yQ05TSUNlZXc2cHllRWN4OWNwRThPST0iLCJtYWMiOiJkMjQ3ZGFhZDM4ZWRkYjBjYzU3ZjI1NThjMTE0NDhmOWY4MDMwZmU1MTQ3ZmQ1ZGJlMGU4NWI2NWE0MzA3YmIyIn0=', 'eyJpdiI6IkZqWXNNQ0R2NldEdjFGSDQvNW9kM3c9PSIsInZhbHVlIjoibGp5bDZTQldncDQ1K2pXaU1ER2J1R3d2MFFzZkl5eVhqN2F0b1VBQVU2WUlEY2dLU0JQbS8rcUZLMVQzZ2o2SCIsIm1hYyI6Ijk1ZTg3ZDM1YjRiNjdjZDk3NzYzYjBjYWFkMGRlMDEwMGY4ZjFlNzUxYWJhN2I4YmJjN2MyNzViNDg0NTM1ZDkifQ==', 'eyJpdiI6IlBvM09NcEZYSFV0clBEMmtnc0xsUEE9PSIsInZhbHVlIjoiYzgrakZhaUk3RzVIT0xFcjIzbCtJdz09IiwibWFjIjoiMDQ5ZWFmMjA0MzkwZDI2YzQ0MDgyMzY5NzVkMTM5MDYwOTRkN2JkOTdiNzFjOTExODY5ZGI4MTBkN2FhZjU3YSJ9', '2020-08-07 03:01:49', '2020-08-07 03:01:49'),
	(98, 'eyJpdiI6IlZFUmNhb0pPSlBOUS93YjMvOXphQkE9PSIsInZhbHVlIjoiQmxLTU5hRlVSWjBtdGFZRTd4dlp1QT09IiwibWFjIjoiYmVlZGUyNjNiMjNjOGFkZjA2ZDI1NzgzMzg2YTZmYjY4ODI0YTU5NjU1YmU2NmQ4NzZkYzljZTRiOTkwMGM2OSJ9', 'eyJpdiI6Ik05ais5SkYrd1FPZFl6N2hWQUJJZUE9PSIsInZhbHVlIjoiNndKZnM5eHlyeVJXU3dXTWdDU3lnNFdybmJCb0NjcEFVSXJBZXErWUhlZz0iLCJtYWMiOiJmMTA1ZWYwNjcyMmZhMDBiNDdhY2IzYWVkY2ZjMzk4MzdkZmMzMTQxMGJkMzRmMmEwZDBjNGUzN2Q4ZmZmODJkIn0=', 'eyJpdiI6IktmOHNBcVhnQ252aFMrUkFIeVowdnc9PSIsInZhbHVlIjoiZFVMN08rZGRISmlDMWxTajI0bGNBNjBUajVMTDZqaG9IbHd5T0pjTkIxWk5SVFAxNjhnS0loR3pZNjJMd01EZlpqWFNJUzEyb1lJWmdKSkRGNHpZeUZoazhpRXU4L1prSlNjcjk5ZmZhSnM9IiwibWFjIjoiMzIxYWM4NTI3N2JkNzZjZTY5Y2NlMjQxZmZhMDZjYWJkMzBhMDZhZTZjZWY5YjA3MzM4N2YwNzkyODhjMGUzZCJ9', 'eyJpdiI6Im0zTFFiMjA5Vm5Kdnd6V1VNcVZ1ZXc9PSIsInZhbHVlIjoibm1GNXh1Mzhyd045bFVUaXlueSthUT09IiwibWFjIjoiZjFmZTVmOTJkYTc5MmFhZDhjYzEwM2JhMTg3MDAzMTVmZTk0YzA2ZWUxODc3YTRjYmIxYWI2MGYxMzYwNTM3MSJ9', '2020-08-07 03:01:49', '2020-08-07 03:01:49'),
	(99, 'eyJpdiI6IkYvNnNIZXE5THQxRkxONzBVSVhIM3c9PSIsInZhbHVlIjoiczFpTSthM3BOVTMwa3RVUGdZRlY3QT09IiwibWFjIjoiZWYyODAwYTk3MDI4YTdmNDQ0YzNlYTdhODRmZmFjM2U1Zjk2ZjI1ZDRiNGIwNTY3OGYzMDNlNWQ5MDA5Y2RlYiJ9', 'eyJpdiI6Imw0MHM3K2R2QkpwdTBaRSs2bmNnN0E9PSIsInZhbHVlIjoiblhRMjArRDE2ZUlIb3Bvd2RLUEJ0OVpLbDVEb3BDaVR0MmJhWFdWZjJMVT0iLCJtYWMiOiI5M2E3MDA3ZmVhYWQ3NmRlNDc5Yjg5YjNhZTg0Yjk4YmNjZWUzZmQ0MDViNWNlYWI4ZDliZmRmODZkMDE0ZTkyIn0=', 'eyJpdiI6IlJZQlExMW42NTBqZXVFRW9SNmp5R3c9PSIsInZhbHVlIjoiVk05NXk0THE4Z1lPckpacXRTNVZhbHNqYkh6Nm14clo1U0ZWcEJSYW5ZQk1TOWxDRitwS3I2VExlR1B5c3NqQjZYRFdTQWllTSsyNzNhdWtPdGt0b2l4eGpSVlI1akNSWExqWEJDbTJCQ1k9IiwibWFjIjoiYWVhOGMxYTk4NTAzZTU0OGVjMjNjODdmMTMwNDZiZGJmZWM2ZTA4ZTExNWZlOWRiMmIxZmYwYTZhODdlMTJlYiJ9', 'eyJpdiI6IndWQnNkanRRWVRoYjc4T2pTNWJsZHc9PSIsInZhbHVlIjoiSVhIMWdtV0JLTmtFWkszbW9yUXp1dz09IiwibWFjIjoiMjdmNWQ1MzRiM2E5MTM4ZjE4NzAzMjJiOWYzZDRhYmM5YjUyMzhmOWI1ZjZjYjI0MmE4OWJjZTFhOWVhZjk5OCJ9', '2020-08-07 03:01:50', '2020-08-07 03:01:50'),
	(100, 'eyJpdiI6Ik5odlNodXhzdFpXc05hQktvU1A0cEE9PSIsInZhbHVlIjoiWlE1TVVMZzNMOUxzVE9meS9EOGNvdz09IiwibWFjIjoiZDc3MTQ1ZjAxZmQyOWY3MDllYjllZGVmNjQzZDg1YjRiMWZmM2FlZmQxYjIxYzI3YmVmZjg0MjI2ZDY4NWJkNCJ9', 'eyJpdiI6IkdQbTRuK25JSjVPTkJWQ1BKSWhscXc9PSIsInZhbHVlIjoiMVoyR29PNFFEQ0I0SUp5ekxxVnVoVzI2QktWbFhKUEVZZVhaZGZGZ2huVT0iLCJtYWMiOiI4MTdjNzU0MDlkNDE4ZTk0NmZhMTYyNWYzYzI2OGJlZTc3Y2U0OWVlYTg3MDJlNmU1NTJmMWMwMDc1ZmE0ZTA2In0=', 'eyJpdiI6IlNnbXVxY3YrT1dYcEkvb3Z1eGRsdHc9PSIsInZhbHVlIjoiN0xlbkdzRXRuMUkwZzlFRTlralFiRGJwaGpGQnNtVzg2NXF0ZE5lZFlENkx2MllkYkdBeGtYUDFPOVFpZTcrQ3pFcGJHVHFaOTFLcWdTaWNiRlFHVi9qRFdlSmxmbnY5eGQvOVhxL1A1Q2tKQzBTWW4wSnNjaStueGl0WTN6ZWsiLCJtYWMiOiJkMTE5ZTk2MmMyZjJlZTkzM2RiZjE1ZmJiNDdhY2FiNTAyMmFhMjZjMGIxZDU4YzQ1YzM4NDY0OTYxZTYxMzA2In0=', 'eyJpdiI6ImxRemR1Y1hBdEs4VUswbTlhYkF1M3c9PSIsInZhbHVlIjoiV0h3V0Nvc1pRYlFvUWNlY0M1aENEUT09IiwibWFjIjoiY2JiMDk4MDVjMDc5NjYzYzg4MWU2OWQwZDMwZGJkYTk4YWM1OGNmOThjNDY0YWZmMjgwNDc4ZjJkZTljZDZiZSJ9', '2020-08-07 03:01:50', '2020-08-07 03:01:50'),
	(101, 'eyJpdiI6IlF2UEROdWdDTnNXV2I0eFVLMzFRT2c9PSIsInZhbHVlIjoiTzFNUjU5OXRJNFM2cWVERjlGKzdrUT09IiwibWFjIjoiMGM0YzQxMjllMDc3OTUyNWJhZTIwZTViZDdjYzFkMTU3ZGJiYThkMTIwZmFlMzNhNWIxNmI1YmZlYWZmNjQxZCJ9', 'eyJpdiI6IjFRYzRDSFFrTnJFMkJIWHk0aFRFVVE9PSIsInZhbHVlIjoiOHpjRldUbW9CTmduRDBBRld5UlBiVFpWM3k2U2dhS2NYMnhYVzlXdnVmST0iLCJtYWMiOiJmOTRmYjMwYmE3NWQ1MGEwM2I0NzlmZmQ4MzY0N2QyYzFhZmVhY2ZhYzRjY2FjZjk1Y2Y0YjNlYTNjZDUzZjg3In0=', 'eyJpdiI6ImZvYUNpVUF3R1YzbHVEcUJZWlBySEE9PSIsInZhbHVlIjoiQUpDYjkzbkhscVZic1pHTExWaER3eXpxT1lURjcrbEUrSWZNelo5R2owZ0tlM1JSdkdxNnFLa1BUTjN0L3ZXKyIsIm1hYyI6IjU0MDc0MmM0MWUzOGQ2OWQ3ZDA2YWUyZmQ5MmE1NjcwNmM0ZmVmYzY1N2Y3NThkZjdiMTNkOTc3NzE0YWViYTYifQ==', 'eyJpdiI6IkFWQllRTkErNVdiaGEzY3M2M2d0dmc9PSIsInZhbHVlIjoidmE5Z1FUdVcza0hibFdtemVIQkNnUT09IiwibWFjIjoiODk2YzA0NDM5ZWJlOGE1ODRhYjU0M2RkNzg3MTU4ODBmOWQ1NTU5ODhlNjMzYTY5ODgxZTA1N2RiYzI1ODU0YiJ9', '2020-08-07 03:01:51', '2020-08-07 03:01:51'),
	(102, 'eyJpdiI6ImZ4Uk0za3VGckxpZlpZcXVuVzc3clE9PSIsInZhbHVlIjoiZ0NDcHE0NGZ4K0hIRGNrdHBDbUVmUT09IiwibWFjIjoiN2IxNzI2ODJmOWU1YmNjZWQzMGYzNjJkZmM2ZjExNDdmYWUyZGY4OTljZWY4MGEwZTU5ZDQ1ZDIzZWEzMTYzNyJ9', 'eyJpdiI6IjNEVWVFQkxWT3p1b2d6M0w1bVN1N3c9PSIsInZhbHVlIjoiL1hQd0Y1cUlvN1RuYThZemNpWitndlB3b2VBc1RqSlhQaCsyU1VHTFNTRT0iLCJtYWMiOiI3MDFhNTU0ZmViN2YyNjkyNDMzMTk0MjYwMmExZDY1MGQzZjNkNTJhMGM2MmU3ODA5ZjY0MzExMDFmYWFjZDI0In0=', 'eyJpdiI6Ik0zc2xKa2hoOWNCamc4K04vdnVwMGc9PSIsInZhbHVlIjoiSitRS1dTQlhicTJqUGVUWFdIaWkwbUI2SXNTMCtHNlJ1SVVzcmdZT0lFaTg1VzVqOFEvSGlBUG9mTE5vU0FNSUxFNGtlVGorTTJzbS9wQTNiZWp2bXVBNWNFemRHQlFyNFArTlVzOThvSlU9IiwibWFjIjoiMDNhODI4MDdiNjUzNWUyNTIwYzBkYTY0YjUxODNiMmM1MTliNGRkNDllMDk1MmVkYTRiZWE1Y2Q1ZDAxMDIxYSJ9', 'eyJpdiI6Im5rWm51Y2pkS2g2ZjNPTHhxeTdzSHc9PSIsInZhbHVlIjoiL0Q5cTMrMitvcmdGbG93QlNmQU1Rdz09IiwibWFjIjoiMDI3MzMyZjI2ZTkxODUzZmVjOGFmOGJmYTE4ZWI0ZThlMmIxYWQ2Y2I1ZTUxYWEwNjBiMzljN2Y2NmEwOTJiMSJ9', '2020-08-07 03:01:52', '2020-08-07 03:01:52'),
	(103, 'eyJpdiI6IlQyRUVoMXpHWG9FdWxpUEhMMlZqa3c9PSIsInZhbHVlIjoiYjhBWmFMY09nWXJ4dHcxYXhSUkFKdz09IiwibWFjIjoiNjRjNWZmZmUxZmU0MTljZDY0YTdlYjMzY2I1OTUxZDAyNDQ2YTk0ZWU0MDEzOWY1OGFlMjI3NTg4ZjQ2MzNhYyJ9', 'eyJpdiI6InlHWW1oVXoxbzFPa0lPc0k0c21ETkE9PSIsInZhbHVlIjoibXBUWENJMk1UOHZMM3Z3TUFpc3FVK3dLa1dzaWVSeXd2UVJROUdGWTMzYz0iLCJtYWMiOiI1NTllZWQ1NDQzZjJlMTFmYjIwZjdmNjVjNWVjMjM2ODhiYjVmMDdkZGVkMTU4YjlkZjJlN2NlNzZkNGUwNzQ0In0=', 'eyJpdiI6ImloS0ZOdjJDcFhCRXl3alJTRnVhVFE9PSIsInZhbHVlIjoibk8yMnJjWStQZ08vS0hYS0NUQlpaZWtML0FydUhrTmxFVFg5Vzl1YmVnY1YzNjR0b1I1cU5WSnFTQnNYSDJEQWZ3VUZCczBwTHBzalY3ZWdVd2ZyaTRvVCt4QnVRTGtNOEJiWFlzN0lkNCtYcmlrR2Z6WXRTV0dUQ1hEaVhIWHYiLCJtYWMiOiJmZGJiMGU2NzIwYTllNjlhMjAzMmNkM2MzMGFlYWZkMGUyMmVmMDlmMmE3NmU5Nzk1YjMwOWUyZTkwYWU2YzlmIn0=', 'eyJpdiI6Im9VbnoxRmRPVU1oR3dUdi8wWU5oeWc9PSIsInZhbHVlIjoiOGhtLzJjZy8zTUNZZCt2Z0FwOUJLQT09IiwibWFjIjoiMzI3ZTM4ZDMzY2RhMGVlOTAxMmFjODA1NDg4Mzg2YmE0OWEyNmEyZDUzOWMxNDc5NjE3ZDc0ZWFlNWQ5NGQ5YSJ9', '2020-08-07 03:01:53', '2020-08-07 03:01:53'),
	(104, 'eyJpdiI6Ik84dWhiM0lNdjUycWFnU1RkTGlYVmc9PSIsInZhbHVlIjoiellBUnFvcDRvQ2lyeW4xNk85clRPdz09IiwibWFjIjoiYzE5YWJlYzMyMGE2NzYxNDUxY2U3NTc0NGQ1M2RmMDJjMWRmMWYzMjgwMzY0NmE3NmFmZTJlODQ4ZGE4YzA1ZSJ9', 'eyJpdiI6IkgwbTVXdkZyTkMxMGdueGdiQkk0aHc9PSIsInZhbHVlIjoibElEQmcyUWFCNUdHb0RsY096Z3g2a2duZXRERGdLa1ViUUhINUN5aHlBWT0iLCJtYWMiOiI1NzY0ZWU2ZDU5MWYyNzJlMzBjZDE3MzE4NmI1YjgyODNjMmE5OWNkNTUzNzg1Y2NkODc4NDI4NTY3NmE1NzYxIn0=', 'eyJpdiI6InR2QkY2WGNjUnNjUVlkUHR5bjZYdGc9PSIsInZhbHVlIjoicVRaRVpZZDlyVzhxNFdRRE1ia1QvUkxPTDF0ME4yREhoRVM0OG40N0YzL3JpbFQydXZETDhHMTYwM08rWTBTaElPTFBGWGE0NzBqU25rTFoxY2g4c2dFOGtkbzBiWCtwVk1jdSthQk9udjA9IiwibWFjIjoiM2QzNDgwODA1ZjkxNDY0YTcwY2RlOGNmMTQxYzMxN2Q4OWFlMzNkMGE0YjA2N2Q5MWQ0M2NlNTgwMTg5ZDhkYSJ9', 'eyJpdiI6IlZZOVlDZTFHZm9KRDlEb3R1S3k3Tnc9PSIsInZhbHVlIjoidjl0SVdzQ2ZsYnpwakxCRlM3eEgzQT09IiwibWFjIjoiNWZjYWU4MThjZDIyYmFmZGJmNzZlY2JlYjI1MWQxYmQyMDQ0NDE2NmZiZjM4OTY4NGFhYTYwNWMxOTYzY2ZlYSJ9', '2020-08-07 03:01:57', '2020-08-07 03:01:57'),
	(105, 'eyJpdiI6IklXMXc3eWd0TlI0MGx6bFhDTU1LV1E9PSIsInZhbHVlIjoidkd1RTZJd2NTODZTSGZieTZzV2t6UT09IiwibWFjIjoiODY2Y2VmMGY3ZmY3NjFiMWM2OTE5NjU5NWFmNzhlYzc3OWJkMWRlNTk4OTkxOGY2ZjExZTJjMTQwNWNlMDE3OCJ9', 'eyJpdiI6IkZ5blVsOVVwN2tUV21mVHhBd2lJMXc9PSIsInZhbHVlIjoidW10UlFXUVVRNlZvMGtEWGpTRktQR2NMeFVCOVMzbktwV1pDTUlQOEFhYz0iLCJtYWMiOiI5ZGQ4NWY3NDViMDFkN2UwM2FiODgyMmExYWVkMmIwMDFiMGIyZjMwYWU4Y2M0NjJjYjliNzU1NDJkYmUyYmNhIn0=', 'eyJpdiI6Im5UWFZCSmdpVUEzZXVyZTFBNnNHWHc9PSIsInZhbHVlIjoiSkY1elFQS0toTm45b0YvUk54R01Dd1hwTi9OaWFjTkY4ZTh2dU44YnRqajhLd0NZdlc3a3FrUE45MjliTkc0LyIsIm1hYyI6ImY5ZTBlMzAwZWZlZDY4MmQ4MjQ0NGMzMTUwZmM0ZDhhOGZiOWQwNTNjNDA2M2NjZWNjMTc5YjkzODk0Y2M2YWIifQ==', 'eyJpdiI6IkZkSWE2WjdwaHJiQk5DL2VEbWlnNWc9PSIsInZhbHVlIjoiejJZTVdSU3ZXaG9RODVkMGtiUXBEdz09IiwibWFjIjoiMTJhOWE2YmJiMGRlMmNiOWJlYmU3YTI2M2U3MmI4NWYxODc1OTUxNWQ2ZWE4MWUyYzJkMzIwNTM3ZjQ0OGQyMCJ9', '2020-08-07 03:01:58', '2020-08-07 03:01:58'),
	(106, 'eyJpdiI6IkJqS3RwNkxPYVlIR0t4V080eWdHdEE9PSIsInZhbHVlIjoiL0tHR0tlWGxZQU5BY1dDczk4WDB6Zz09IiwibWFjIjoiODJmNDRjYzI1NGUzMTUzNmRhZGNiZDlhZTNkNGJlNTU5Yzg5ZDFmYTE1M2UxMWNlMTRjYmYzNzE4ZjcxNzIxZCJ9', 'eyJpdiI6IjFZZ3k1a0hESGxERy9idE9Nd2M3RXc9PSIsInZhbHVlIjoiYndHNlR1eGJScHJNYWg3QWlqRzM3TXU0TVhPcEVNVmdJdDhGdURoSjczYz0iLCJtYWMiOiI2MWI0Y2M0ZTQ4MDNjYjE2MzJhY2RjYWVmNzQ2NjJmOGNjOGJkZDdkMTE0NzNjODVjYjYxZjExOTUwNmU4OTIwIn0=', 'eyJpdiI6InNPWm45VmRvTVVnMERmeUMwTVhDZkE9PSIsInZhbHVlIjoiMDIzQ0VhT2EvRlFwSXN2K0hVb09YTUE5ZDF0WTFlNGpHejZiTTkrRkFia0JrVC9XSUhKREt3ZDdNL2hsakJpR2JzNFlhNGhOZVRHSlZBaVFENkpxNEFBYUhyQllhQ1pBRjlMZ21taEVDdUU9IiwibWFjIjoiY2U4ZGJmNGQwNmIzNTNiNWI0MGUxNzVjMGU5M2MyNDhkOGJhMjMyY2IyNTRkOTI5ZDUwZDU4YWY2NDdlODdhNCJ9', 'eyJpdiI6Ild4NS9jR05jVHJnOXpPTDgvQXorWHc9PSIsInZhbHVlIjoic1VDSHRZOThNUnd6UGhuTTk3eHcxUT09IiwibWFjIjoiNGQ0ZjkxNDBkN2Y5ODI2NjRjNWZhMGU4YmMwMGQ0YmQzMjAzZWFhOTc2MWViNDNhYmM1MDRlMGVmZGZiYzQ5NiJ9', '2020-08-07 03:02:02', '2020-08-07 03:02:02'),
	(107, 'eyJpdiI6InNocCtTSjFOVGFFT2VxN0w0Z2wvdWc9PSIsInZhbHVlIjoiQkt0TWdxZ0JZamdHSEdXTFd0UVNWZz09IiwibWFjIjoiNmMyYzljMmY5YzVlYTM3MjI5NzYwOTBjZjE1YjE4MWZiZmE5YTBiYzVhNDkwMGNmNDllYWI1YTg1YjhmNzdiMCJ9', 'eyJpdiI6IkEvaDcrbVhJTTBhN09hS25aZ292WWc9PSIsInZhbHVlIjoia3IrUEhrcmI5WlJJbDE4SGMwU3lrajl5YUErb21qenlRZmxHWmRHSitMND0iLCJtYWMiOiJmNDJlZThjNjMyOTQxZmVmZDJjNjQyMzRiOTg1MTdhMTc5YmIxM2ZmYWJhYTNhNTUwOGVjM2MxNDYxMWE3OGZmIn0=', 'eyJpdiI6IlNXZlRoZUNzc2FLUWQ5dG8ybHNvbnc9PSIsInZhbHVlIjoicXdjK09KdnBYWlFQZk5iT1NmUnhMemYraFJiNmZHL0gzMkJSdUpoNDhSRHpKZ1FaNXhrSTM4d2NXcitJOHZPT1RJS2toajhDM3RQbWI5Ylo3VERpNHc1bDVvclJOaFUxS2lsY05FVC9lRlZPeU5ia09HWUxqeklLREdqb0xacnoiLCJtYWMiOiIzMTJiYWM2NjFkYjc4MmY2YTY3YjFjY2EwMmQ4YjFhM2NiNDBmNTBmNjZhYmE5NDM5NjFmNWE1NjFjMzFiMDNiIn0=', 'eyJpdiI6ImNKVmlUdlFzU0dCcVExZGpMaHBPUUE9PSIsInZhbHVlIjoiM2F4TFFtS3I4aXZHU1FKdnkxeGFCUT09IiwibWFjIjoiYTYwZjA0YWJmZmViMzIzYjlmMTcyNWZhM2I0MDY4MTM3MTk0Y2VkODhhNGIxYmQ1NTM1MGQyMzE5MTY3OGNiYyJ9', '2020-08-07 03:02:03', '2020-08-07 03:02:03'),
	(108, 'eyJpdiI6IlE1VlIrNk1RYmFzb25mM0ZmbFFMRHc9PSIsInZhbHVlIjoiek93WHNMd1g0TWoyTXBsV2N2dHE3UT09IiwibWFjIjoiZGQyZGFlZjU5Y2YwNTNhMzU3ZWY5MjU2MzM1ZTYzNjhlMmNmZjE3MmU4ZDBjZTBlODFiYmQ2NzlmMGNmZGU2ZiJ9', 'eyJpdiI6ImZNajNFS3VkdzRwdkRzUS9zUVlkbGc9PSIsInZhbHVlIjoiOVhoaHdtZXd6TCtURmh1ditqdjU2emJqSzJpM21MamRxa3BURmxGN0xHWT0iLCJtYWMiOiI3MDMwNGVlZmQ5OTIwM2ZiYzZiOTBjZGMwNGNjZjVlYzQwOWJiMjA2OWNkNGQyMDE1NDA0NjMzZDE3NzJhOGFjIn0=', 'eyJpdiI6ImhWTU5xZUlleWJPZkx0alM5c1JFVmc9PSIsInZhbHVlIjoiejBCWFZ6MFVjWEZoS2FXYWV2U1ZJTlA4aDI5eCs5OGNiWko5VktBU09xWUYzcERQRjZKT05QeU9uWlJxVkp1c2JDUG1LL3BoeGt4VFA5M3k2ZGpxUXF5eUs1M3YrRzl4VCtnbktDVFdLcmM9IiwibWFjIjoiYTdhMWQ2ZWFmNTk0ZDg0MzlmNmE2ZmZkMjZhNDc2YTYyMDlmYTQzYjBlNGE0NjFiOTIzNGU4NGNhOWIyMWI4MCJ9', 'eyJpdiI6InMzdTg4aHpDYmxIWE1zV3NJREVkRkE9PSIsInZhbHVlIjoiR3pqN0V1Z3Yxb08yNER5eWJyZWZGUT09IiwibWFjIjoiMTIwNzM3YjJlZWFhNmQ0NjlkNzUyNmQxOTNhODgyYWY0ODM1NDU4Y2Q0NDdmYzI0ZWIwZmFlMzk2ZmI2ZTQ5MCJ9', '2020-08-07 03:02:04', '2020-08-07 03:02:04'),
	(109, 'eyJpdiI6IkkvTEp0bnVzRHB3dzF3OTZEcUpmMWc9PSIsInZhbHVlIjoiOXg3TG9OU21jWitHeUVNY2Yxblc3QT09IiwibWFjIjoiZjkzMTIwZDM1ZWRhNTNkNDg0OTE0OTRmMTc0NTk0YWU3MmIwY2U2Y2RmMDczNDk1YzkxNGRhODE2OTM2NDc1YyJ9', 'eyJpdiI6Ikd2QUVkcHpzL3U1anV2OHVWd0IxWVE9PSIsInZhbHVlIjoiV2JxeCtqK3JZWWVxSi9SZCtFVEZTNDRDV3VRT2hadFlRKzUvbWNld0lSTT0iLCJtYWMiOiI5NmQyZjI3MGQ2MzI2NzQzYjdhNjJkM2Y5NjFkMTExOTY2MWE4ZTVjOTQxZWEzMGQ4ZmQyNzc2NWE5ZGQxODgxIn0=', 'eyJpdiI6Ijh4VmlVYS9Od1hMem9UZHFEUCt2MlE9PSIsInZhbHVlIjoiUFF4NkJtMmswbFZHc1FtVHRjaGpwWEV4d3NkdTNNS01iWFpsRzNaMkxjNUhkT3VrMFhmei9MUDE5ZVdLYjdqQmE5RExqdmREM3dMWUJyQnJ1eDhzb3JzL05Wd1QxSUdkZWxzdFBIQUR2TmV6YWsvN1VSdUFEUGZMcU00YTY3ZjQiLCJtYWMiOiIzOWZlYmE5OTk1MGFjYWRkYjhkODRjOGVhMzY3NTg5MWMyZTJlYmYyZjE3ZmIyMjZiYjgwY2VkM2NiMTZjODEyIn0=', 'eyJpdiI6ImVOTVUxSGdJd3lheVg4c3VIM0lvc2c9PSIsInZhbHVlIjoiMjhEMmwyRGp1MUg0bXJyKzZ6ZEE0UT09IiwibWFjIjoiMGE2YTk1MjkzMTYwYTIxYjZmNGY3ZDEyMDc3MmIxZmYwNWRjNjYyY2RkMTAzZjBjMTc4YzZiZTRjODFkOTAyMiJ9', '2020-08-07 03:02:05', '2020-08-07 03:02:05'),
	(110, 'eyJpdiI6IncxWUxjWDhOWGtxQ1lITTFHcTY3ZVE9PSIsInZhbHVlIjoiUkVlSmV6d1JueUVwTERqVkJNVkVaZz09IiwibWFjIjoiMTgxMjA4OWJlYTUxNzYyMGQ2YzFmNzBkNTQ4ZjFiMmM5NzRjYWRlY2ZjZmY5MWMwZjlkMTMzYzA1MzgzN2M5OCJ9', 'eyJpdiI6IjJiNGRYUmZSdUQxdDhwZEE1S01vMlE9PSIsInZhbHVlIjoiNWdXOVRpYjdybVR3WlVXRmpSRWRRSmZlMU9hdkROYldKbmRtWUtyVUJEaz0iLCJtYWMiOiI5ZjAzN2E5MGJmODlmN2JhMjQ5MjdhOGZkMGIxNWI4OGQ2NzNjMDMzOGVkM2U3NzJhMjI2ZmIxOGVkYTRkYTkzIn0=', 'eyJpdiI6InNURGFxdVduN05oQThqcDl4cGorOXc9PSIsInZhbHVlIjoiOEQ5QXRqY0x2dVJyUEN0cnp1TEVpS2NISmNoeFl2eFhJbGFxamRDRzlKK29MQmZOOTFxL25XTkM1Nm5qSlJXdDhZaDIzMmZEQXhRaXBkYUwrcUg1cjU2ODZEa2xzbFlIOU1Vc1lZaXdFeVk9IiwibWFjIjoiY2UzMDNjMjU1NTg5OGMzMTdmN2ZkNDZkN2EwZWM5YTA4NzA5ODQwOGIwNGYxMjdlNTAwZDdlZGIxNmIwNzI3YiJ9', 'eyJpdiI6IlhiWGVHNEVxYkpmcnQvSllCVXBuVlE9PSIsInZhbHVlIjoiMERkUDBpeUFmUVFNUVlBN0Jlaktjdz09IiwibWFjIjoiMGNkOTNhZmY1YzE1M2U3YjY4YmM5Y2QxOTVhNDE5MjQ0MTJkMzA1NGVkYzgxNTI5YWM1OWMxNWNlNWRhYzA2MiJ9', '2020-08-07 03:02:22', '2020-08-07 03:02:22'),
	(111, 'eyJpdiI6IkE0VitNYWF1Vjd1cVcxSXF6T294enc9PSIsInZhbHVlIjoiT3lpeVNlQTVYUFIxbWd3VHdXd2wwQT09IiwibWFjIjoiODE3MDVhNTY4NTJiMDNiZGJiYzhhNDM0Y2MwOTI1YWUxOTljZGQ2OThjOTgzNzVlNzY5ZGI3ZTIzMjAxYTlmNSJ9', 'eyJpdiI6IkFMU0Y5b05pdVNLNEdxY0FsWTRvNHc9PSIsInZhbHVlIjoiaFNxWkdpc2Rkb05tYmptODVYZE96MGxkZjBHUm1Hb09LM2pEZW52d1ZTaz0iLCJtYWMiOiJiMjUwN2Y1MzhiZGMzZWMwMjMxM2JlNWYxN2E2Zjc0NGJhOTBlNTAxN2ZkYzU4MTRiNzk2Y2ZmNmNjYzg2MGVmIn0=', 'eyJpdiI6Ii9XWnhNQlVhR2lZS3I3ejZUSVN4T0E9PSIsInZhbHVlIjoiUG1ZVER2L05Nc2JEZjFnNEQxbkliVyt6ZFhPLzBuQS9INWJPQUhZOWRtaWhxZCthL2x0WldKcGxoaHZWNGY3OCIsIm1hYyI6IjgzYWZiMzEwNmY2NjEyYmYwNDNlNjE1Yzk3YTUwYzY0M2Y1ZTQwZTEzM2NhZjQxNDQ5MDU5OTY1NDNlM2M1NzIifQ==', 'eyJpdiI6IkJDclhRemRXTzRhRCtodnBWbHJYQlE9PSIsInZhbHVlIjoiR29sckdIUjNHN1VvU0ZEWk1SYnpmUT09IiwibWFjIjoiODQ3YTIyY2JhNjQ3ZTk0NDQyNTNjMjI3Njc1OWYxMTg1ZGU0MjFhOGJhZGQwYzJhOTcyNTYyMGIyMDk5NzJhOCJ9', '2020-08-07 03:02:24', '2020-08-07 03:02:24'),
	(112, 'eyJpdiI6IncyYzRXVldPbXRKZVUxU3liSUpKeFE9PSIsInZhbHVlIjoiM1oxclFQanVQMVVzdEVxZXQxS2ZlQT09IiwibWFjIjoiNzc4MWIwZGJlZDA1MzQyNDIxNGU5MmMyZjcwOWE2OWE4MzAzOTQ1ZDMwNDY4YmQ4YTEwMzExZjgzM2Y3ZWIzNiJ9', 'eyJpdiI6InEwYkdsVzhOS0xYUm9NOHVtVWVqOWc9PSIsInZhbHVlIjoiYWEzTGRpRnJPUEJHOUZVQy9oUjBpUDNNZ0x0aVdYM2pkcXo5L2JINTFXZz0iLCJtYWMiOiIzNmJiMzc0NzcwNzlmYmY4MGZiMDgxODc2ZGEzZGEzZjYwODUzYjJiNDljYzQyNjc0OGFlMzdiMGU2OWU4NDBmIn0=', 'eyJpdiI6ImVUam81NDExUVNiWkR1ZHpJSGdvZFE9PSIsInZhbHVlIjoiaFZ1UE5KRmtUNjBDUkppM3A2c1BjcytnaklSRTlYT2lNbEh1RFRDN3ZjNEc0U3lXMVFUdHlPNHc4a1lmVUkyeGtUcWovZDNFdkVTVVMybUFtZEtwc1d3UXBGeGxIb0ZLNVROQWlpM0NQWVE9IiwibWFjIjoiMTk5MGJkNGUxMTM1MmY5ZmU4ZjI5NmQ4OWZmNTAxMTU5NmQ5NDc4NmFkZGY0OTNlZjk3NjExNTlhMDZjNDg3NSJ9', 'eyJpdiI6ImloWjlGRTdaSXQ2eFJ6cEdIbE5TWUE9PSIsInZhbHVlIjoiQnE1Ym80SXg4U3o3RDBNOU82S25hQT09IiwibWFjIjoiZmE4ZGZmZjIyYzRiNzAzOTYxOWVmZWVhOWYwODI1MDlmNWQ2ZGNjYzc0MDdhOGE0MmUzY2JlMzNmOTMzY2NhMCJ9', '2020-08-07 03:02:26', '2020-08-07 03:02:26'),
	(113, 'eyJpdiI6Ii8xN3NrazhwckVxS2ZleDQ2TURZM0E9PSIsInZhbHVlIjoicmFPb25BV0djSkNKdnYxTHlkdXdNQT09IiwibWFjIjoiNTE3NGRmOWJhMDk5NjU1ZDQ4MGFkMWUzN2MyZDExMTYwNWRjNTE4ZWE3OGZiMzIyNThmZGFkZjM5MDEzMzRiMSJ9', 'eyJpdiI6ImVVNlVmSEt2cU85c3hnbW94M2laWFE9PSIsInZhbHVlIjoiU3ZGL051NWxSdWpnd3FXaUZWb2lhUDM2R1M5bUtHOWpzLzkvcWpncm1nbz0iLCJtYWMiOiJiMWEyNzVjYTgwMjFkYWRhMzVlNzEzZDY4MjU5YjJlNGYyZDVmOTA1MWQ0NmNhMGI1Mzg5NTQzNjcwNTE5MzM3In0=', 'eyJpdiI6Ik5OQUhMS25uY2p5N3FVWEVXMzhpWkE9PSIsInZhbHVlIjoiaXovd3VnUG9wV3piRW5PRGtCUFMvdVk5VFZNaW1MZ09aVFlyaGZ0K2xmTW81NFlYQVAxZC9JNE5aYVZONHVLRkY5MHhlQXQvYjN0VXh4S3h5Ry9hOXJHbVJ1aHVOZ2hyNTVQdWJTYzN4Q25HYlh1b3BWcUc2QWZidGkwL0ZTb1MiLCJtYWMiOiI1ZTRmNDYyZDA0YzY0ZDYxMzMyZTQ5ZTIxOGFmNGQ3ZGY4OTlhYjk4ZWM2ZjMwOWUxZmQwNjM0YmQwYzJiMmM1In0=', 'eyJpdiI6IlJEWE5FU2Z4UmNRQS9lODIrWDNidFE9PSIsInZhbHVlIjoiVkhRSk1KZExqYXFuVVA3dzJLVTFNUT09IiwibWFjIjoiNTdjOTFiMzcxYjlkMzY0M2Q3ZTFlNzUyOTU1ZmRhMThhZTg4OTYwMjgwOTg2MDZkMTZhYjY0MDVhYWZkMmZjYiJ9', '2020-08-07 03:02:27', '2020-08-07 03:02:27'),
	(114, 'eyJpdiI6ImwyUXA0YzYzSVVVc3RyTDhvaThwcGc9PSIsInZhbHVlIjoiYkh3cmZyRC9kUllmYXV1TFgrZ1Bvdz09IiwibWFjIjoiMWE5NGNjZjcxYzMwMGFkZDA2YWFhYTQ0NzQ0M2IzNDdlMGRmOGVkYjVkNWI3OWY4NmY5MmQ5ZmZiN2I2OGEyYiJ9', 'eyJpdiI6Ik5yMWxCWUppL1phZENLSlRJbGJSZFE9PSIsInZhbHVlIjoicllIVWEyQmY1MkVsQjRmRXhpWnNDWGRnakprcmxJNlBjbGdqSThwVHFycz0iLCJtYWMiOiI2NGM0ZDdjNmE1MDZjNDJkNTQyN2VmNWExOWFmYmYwZmY1YzJhY2VkNTQ0YWE2MDFhZTg5ZjkyYTFjNTQ3MmM4In0=', 'eyJpdiI6IkQzdkFNSGcyUUtlaXpDTVFuY1g5c2c9PSIsInZhbHVlIjoiVThzaWF2S3hicDZmRmN5bUNHNHFLVGxIaGQ3c2QyYWZ2Tjh5dFplVDJ6ZVBJQmxuR2dFUjZ3L2MvTXBHbGdjOHl3V0IwaFpjMUpEOHBzQUJVcVFGNk8yOXpFanFzYUg3SHM3UGZLeUNSUm89IiwibWFjIjoiOGY1NzJlNWJmYTQ5ODJhYWE3ZTg0NWFlNTNlMWYxMTViOTk0YWUzOTQ0ZGUxNWUwYzAwNGRiMjc3NjQ1NjMxMSJ9', 'eyJpdiI6IkQ5RDVMZG9tWERFeXkzT3FGMS9hZVE9PSIsInZhbHVlIjoiQ2FFRWl0MW03MENtWGpDTTBFN2dHdz09IiwibWFjIjoiMGE0ZWUxYTcwZTE4NjA2YWE4OWQyNDI1YWJlOTE4NzM0NDU4ZDM1ODUxMWIzNjY1YTgyMDRjMTUyMTUxOGU3MiJ9', '2020-08-07 03:02:28', '2020-08-07 03:02:28'),
	(115, 'eyJpdiI6Iit1Wlh5Y3ZoY1FHSHdJcEJObjdhd1E9PSIsInZhbHVlIjoicWpuSnlpOXg0M3pqV0pheTVsMkVLQT09IiwibWFjIjoiZjQzZjZiYjk1ZGI2Mjc0ODY3MGQyZjg2OWU1NzE1YjZiNDFlNTY1MTIzZmJiOGIzZDc3NDA0ZTE3YTE5YmM5NyJ9', 'eyJpdiI6InJDeElhbGJGditMMVJOOXdoRlZ2bVE9PSIsInZhbHVlIjoiOWR2QUlnTjMyVklFbjRtU2d0S3JYbUJxTUhxQmdPYlVaNUVwZ0ZlODFJbz0iLCJtYWMiOiI3MzU4NmYyMGY0ZTQxZTAxNmUzODk4ZWUxZDQxZGYxOGFmYWRiNDFkNmIyYzA2MzdhMTk1N2RkMDQ4Y2JmZWMwIn0=', 'eyJpdiI6IkNlUm5WaHJUdnhkRXdhYjl1MG41MXc9PSIsInZhbHVlIjoiVTdZSS9UcElUekwwMWNZcXlVVC9Bd2dlVXNBUlZSZG9HaFFWY3BSdWx0eGJUWnJGL0JySi9ZSUJRWGVVeWZaRFVkL3pPcjg0VW82NjdzMndkckVXZTdrNjJZRlFPNlN0b3BYS09CUjVESnovOU54a2RvQ3NpSVlqOXdnV1l5VGgiLCJtYWMiOiIyYzA5ODk3YmFlZTVmYTNkNDZhY2M2YzAzODMxYjJjMTI4YmM0NmMyODc2ZDZhMDJjMmRmNTI4ZTI2YWQ1NTFhIn0=', 'eyJpdiI6IlVuTUpXdThLaWlSelZkd2YrckNlUkE9PSIsInZhbHVlIjoiZHppaEk2TzRwTnliSkdmY2Rvamprdz09IiwibWFjIjoiYjA0ZThmMzQ5MWY5MmQ5MTE3YzBkOTkzYWFiNGQzMWE5ZTM2ZTZjYzM0YzFjODVhYzQyZTNhMDRkOGYyNmNkOSJ9', '2020-08-07 03:02:29', '2020-08-07 03:02:29'),
	(116, 'eyJpdiI6InRmUlo1OUp0NVNsYnNlWmlIRkg0d3c9PSIsInZhbHVlIjoiWUlvdjVMTDVEYlhqSlRNMXRBanhxQT09IiwibWFjIjoiMWU0NjRhZmNjOTVmOTJjMjZiNWNlYmNkYmRkNDYzNjlkM2Q1NWMyOWI5NzgyMTBiNzA1MTRmMjEyMDVjMDAwMyJ9', 'eyJpdiI6IlA2S0RoUm5sSG50Nzc2aFZCd3FMSXc9PSIsInZhbHVlIjoia3BMSTg5LzMvNU9JQ29qdG45M0VxbXUydFp5ZHh0MDNpRWRKMzlWeTJyQT0iLCJtYWMiOiIwMDdjZTEwYjI4YmI4OTBjOWM1Yzc2YTIwYmI5MTkwNTU5ODk2ODg4MDc1MWVjZjgzZjg0YjQzOTZhNDkxMTEyIn0=', 'eyJpdiI6IjRmUW5QV2lsMnVGL0Y5OVhqTkpZUkE9PSIsInZhbHVlIjoiUnFkNjhKazZxbjdNdjdyMUpZMmN3R01ENnJ5UWx1enpSMFYzeFdNQ0xSbnNRNGE2cEZoN3VmYzQvWVp0djBxZ0VzQlhvNzIwL2d0QURJNzByZmRJb1hCTmM2L1F5RlRZWHNIN2Z5TGhjeWM9IiwibWFjIjoiMmViZjI0Yzk2NDk1MjUyODY4ZjM3ZDFjNWI2ODc4MWY1MWM1OTUxZDZmOTUzZDNkMGFhNGViMmRmMjgwMjc3MiJ9', 'eyJpdiI6Ik5FaTc1R3FtaEF0UnRiL3BzU3ZTemc9PSIsInZhbHVlIjoieXNJQmNtU1NlcUFNWUl5bzdrUkxiZz09IiwibWFjIjoiZjU5ZGEyNGU0YTQ0NjY5OWUzNWQ0NzZlMGYyMmNkMTAyYzlkM2UxYmI5NjQxYzA0ZGEwNmRjYWU4YWM2ODY1ZSJ9', '2020-08-07 03:02:47', '2020-08-07 03:02:47'),
	(117, 'eyJpdiI6ImU0cUZVbkpPYTB6MExuMHU2UjRGZFE9PSIsInZhbHVlIjoidU1qZytPVGVEZ1VLWU8zWTI1S05YQT09IiwibWFjIjoiMjI2OWEyZTM1ZWI5NzUzNWRlZWIzZTg3MzhkOGY4NGJjZWE3MTM3ZmZjMWUzMjY1NjA5YzgwNjhlYjhlYjkyNyJ9', 'eyJpdiI6ImZBWldsRkN0OUtrTi9iRkRZTFVTRGc9PSIsInZhbHVlIjoiT0ZGTmd4V29Oc29Yck92OVNLa1kxQTFxTTQ1am1iRG9wWlUvdklYcU92MD0iLCJtYWMiOiI5ZGZiY2Y2NGZiZjA3OGRhYmNmNTdlNDQwZjQyOGRlYTYyNTA5MzVkMzMzOWI1OGQ5OTExODI5MTBhMDUxMjllIn0=', 'eyJpdiI6IjRVY2ZDeDVuYkNFbnNyOW5renAvZGc9PSIsInZhbHVlIjoiNFBrVHlhaGZvL1V6ekR4K1o1eStvWk52bGxXZDlFdElKUjNBU3g4NWFzRVpBUlVTUVcvenZrRUdIMnlvWlc3RiIsIm1hYyI6ImE0ZDAwZWJhNzg0Yzk2M2FiMGQ3ZGQ4NmNhY2ZiMTNiZDJhNzM4MjMzNmUwNGZhMGExZmM0OGIyYzlkNzQ3MTgifQ==', 'eyJpdiI6InNBY3NiaGhIU0pZYU8rS3drWHRITVE9PSIsInZhbHVlIjoib2xrZm1VREpJQ0lMNHk2QU1kOHZ2UT09IiwibWFjIjoiOTM2ZDU4ZTM2OGE5YjAzYTY3NDU1NDAxMjljZWE4ODI1YjdlYTdjZjZlMjIwNTNlNTQ4NjcyMWU3MDNiZDViMCJ9', '2020-08-07 03:02:48', '2020-08-07 03:02:48'),
	(118, 'eyJpdiI6Ijl4R3VUL01KUVZVaWppdytGamUrZEE9PSIsInZhbHVlIjoiZU1hSmNkSk5pR2xQenlTREovSHlUZz09IiwibWFjIjoiNDNjYjFhZDNjMTE4NzU4MGRjZDg2NTlkOWI0YmIyM2U5MDRmNmVmZjhhNDJjZjM0NjcwNmJmNGUyMmYxYzdiMiJ9', 'eyJpdiI6ImlIdGFKemxnUjAxc3hZNkZSN1hreGc9PSIsInZhbHVlIjoiMWtwOUk3c1JHMGF0VkpiL3pYZHo5dGtpVVA3QWNnbUpIblBhOXBpVGROVT0iLCJtYWMiOiJhNTk1YTQxZTY5MTQ2YjVmNjc1Y2NjNzYxMDYzMDhmMGZiNmE5YzI0MDIxZGIwODNhMTk1MDJhMzg2OGUyMmViIn0=', 'eyJpdiI6InhYNGZJdVcvNWxtM3cwb1k4Y211bHc9PSIsInZhbHVlIjoiMG1tNDVLeE9Nc0JiMXg1K05PZ1JnbXVNTTlJY3RFTUVGRDc4ZHBZVUFYUFJzZU56bGo5Yk41bWF6WFJiTWlKc3UyaFpiTFovNWtmSWFpa1JGd3U3T2ZQSjdpaFFMOFFpbkF1WGk3bUMxMkE9IiwibWFjIjoiMmQyYWYyNjg0ZWE2Nzc1M2Y3MGY1YmExMThkMzJmODFmYTUxMWY4OGZhYjIyZmY0ZTg4ZWRmMTYxOGMyNjM3MCJ9', 'eyJpdiI6IndUanNQTC9CY1lMblBzL3F6MEQ3Tmc9PSIsInZhbHVlIjoiQlhsekFmcmZ3dEwyZFRtT1N3YnJMZz09IiwibWFjIjoiZWZjM2U2YmNlOTJiNWFlOGRhYzAzNDc1OTFkZmFmMzg3NGVkYjE1MzE1ZTZiMWRjZTU3NWU0ZjgxZTJhYTFiMSJ9', '2020-08-07 03:02:50', '2020-08-07 03:02:50'),
	(119, 'eyJpdiI6IlJqclVOaFUrT3NCblZxMkhIbnBnZkE9PSIsInZhbHVlIjoiQS9mY3dsNGxzSGpsSUYzNC9yQUpQZz09IiwibWFjIjoiY2IyY2YwMThiMjhmZDBlNDBlZmRjYzY3MTIzOGM4MWI2Yzc5NDA5OTU4MTJhNDcyYzRiMjIwYjBkY2RmNjBhNiJ9', 'eyJpdiI6IjdGWkxqdENWMEszam83aVo4cDhlSUE9PSIsInZhbHVlIjoidmk2WE9YTE9HaG43U1ZXL2Y2U1dZMFpZWk1udFhweERBeUNMeDl0dDlmOD0iLCJtYWMiOiIxNDU2ZDMzOGMxMTRlNmE5ZWQyZjhjZjg0MjZkOTljNzIwNWIyMzg5ZTMzYTAzMzk0M2I1OGE5YTFjMmExMmRjIn0=', 'eyJpdiI6IlpsNE05RlNkTHBOVktzQmJ3NzI0aVE9PSIsInZhbHVlIjoiYjQ5RVNPVHdRamVFZkZVRzZxYkpGbHFwSnVuRHVGRFZXSnE0MEVZTEVXZzJVSlJ5NXcxSnlWdWJlR2RaWXl6VWJPN2UxOVBzUk5pelh2dFFZTDNMTTFKZk5iTnZrYlJnczkrLzZlMjcrSUVjS0lvMU93RFl4T1pOejNJR1pLNHMiLCJtYWMiOiIyOGQ5MjEwYmIzOGFjYThmM2RlNmFjMWYzNGUyOWRhYmU1YTdhZTAxMjZhNzYzY2NhNzdkNWI1NzgyYzNkNWMzIn0=', 'eyJpdiI6IkFRckhBekRqc0o1Snl4YUM2dnA1YXc9PSIsInZhbHVlIjoiMDhXWUxsd3VUbi94WWRvcFFLSTNHUT09IiwibWFjIjoiNmY0OTg0ZmFlN2Q2YjViMjdiMDRmNzM4MzYyY2U5N2I1ZTdhNWUwNWRjNjY4ZTBkYmY2Yjg3ZWU3YmI4YTI3YiJ9', '2020-08-07 03:02:51', '2020-08-07 03:02:51'),
	(120, 'eyJpdiI6IjNNT213WEkreXdsTG9vMHJtMW15eFE9PSIsInZhbHVlIjoib0pmenREUGJtdEdlemlOaHpQYzhwUT09IiwibWFjIjoiNjY5ZWE0OWRlYjc2MTBlMjJjNjI2YjhjMmM2ZWE2MjQ1ZmQ1YzEyN2ZjOGQ5YmNkNDIzOGI3OTE1MTFiZmJlMCJ9', 'eyJpdiI6IitiNmhRNUJVc1doeDB5ODZ1T3JsM3c9PSIsInZhbHVlIjoiVlBaZk1DMDVlcVBmV2owL1prZzFOZlJkMWh4TTMvN1BWditEK0Nta1h0az0iLCJtYWMiOiJiNmNhNTczMjA1OTY2MjA0YjI1NDU5MjU0ZTg3MTBkYTUzMzY2NDhmYWUwYmMzZmNhZGI5MzIzZTk5NTUwN2U0In0=', 'eyJpdiI6ImhFZ1dCQ254MWpwbVUyWTZBeHBhdHc9PSIsInZhbHVlIjoib29UUXQzeXVZR290bVdiSXVqZ29BMFR2czBjUCtsekZOb0tyYVBBS0JmQkRLb0RPVkhuME0ydEk1dkdJQzYwc1RiNllDUm10a2crY3UwM0c5WU4waVhoM2hDUUFuY1R3aUk2OXNaN3pVbTg9IiwibWFjIjoiNDJhNDQ1YWRmY2U5NzYwYTIxMTM4M2Q3ZTAwMzU0MmQyMzQzMjM0NDQ4NzYzNDY0ZGIzMzZlZDlkYmEyM2M1MyJ9', 'eyJpdiI6ImlYcExrWnZ4aVdBSGtSZ3cybGJadWc9PSIsInZhbHVlIjoic2RuWGR6clZjZlRvSFJhcXY0SktNZz09IiwibWFjIjoiMDI2MTkwNmViMWY2MGUzMjQwZjIxMWIxYjAxNDk1ZDY5MmQ0MmFhZDY3MDlmZGVlNzY3MDY2ZDg2MzI3NzJkNSJ9', '2020-08-07 03:02:51', '2020-08-07 03:02:51'),
	(121, 'eyJpdiI6IlpTUmtYY2tjZTRMTmo1bVkxMmI1TGc9PSIsInZhbHVlIjoianNCTkFFOWpKUGc5N0tWVUI2MWRjUT09IiwibWFjIjoiMzA1MjUxZWRlMjBmZTM0NmZjNjNjZGFjNjMwY2RjNTUyNjc3ODQyZjg5ZWRiZjMyM2VmNGMxOGRhZDMzOGNkZCJ9', 'eyJpdiI6IlhZVy8zY05sU3R2WHlYWnBWWGIwemc9PSIsInZhbHVlIjoiR0tKY3N1aFZhc21JQnJOZnA5QzVBVG9VRkpJWHpLUXVUdHZYQTFlaUxITT0iLCJtYWMiOiJjYjI0Y2ZhYTcyZDBhYzFhZGM4Mjk1MDVlYzMzNThkNTlkZDBjNjQzZTdkN2M4MTM0NTZhMzYxOWE5Njg2YTNjIn0=', 'eyJpdiI6InVrNFdud0FQVVNodXE5dU9CYTMxWlE9PSIsInZhbHVlIjoiQ1M3dEhCajZjc01CaExuWVJNbzZvNnR0Z25rRUM0bkF3RTNpczlaMkRIalBtYWE4Y3R4NG1OQXBkZk9mcENoT2dOQ1RKc2xRZUNiaEZWc0pWQWxqc0R4elM5MEd1YkU3bnJjTVZJWGlicnRacTBBY2NrRUo3RWtjKzc4NjlBcU4iLCJtYWMiOiIzZGU3MTlhYjYzZDg2MzljODlhNTY2YzExNWRjNDJlODJiNzY3YTFkZjk5MDFkOGI4NTQwYTMyYzZmNzJlNTlhIn0=', 'eyJpdiI6Ink2N01lemYvSzdXQzBYc2dXY3gwUHc9PSIsInZhbHVlIjoiTU1HTTZKaDRaZjZ2ZWVacVl4V2haUT09IiwibWFjIjoiN2M2ZTVhMGJmYzdiN2JkYTA5ZjY0NDlmMGIyMDdjOTI1NWMxM2FhZWE1MTJkNGQyM2JjYmNmZDU1YzM2OGI3YyJ9', '2020-08-07 03:02:52', '2020-08-07 03:02:52'),
	(122, 'eyJpdiI6ImZ2Rm5FemxzVzRiUU1udmRNL0Fmc2c9PSIsInZhbHVlIjoiTGtwbzlPNzhveTAvSFZtcmhXNm1GQT09IiwibWFjIjoiOGEyNDU3YmJhNTdhYTFiNWE1MzJkODUyODlhMDQyM2E4ZTBmNWNlNzI2ZTMyZTMwNGUwYjI5Yzg5NjQ3MDM1YyJ9', 'eyJpdiI6IjIrYklmeXMrWFc5SHJZd09mbnRGb0E9PSIsInZhbHVlIjoibXduZ1NDLzREMGZEdVRVU1FCQ2VLdDQ3TXR3UlFLekJxa3J6bUpFOURyOD0iLCJtYWMiOiI5N2U3OGQ1ZjcxMjFiYjI1NzU2NzM2YzA4ZDA2NWY3ZmFkZWUzMjMzNTQ3ZjllYTdiNzAxMzFjMWY1OWU1NWE5In0=', 'eyJpdiI6IkkzTC9hNlQ1ckJadTBPcnVYbktzV0E9PSIsInZhbHVlIjoiYmVYVDhOd0dVaXNoVGx4Y0p6MGhjU3UxSXAzL3prempzeWxtVk5RRGhGVDFJOHByRklabzM0dXc5YW92TjFiU0I0WmZBdktlWDdaRUZZTVlBcWxVTXQ1Vi9yOHhYV1N6Q01tWlZTZVhrT0U9IiwibWFjIjoiNDRjNmJmYjM1YzQ4YzlhYWFkZTUyY2M2YTdlNjhjMmZlOTc2ZDhjMmVmYjM3ODAwNDQ3YThmNjhkMzkwYmY2ZSJ9', 'eyJpdiI6IlNHOFgvdFhmNXl6Nk1nemNhOFJEUUE9PSIsInZhbHVlIjoic2xobjl3TUlWdWVCa3Vsa0JFMlVPUT09IiwibWFjIjoiYzg3ZTAyOTc1YzcyODk2YTg2MjYzZjZlNzVhOTczMjdiMzE4YzkyMGNjN2Y3ZDQzZWMwNzU3YmEzZTQ5MTA2MCJ9', '2020-08-07 03:03:36', '2020-08-07 03:03:36'),
	(123, 'eyJpdiI6IlhIemMwUE12VHZGRFk5YXBqNnc3VFE9PSIsInZhbHVlIjoiSmk4NHllZVBXbmlxNFRVRzNiSXNxUT09IiwibWFjIjoiNGUzNjRlNDg3NDdjYTVjOTM3ODYwYzIzODgwNzQwNjAxN2RhODE0YzA2ZTVhYjQ0YWUwM2QxMTlkY2IzOTEzMiJ9', 'eyJpdiI6Ik8wZGo0WWs2T0xkejM4anZSd0VHZnc9PSIsInZhbHVlIjoiVVZXU2N5OU5ZeXJnOUc4Vm96c1FHRnJCMzh0RWNEVHE3L1JBT3JLaU1rOD0iLCJtYWMiOiI5OWFhODVmMWRhOWUxZjVhNDJiNmIyMjhlZThlZDFkNTE3ZWE0MWUwOTViYTdhOWFiMGZlNTJjN2YxM2RkY2VhIn0=', 'eyJpdiI6IkZyZTR4K0VlMklDdkVyeUtoYXRKY1E9PSIsInZhbHVlIjoidWNCaTVrQjFBTGRCTUV0d0pIRnFQUzVKM0l4SVMwbjFvMFUyUTNidFRKdmhXUjlXamFvQUFlclpOb3hvSnhLRSIsIm1hYyI6IjY5ZjYwMTQ2ZDY2Njk3ZjE4NjQ1NTc3MDZjYjNlOGNlNmY1Nzg5N2VlNzMzMmQyNzg3ODhmNDg2MzhhZWEzN2YifQ==', 'eyJpdiI6IjhJL1JWWWFCb3dzNmFzbXFCZlQwdUE9PSIsInZhbHVlIjoiTFpabHdwYS8rVFduSGlDdVB3cXp1UT09IiwibWFjIjoiMDJiZDk5NmE5ZTkxNmJmN2Y3ODQyODZmODVhZTcwNDBiNTIzYjcyM2NmODZkNzU2NjdiNWIwNzc2N2Q4ZjA4ZiJ9', '2020-08-07 03:03:38', '2020-08-07 03:03:38'),
	(124, 'eyJpdiI6InU3eTBZOU01NFBnVnJzRjZya20yYWc9PSIsInZhbHVlIjoiL241NjkyT1VwamhCTERIaFNkUlNNUT09IiwibWFjIjoiYjQwODkxZTVmMTIxOWZiYWZiM2YwYjUwMjYzMzc2ZDUyMzA0ZmQ5OTM1NjdkOTg0MzRiNDY5NzA4MmE1NTZhZSJ9', 'eyJpdiI6IitGR1V2LzNkU0VPSVJDWkV6VXhKZHc9PSIsInZhbHVlIjoiZS9VOElURy9SeTBKUTlSL0dMWWVUNDM1Ky9ST25ydytUTVhqZzViSitQZz0iLCJtYWMiOiJkZmVhMzVkNWUwYTZhZGM0N2JhNmY1NzdiYTIyMzNkYTlmMzQ5ZjdmNmI0MWZjMWMxMTVjNGViODkyZWJmNTE0In0=', 'eyJpdiI6IlVRM3FXQVZvRUV6ZVN2Zk5vaDlFWkE9PSIsInZhbHVlIjoicUVocTByVUQ3MVNzZFpPU04wMERkQVB6L1h6OU1wQWx5RUlTOENrNjFmQlJrWVUrK3V2Y0cxVXdjMEhkcm5HNURFRFV1aEd5bExtV0IwcGpOL1IrQUNkd08rekpmOGF6cS9vSDJEekxyM0U9IiwibWFjIjoiZDNiYjY1OTg2Mjk1ZjIzNGVlMDU3Zjc4NzZiMmE4ODgwY2JkYTA2N2JlYzI4NWViNTUyNTRlM2I2ODIxMTJjZiJ9', 'eyJpdiI6IlVKMUtUcGNrNElLOHpUSUF0bzQzd3c9PSIsInZhbHVlIjoibFBSZ2xFRHA1RzBkTkZ3ZHBpcFQ4dz09IiwibWFjIjoiNjI2NzA0ZGM1MTAwMzRhNjhjNDA1NTI0YzczYTM4M2RlNTFlZWE5ZjUzNTc3ZmZjZmNiMDVjN2NjYTczMTcyNyJ9', '2020-08-07 03:03:41', '2020-08-07 03:03:41'),
	(125, 'eyJpdiI6IlFZQTlOVDhxaHBnOG03VS9JVUxMM2c9PSIsInZhbHVlIjoicXp6S25MdmJHQ1doVXJJaHlUdUxTZz09IiwibWFjIjoiMDVlNGQ5MDQxMjE2ODdkNjU0ZDc3MzhjOGY5OTljZmI5MWEzZmYyNTcwZDQ3YWY5YjYyNjg4OTFkNjQ0N2RkYyJ9', 'eyJpdiI6IlkzUDhGY05NajJEb1dqN29QK1paTUE9PSIsInZhbHVlIjoidGh1eTd2NERFK1ZpNk9YbG1UbmQvUFNPWWRZaXI3THJZcWs2ZFBITTIvQT0iLCJtYWMiOiI4ZWNhYjVhODJkYjQxMjllYjg5NTYyMzgyZWRkOTIwZjEwYWM0OTMzNTIyODNmMjk3M2EyZmM0NGU2Y2NiNjA0In0=', 'eyJpdiI6ImJCT1M0VTdRbnNCQUFDNksvMG42dnc9PSIsInZhbHVlIjoiTVpXOG1ZdVI4M1BLTzFKSFl2VmRDU2hDZzhLcFlONUpOSHBsNWw1U3JWcXc3Nnl6eHhWdHp3WndKcTNtNUhBT0IwTjdNem5CZWFvTHhZQ2RINjdkSXVPSXV1QWtvamdXWk9HNEJCRndQbU1xL01tRnF4NUE4YkpJbXlsSmY2UkwiLCJtYWMiOiIyOGRlMDVkZDExMzVjMTZjZGY2NDZlYTc5YjdkMTE4YmVmYTYzY2FiNzcwZWY4MjI3YzFhZDU2NTljNDA3Y2M4In0=', 'eyJpdiI6IjlGV0RjYjhTWmRPcXdnWjdEK2Nwd0E9PSIsInZhbHVlIjoiVFJQbDVhUUp3R3h1eUdMRitaUTNFZz09IiwibWFjIjoiZmViNTk4NzhiNjZkMjk3Mjc4ZGEwODNjZGVkMDRlZGJkOTdkNTg2Mjc0MDdkNWRjZGUzZWM4ZTBiYjZkMTQ3ZiJ9', '2020-08-07 03:03:42', '2020-08-07 03:03:42'),
	(126, 'eyJpdiI6IktpY1FBd0N0TWIzU1pDNGY0QTVmV1E9PSIsInZhbHVlIjoiY1pXdGR2alhQN001RXZaUVBSQXQrdz09IiwibWFjIjoiMmI1YTQzNDMxZTliMDMwYTRjMTlhMGM4MTdiYmQyNTZhZDk2ZGVjMzdkNTM4MzQyMzFhYjU5YTQxNGRkOWNkMSJ9', 'eyJpdiI6ImsySHRZN3dvZyswYUhCSjZsWE1VRHc9PSIsInZhbHVlIjoiaXpSeUE2M2NPalYydFhubGpKSWFQd1Z2Nk5MUldwY3BIa0ZGSVN2T1VZOD0iLCJtYWMiOiI1MDIyNzhjZjkyMTc2MzNkNmQ0ZDRjYzQ2Mzc3ODVhZjA2OWUxM2I2MDc3ZDMyMjhlYzg5ZGU2MWUwY2JhMWY1In0=', 'eyJpdiI6IkN0cW5oQllhSTc1SEs2SjJVdG9YdlE9PSIsInZhbHVlIjoiUlZSc3hFZUZlM0U2eG9XbXB5VS81NThTbVVQUlVMRUEvYUsydkRFUlF1dUdNdk9hcVFIS3VPNlVjWmlBUlpVZSIsIm1hYyI6IjMzMDU1YTYzNmM5ZGMzN2FiNWI4ZGUwZGZhYTE0MzQxYjM5MDBkZTc2NTllMmM4OTkxMjExZGFhZGYwMzI1NDcifQ==', 'eyJpdiI6IkZuK2tVUUJLT1dKQ1M0T2M2SEJxOEE9PSIsInZhbHVlIjoid0o0MHY1MHlKVmdhNFR6OEppa2hSNmx4cFAvdnFXSC9VcUVyd2NlaUd3OElpTlZpVDRiKzlzYTJOVmZ2Ymh2TTE4WnZpWGNPeTh4Z3VFN0R4UDNCWUR3RDMxUnpsRy8zdjIwc05kZWMzanRBc3d1ajc4VFNVZEIxb1g3MnhtdWRtMW56R2NBVUI4NTdrMjdZaG1QVC9jd3FXdmZSZ1l2NlAxc01EOXRaM1A3ZG5LY0l6UkEvZ2dLdnlFWFhkcjgyWmhDQzA5QlVuMTJqRE9SejNNNGZKRW5jdVJ4Z0N4WkZLaFhTalpJNmtyND0iLCJtYWMiOiIzNDBkYjI1ZTRhNGFlZjRjNWJhMGJiMzQwNmNhYzk1Y2Y1ZmIzZDA0Mjg2ZjQ5Y2VlMGJhN2E4M2MzZTY5NGM0In0=', '2020-08-07 03:03:43', '2020-08-07 03:03:43'),
	(127, 'eyJpdiI6Ino3d0srTkpKSCtFRzZCOUJqRVExWHc9PSIsInZhbHVlIjoiSlBWS25rb3VZZTZFb2N2SkRjMU8yUT09IiwibWFjIjoiYzlmOThlZjg4ZjU1NjY1MmMwMjdiZWI1ODdlNDgzM2Q4MTYyNTgwMzQ0MGY3ODUwOWRhNTA2ZmY1ZGZlN2VlNyJ9', 'eyJpdiI6IkhQUnExcGRZUUx2OG9HZTZ5cTkxNGc9PSIsInZhbHVlIjoiWGYvclkzNytvcGpld0dJZjJjYzM1K0FWMFpScUVlQTNFVE1IVlVxbFhhbz0iLCJtYWMiOiIyZjdlNWQxODQzODU4MTg5YTFiZjExZGRjMGVhN2E1OWNiMDExZjhkZTQ3NTM5OGY1Y2MzZWIxNzg0MTIxYTkyIn0=', 'eyJpdiI6IldmRzU3TVB1WHZ4R0JUcmdma1FJM0E9PSIsInZhbHVlIjoiZmN6TWZrRnpFWkRSeFBOUHZDMlFBTS9xWGRhdmlwQWhyT3I2aVZaZTdRMTQrZ3BkakVmY1BYU0NwaXRyYnp6MnpHbWdzYU9ISVo2OHJsRGtvU2lod0RxT1VhS0VvR1dwZlAzdGgzYjgxOTA9IiwibWFjIjoiZDVhMmY3ODE5ZTJkOGEwNzQ5MWVmMGU3ZDUzMDdjZWNiYmRmZDUwNzU0MjY3NTkxZWJkMmIxYTNlMjhkMjU0NCJ9', 'eyJpdiI6IlFsMXoyTlJTT2MxcEhmOFlkM1lYVVE9PSIsInZhbHVlIjoiWjg5SEFXV0FqSmQvMVEvWnJKZlNldz09IiwibWFjIjoiNThkMjZjYjg0MTM4NGY4MDAyMTRjZjkxNWY0NTFiOTIzMjRiN2Q2NDQ2OGIyMWYzOGIwNzNiMjkzMjZhY2RmYSJ9', '2020-08-07 03:04:30', '2020-08-07 03:04:30'),
	(128, 'eyJpdiI6IjhTTERFQTNlb2N5YVVhQ1lNVUpCV2c9PSIsInZhbHVlIjoiNHFIaTEyWlVUV3RtZy82OHlDL2RnQT09IiwibWFjIjoiM2RhNDUxYzBkMzYxZTM0YmJkMmUzOGQ2YjQ1ZmVjMzBkZDIzMTI0MWI4NDkzNWJmMGQ4YzBlODJlODdlNzk0YyJ9', 'eyJpdiI6Im1uZVhkTHovOHR5VXBFMW5WNWYrMGc9PSIsInZhbHVlIjoiM1E3SkMxSG9aRHJZdTZCN1pyaG5SUVNBdWoxZTMxR3dJdHlmN1d2MUZ2dz0iLCJtYWMiOiI3ZTYwYzg1ZGExODllYTZmNWFhYTJhYmE5ZTNjMGEwOGNmOTAyYTZlMWZkZjVmNDY0YjYyMmEzZWVhMmFkNDhmIn0=', 'eyJpdiI6ImNpaFJSRE1wY2tRbitrYTJEczNDQ1E9PSIsInZhbHVlIjoiYmNlRUxvTUthWGFLN0JQNkZ5RFI4S2MxdHg2V3lTd1RjRGZxNWlWUURnWDI3VlhiTVZ4cTZzc2lVNEYwVU1HbDNCYXI1b1BDakd0cDBaRCtkaU9lVG9lM2lRdmNtRmFxQnJhTWdNa3d0M1E9IiwibWFjIjoiMzMxYjAzNmNhYTQ1MDNmZjQ3YjYzMGI2Y2UzMWY2ODY0ZjMyMmMyY2MyMTMzNzAyZTY2MTZjN2E0M2YxNTcyYSJ9', 'eyJpdiI6IjhGb3h2eGxoSVVJYW9HaHQ5T1ViQUE9PSIsInZhbHVlIjoiYnA0eFZvQjlCL1RhemVSMEMzTnF0dz09IiwibWFjIjoiNGFmNmExN2QxNDhhZGNmYzVhN2EwNDg2ZTc4OGM5ODU1MGQwNDg0OGY1NjVhMTJjMmI4YjkzNTMxYzIxMDFhYSJ9', '2020-08-07 03:04:34', '2020-08-07 03:04:34'),
	(129, 'eyJpdiI6ImxHU2YxZFliNTlMNEYyeDk1NXNoMkE9PSIsInZhbHVlIjoibGZwT0RNcTJTdTYyMUFoMTFFWk44dz09IiwibWFjIjoiNjJkMDZmYWM5M2VjMGQzNmFhNzRmNmE1YzA1ZGIyNmU0MWRmNTU0OWM2NmNkZGQ0YTY3ODE3OWEyOGIwMWI4YiJ9', 'eyJpdiI6InZCMWZUUWFnTW1nenMvS2orSFVkQlE9PSIsInZhbHVlIjoiS1BrcldZeU8rMkRxM0JMZGdaZEJEbnRTSnFPejFmbmFRVGJ2RUdzWEF3ND0iLCJtYWMiOiI3ZmZmMWQ2ZGM3YzU4YmJkYmI3ODg1ZDliNTI2ZTdlYmVlZjlmZGNhZmEyMzEwNmY4ZWIxM2RjMWE3MzEwNDY0In0=', 'eyJpdiI6ImpqTlBVTW4wbGc4emJqR200eEg4aHc9PSIsInZhbHVlIjoiMmJNWUdzKzk0Sk9mKzdjWE52MFNYK0FpUFJoQ1d0dU9iaFUyTFZSQTV4SS9yaUYra2EyWjhyK1phNzAvY0FJaE40VVZBbDFVaHROMndSTkZQclZEZExNTUZaSXc0TDNqd0dQR2dvNlFiZlpFdUR0VWIrN1BZRmNWQ0NkU2owcFoiLCJtYWMiOiJiYjJlMTRmZDM0NzAyZjM0NWMyZWI1ZTcwOTlmZGFmYzZjNTEwMWU4MGQyMTFlYWYzZDRjZmQzM2QxNDYxNDY3In0=', 'eyJpdiI6InNCMmhrbFM3cWNwMXpKMUtab2F6Vnc9PSIsInZhbHVlIjoiMVBtcW80ZW5qVktnaHVEaHNJN0Vudz09IiwibWFjIjoiMWY1YTFiNzI2N2QwYjkzZDQ1M2VmNDk3MmJkZGNhNGMzYWViYzgzYjUzNDVhZjRiMzcyYTkxMjlmYmJkZGUzYiJ9', '2020-08-07 03:04:35', '2020-08-07 03:04:35'),
	(130, 'eyJpdiI6IjVHdWNNMUhvdWZJSmtNQ2ZkS2JsUXc9PSIsInZhbHVlIjoiaVVkMjEyYnpISDhZcDdVLzZGUDZEQT09IiwibWFjIjoiOGMzMGZmNTdmNjhiZDc2MzhiZmJkMTgwNDYzOWFhNTFmMWRlNzEwYzU5NzVmYzQ2MGUyYTVkNDhiYzRlZWIzZCJ9', 'eyJpdiI6Im94dFdJSVM0MmZSZXNHemZHOHpSbVE9PSIsInZhbHVlIjoic3hQWUVTV3JJSEtvbE1waDFhbjBhL3QvZUliTmEzazlXZEpOdWRWMWZzcz0iLCJtYWMiOiJhMjJmZTU5ZTEzNmUxMGYzNDdlYWJjMzdlZDMwMDJhNmM2OTE3YmRiMDAxMTA2NGU4ZTVmMDNkZmIxNjczNmU4In0=', 'eyJpdiI6IlhpMi9mTmtEZnNpL2dpemVJWHluRFE9PSIsInZhbHVlIjoiTS9BeWYwa0RXSXJoRzNHK2hSK3pVMEsvWFoxNVVpS0xOU3doWVVXMXhacUo4d21rM0NyRVJyUU9lWlRteC9zRkRxZCtFYlF1VHViWE9zOWNYOWJCK1cwQkdWVWNKOFlLWjdXaGQ0elZEVHM9IiwibWFjIjoiZmE3YTM3M2I5MWUxMjM5ODQxMTU1ODEzNjc1ZWIwNjM5ZDZiMTgzZWJlOTIyZjc3NGUyMzI0ZTEyYjc4OTVmYSJ9', 'eyJpdiI6IjhZY2plL1JiQVdoS3FESUNUMHc0SXc9PSIsInZhbHVlIjoib2p5djl0ZXRDRlZaVHZld0wvTk51Zz09IiwibWFjIjoiMGYxMmIwZDhkNzBiZmUxMDI4MmI3ZTgxZWIzNDFkMzU1YzA5NzUyZDU2YjkzNzJjYTBjNTk1ODVkNzYwNTc4ZCJ9', '2020-08-07 03:04:35', '2020-08-07 03:04:35'),
	(131, 'eyJpdiI6Im9MdU1TbVRpcXlRNXFLMHY2cmJxVXc9PSIsInZhbHVlIjoibjlrS0JESlNTNW9LTVF1U0d3MXdwdz09IiwibWFjIjoiYzhiZTIxMjZlNDQ5NTNjOWNkOWI3M2VlOWM5NmI4NWQ3MmI0ZTljNGI4Y2MyNjMyZTAxMjY0Mzg2ZmQ2NTdmNCJ9', 'eyJpdiI6Ikcwc0s3NndrVWVrdW5QQk9CbWlBSVE9PSIsInZhbHVlIjoiYzdiVkFyNkpNWCsrKzVTUVdlWWZ6K0NOdnNOTjAwNm14ZU43K3dWSDIwdz0iLCJtYWMiOiJmOWQzNjIxOTU3MjRjNWQ4NjcwMWE2OTg3MmViYzYzYzg0OWY1MDU3YWUzZGQ3ZDU4Y2IzZjBkOTVmNTIzNzAxIn0=', 'eyJpdiI6ImY4c0p4dDRvcWg2RnV3ekF3TitXZGc9PSIsInZhbHVlIjoia3NHb1g2S01kNHZmWnFGaERMZTFEeTMrWVJaaFBUV3dmYmFsYmVLZzdYRi9ySG01Ukc0czR1UzRaKzJmWDlCeEtZS0ZEVjJpSkdkTUdoaUVHMThldmxNNExobHk2VGphZ3JaVnphQkFWWEE9IiwibWFjIjoiOGM3NjRmMWE3YTg1NTMyYTA1YTdlYjQ5NTJhODFiYzA2YmNkODk0ZjVhNjNlY2ZlY2ZlMDUxM2IzZTRmNGQzMiJ9', 'eyJpdiI6IlZiYkFuYzFhZ3ZBclE5ekV4VHFLZEE9PSIsInZhbHVlIjoiNmZCYmpZVy9uUjhqWGZIblpSVldIUT09IiwibWFjIjoiZjU0NjU3ZWM3YWI1OGY2MzFkY2M4YjRhNjdjM2U5NGJhOThmNmY3YjM4N2Y3NzdhZmVhM2Y3MzUxYzg5MDBhYiJ9', '2020-08-07 03:04:36', '2020-08-07 03:04:36'),
	(132, 'eyJpdiI6IkRYTTUvei9GdUdlQklhQ09jNkc5dUE9PSIsInZhbHVlIjoid1A4WForMW9ySE9PQWh0K2ZTNWV3QT09IiwibWFjIjoiN2ViMzA0M2Y3NGM2YzRhNTRjODM3MzAxMjdjMjJmNzcxYzdmNDczZjlmM2VhYTMxYjRjOTI5NTFhZmRkMDFhMCJ9', 'eyJpdiI6IjVDcjg5VjRsWmY0ZTM1c2huc3R1VUE9PSIsInZhbHVlIjoiN0dYMUl6TmgrWG1pZXdsS2p1RTBWT0dQeGl6b04rWWExbVdJYmM5eHJGUT0iLCJtYWMiOiI2MjdkNjJiNTQzYjBkYjQ1ODg2NmE3ZTZlODVlNjFlYjg4YzM1YzU5MWY0ZDliZmRiZDZhNzlmYWFhNTBkY2I4In0=', 'eyJpdiI6ImVQUTRuNVFVSkdqNGdqSlBaRTVMaUE9PSIsInZhbHVlIjoiMzd2RnFRQWdpMXFmcGU2WkQwSXlGQ0hDek00WXNuN1JTWHhOQWxkTERXTUJzVVZPZUhBZEFaOXhuZnB6UDZRLzlwSzU1S3hoL0xSTkFhUFp4dHl6dkpKWTRWWGRSQ0k3cWQvMkJWVXR4L3FMbkc5ZStnYlF6NWJsZ2tyMHd3S2giLCJtYWMiOiJkYTRjMTc1YjRjYzVhMmU0NjlkN2MwNGJjM2YxMTU0NDA3ZmVmZDc5MWJjOWZjOTdjMzNjMjljNThiOTNlNzRiIn0=', 'eyJpdiI6InVlNmdicDZPdWxWZkxETjViREx1T0E9PSIsInZhbHVlIjoiUVNCd1RoYU5hN3ZzOFBrYnA3MUd1QT09IiwibWFjIjoiZDBmMGM3YjM1NGY4Yzc3OGQ5YTUyZGU4MTRiOGEyN2UwYzhmZGMyYzQ5NWFiOWNiZDcwZDIyZjJlODUyNDk2OSJ9', '2020-08-07 03:04:37', '2020-08-07 03:04:37'),
	(133, 'eyJpdiI6InNBelJvaTY4a1d0aUxvVVcyNC9CMWc9PSIsInZhbHVlIjoiUzdkU0RUcVBPSFBRdERsSmZ2N2xqdz09IiwibWFjIjoiZDk0YTRjNDMxNTc4ZGUyNTJiMzlhMDE2MDJiMWFkNmRhODcwMTlhOGNjYWU2NzFiOWUwZTBkZjA1ZWU5ZWE3NCJ9', 'eyJpdiI6Ijl2bTdWeGFtSWtlMEtYUWk5YzUzeUE9PSIsInZhbHVlIjoiNUVZUDNRYldjTnBlTllPT1Ntc1BoNkloYUpjSFhSdEJiS3FXOFJlelhNMD0iLCJtYWMiOiI3ZDUxYmIyN2IxY2JlNjBlYjA3MzVlMGEzNjViYzQ2ODVjYThkNjU5NzVkMWJjMGUzODk2MTA5YjhmYTVmZWZkIn0=', 'eyJpdiI6IkZFNk5DdTA5bUxUWENLVTF5UUtGSmc9PSIsInZhbHVlIjoiTUw0SHNuQThmakg2bHBPN2VpQlY2TkEvZHlsUEVDREo0NGJjaThIdmxSU0x2d0Z3K1NkRmVrWjllSWZZdFpqRVJjZk85a3BoYmk4SlpqaDRLeUlvRHVTcUs4T2llK2ZsazdxZE04RHpEaWc9IiwibWFjIjoiMjE2N2Y2NjI5NTRhNDA0NzEzZWIxNzcxMDg3Yzk2OThlOTRhM2RjZjJiODk3NDY2MzBlMTc3MDZmMDA1NzlmMyJ9', 'eyJpdiI6IjBpM2hCaUpUbnNDamlkZ0hZLzR0d1E9PSIsInZhbHVlIjoiMFpKYVZ1c21QNVkvdUUzUEEwZmd0Zz09IiwibWFjIjoiZTA0MjFlNjA4Y2FiNGE4YzBmNmU3NDI5ZDk3ZDk4YWVmNmI3YTkzZmZmNjYxNmIxOTIyNDI3MGZhY2UxNTBkYyJ9', '2020-08-07 03:04:38', '2020-08-07 03:04:38'),
	(134, 'eyJpdiI6IkRHNkw0blF0MkVLUnd1SVJRRzBvbXc9PSIsInZhbHVlIjoiNTZ3d2JrRTl0NzVCMkMwS29yaUZNdz09IiwibWFjIjoiZDMzNTI2Y2Y0MDYyMjhlMzkxMTY5Yzc4NDAwNzkxMWQ4MWU1NzYzNDY3YjExNDUyZmJjYmIyNjY1YjIzNTgwNCJ9', 'eyJpdiI6ImJpaldkMzBGRmRWNkZ4cTlNdzRZZ3c9PSIsInZhbHVlIjoicFZzWGdhdzJ6Tkd1cjB4M1hJeWc3bTZOdmd1ZXVLRnNhOUh2THNuaWZ5TT0iLCJtYWMiOiI3M2YyNmNkYTA2ZTdjZTVlM2JmZmIxY2RhYWRhNWRkYjNiNjA0MzEyYWY5Mjg2YzFlYzQ2NTM0ZDQ0ZTg1YTJlIn0=', 'eyJpdiI6ImN5Zm14S2EvRVlsVDFCZWd2VEc1QUE9PSIsInZhbHVlIjoiRGV6VElOVUsybHhJdHRMQSs0VEN0S3FIK05NVG5xMEtkRm5OWU5NTFNMTnI0enN1QnEwR0dTL0Z0Ry9jbmkyaSIsIm1hYyI6ImJhYTVkZGMzZDllODY3YzY5ODg4M2IwOTM0NGUxMTMzNzk5YzI1NGQyNzBmMGJmZWVmZDU5ZDEyNzIxOGZiYjgifQ==', 'eyJpdiI6IjgxZWxjQjBmL0hCaUowc2dSRzVMM0E9PSIsInZhbHVlIjoiejFBOW5DSjREZDFkYzRTcWQveTNuRm1VS1RCSkNIR2F6bzJibTRRYkJCaE5aREx5Y3I0VUk4eDBDWEpuZ2NueTduTGJhcjBIVkNTWjNzdW5TOU9WcEZ4VjNYQUtXSTM2ZFdGUGN6aG5KYmtLVzU4OFhacjhhNTVBM2RpY2JNbDA3Y2ZaRzk0Q2J5cGhrQzlzWEh3Z0Y5ZUM1eTVVaEgrWWdkcWRqTWphb2xCd3FhM2h0akFoTEx6MnVxN1BoVkF6OXdzM3k2T0dLWVdtWXEzNVJCc2ZyZ0dGbGpQS0JRSXlSa0src1BuVzFNQT0iLCJtYWMiOiI2YTc5NTMxYTdiMTY5NTA3YjIwNGU1NmU1NmM5Zjg3Zjk3ODRkYmQ5MzNmNTRhYjU2MDAxMmQ5MWY2YTY5MGRiIn0=', '2020-08-07 03:04:53', '2020-08-07 03:04:53'),
	(135, 'eyJpdiI6InQvUUJUU0RJTi80V0lyRWNIUFZ2WGc9PSIsInZhbHVlIjoib2ZmZ2xjODQ3Z0wvTUcrTkoxd0lmZz09IiwibWFjIjoiMTUwNzU4NGYyM2IyNDc2YjM0ZWRhZWYwMTgwYzQ0YzJkOTBmMDkzOWE3Y2VmNTc0NWU2ZTQ4YjA5NjYxZjAxZCJ9', 'eyJpdiI6ImpXT3lJZXpTRWVGb0VkT3RaQkdwVnc9PSIsInZhbHVlIjoidUE5UlU5Z244VEg4bHJmOEtTUVdrZTFEWnc0QjJ6MUhBMXpjTkgxd241TT0iLCJtYWMiOiJjNjMzZjgzOGJkM2M4ODY2OTZkZTNiZjU4OTU4MzUxM2E3NjE4YjJiMzJjYjNkNzhjOTkxMDgxMDFkMTgwZGFkIn0=', 'eyJpdiI6Im84OStQU0EyUlYyL2tjSnhOU2hUQ1E9PSIsInZhbHVlIjoiT3pYMkc5VFlDc08ya3BIWHg3SUFmU21SRVNIZEtuTzRFMk1YK0RtcFU4WE9JcDNWZzM1NDB5WjFtMm9TRHl0RyIsIm1hYyI6IjJhNzM5ZmUwYjBhNzdkMGQwMDM3ZGIwYzg4Yjc3N2EyNDI3Y2NjMWJmYTQ3ODBkNjUzMDNkODM1NDNmZDc0NGYifQ==', 'eyJpdiI6IllIUXEvN3M5WnVvN0hKOEovMmRUY0E9PSIsInZhbHVlIjoiS2JUV2xqWG9ybWpHT0FrbVJxUFFvZDZTbXcvZzdjOEU0VlNsb0lTa2syY2R1MUgvb0dzWkNaTnhuRXVtU0FQd3YrZWgxZnlUN1VvRjlOMXRZKzlRQ2xrQ0J0MVJuZkwvNFB0VGRjUm5Mb3RUcHJnSG9ENFNMS3NjRzV5ekxJci9qRTVvbEQ0WjZTcmFhZnpyNHRlaE81OE01MEFxVUlFbTcyYndiNjMyL1lXbGd0eCtzUUkxKzlwZDhJemFVWG8xUmdjZVhrNXE3OVhEQisyMDBFRmtHMHN6YUh3UDhZRHMzVU55L3pzeThuUT0iLCJtYWMiOiJhNmE4ZGIyMzhkNTRmOTc3NjhlZmQ2ZDc1ODVmMTQ1NmFjZGYxNTViZTJlOWMwNGQwMWYwMmUyOTZjNWVlNjk1In0=', '2020-08-07 03:05:02', '2020-08-07 03:05:02'),
	(136, 'eyJpdiI6IldTRjZURVc4UE9wMk1KNWVOOXI5dFE9PSIsInZhbHVlIjoiUmEzYitmUEx6KzJQcUUrbTd4NWdZZz09IiwibWFjIjoiMDliMjBiNmE4MTg5ZTRkYTU5NmRlNzk3ZTYyMDgwYzRhOTFlZDUzMGMxOTc4MTJjNzBhMjgwZGE1ZWM0YWYwYSJ9', 'eyJpdiI6ImFzV3hpd0U1OENUVysvSUtXNWxET2c9PSIsInZhbHVlIjoielNiWEdBcEdQbVdlN0RpbVJUOUM0SnNnNmdaTXNGUFFTekZVYmlmWVYrZz0iLCJtYWMiOiI0ZDAxZTE5MWFkNDEyMjIxNzY1MTk0Yzk4NzQxZGJkMWNlZTc0NjgyOTg0NzAxNjE5N2RkNDAwYTNiOTk3NjNkIn0=', 'eyJpdiI6InBlaVBLV2pwRzVudFJTVEs3MHUwYUE9PSIsInZhbHVlIjoiL0J3T29EYjJSKy9wY3d4UUJKOEpiTm9pd2dtTXpmWnRlSG8vMXoxbWMrU0hRTDJTYjlraWlsOFE2aFZmUTBOSFQvc1QwK3B2REpxSnpBSjV5RkdHQ0VkME9rTTJwSUFhZHJSdVJoYTBHKzQ9IiwibWFjIjoiZWM1MzFkOGRiYTdlM2NmN2VlYTY2MGMxZGM1YTNiYzc1NzAyOTg1NWM4MDZhOGRmOWNhODExMDBlMzU3NGM2NCJ9', 'eyJpdiI6Ikt1N1gvYVFvYlpsWjRhRWlnSTZnd2c9PSIsInZhbHVlIjoiMnZZcytGVWErZFZJczI3eXZlV200Zz09IiwibWFjIjoiODFiN2YzOTg5ZjM4MjlmMTE0YWUwOGY0MTEzYjNhZTgwMTAyMTE3NmI1MzE0ZGQyYTEwN2EzMTZkNjViNjk4ZiJ9', '2020-08-07 03:05:14', '2020-08-07 03:05:14'),
	(137, 'eyJpdiI6IlZ4eHpEc1N5bS95UmxzUWtGelhzUEE9PSIsInZhbHVlIjoibzdVK1hUTkJnSDRySEl0MW9DQlRxQT09IiwibWFjIjoiMjY5NWY2NjkxMWFlZGZlNTMxNmU2Yjg5Mzk1ZTkzOTFmNTFiMzNhODMyZWQ4YzBjZjM0OTA4MjJiODdhMThkMyJ9', 'eyJpdiI6IjN4b3d6V3pMU2pqR3RrRUJ2amZjeVE9PSIsInZhbHVlIjoiUjFyOCtLR2pqeTNOd2loa0FnVUhkRDdaUU54RTB0MjdBaEtHWS80Q1Raaz0iLCJtYWMiOiIzMzA0Y2NiYjU0NjhkM2NlNGMyY2YzNjU1N2UzMjBjNzczOTQ4M2JjM2ZjODA3YjM4YzIwMjU1MDk2MmQ4NzUyIn0=', 'eyJpdiI6Ik1BdS80a3BqOG9WTkdEbXlKcVQ1VEE9PSIsInZhbHVlIjoieUNzd1N6SzQzcWN3L1VNSDhTMWdzSmo3Ym9wUk82TS9rTnhlb0I1K0xnWUsvRXhwM0pYaUIrd0VLa2hJcEx0enczNlFOTlJiRnc5SlJWLzZoazNxTnluNm4zeVRsZ0FhUkhyRzN2Qm1Hcnc9IiwibWFjIjoiOGI1MzYxMTFlOTIxMGNmYzgzZDVkNDdmNmUzNjY2Yzk3NDRlODc5OThmMzVmODM5ZGRhNDUwMzJhNjcwMzAyZCJ9', 'eyJpdiI6IjAwNE81NTY2ZitNeVFkM0RLUW5UMGc9PSIsInZhbHVlIjoiMmFnc3BpcUdJc0tEWnJrcWhOTU9Ddz09IiwibWFjIjoiOTFmN2MwM2UxOTk5ODIwZThjZjAzYjczNmQ2NDU5YzBlMzg5YjQ4YTRmODMwYzM4MjE0MjdmMTJhZWUwYWIzMyJ9', '2020-08-07 03:05:18', '2020-08-07 03:05:18'),
	(138, 'eyJpdiI6Im9iZzJlcll0K2dPVi9kbnkrSWE2YXc9PSIsInZhbHVlIjoibENhb0ZvL1VMZFJFMEg0d0xLbTZiQT09IiwibWFjIjoiZDFlYTdiM2QwZjQwODliMGVjYzhjZThlZGU4MDUwMmIyYjA3NTQ5MjFjMjAzZTFkOGM4NmFiM2FjMzI5MDc5ZiJ9', 'eyJpdiI6InBSN0N0MDEvbEFmeS9RVTE5a082NGc9PSIsInZhbHVlIjoiRHdDcEJpdU8wRlg5OW5YZ0lzS2NtRkF0YUVQdkdkdzB6SUwyR1FweGhkOD0iLCJtYWMiOiI0YmM0NGU0ZDk2MjIzMTBjZDFjNTE2ZmUzNWQ0MmNmMGUyYTc4ZDgzOGQyNTA3OWIxOThjOWYyYjQ3ZDI1ZmU0In0=', 'eyJpdiI6IkJJTkVGM0VHdWhqN1hBVHdNSzY4NFE9PSIsInZhbHVlIjoiRnlBQ2VpRjlYaXpKSGprd2Nob0tMQWFYQ1pHNmdha1MwRjhKaVRUQW5EeVRzMkxzR2R5am5CUncycVp4Q3oxb0d4OENSdnNPRUo2UjR5eEZ4ejdXRytiKzU5K0U1RXg1bStreEFwQUhRdG50dTVzUSs4bGc4WUc5ZTFjNnNIdlEiLCJtYWMiOiIxNTQwY2ZlYTQzNWU0OGM4OGMzMzQ3MTQyYTRlNTk2ZWQyNzEyNjM5MDU4Y2MwYjZiNzQzODJlMmNjNmJhM2NiIn0=', 'eyJpdiI6IjkwZDRrRTZKSDl6c3FJSVVLKy9NUFE9PSIsInZhbHVlIjoiU1pZYnJwZkQ1eHh4RTlUYjhhdHREZz09IiwibWFjIjoiNjhjYmU2YmE0ZWUxZWRlZTFhZDFkOGM1MjBlY2MzOGVjYmE0NWY5ZjFmYzM4MDg2MzJlYjcxNDRmZDkwY2M5NyJ9', '2020-08-07 03:05:19', '2020-08-07 03:05:19'),
	(139, 'eyJpdiI6IlRWaFZENk1qeEt2c1h0dDNITVNQVXc9PSIsInZhbHVlIjoiVWtRampObTF4d2FDMVNxTzJ0SFRKQT09IiwibWFjIjoiYzllNTlmZmQ2NjZjNDI2NWIzMWVkM2RjZTYyZTcwMzNkMmMzMWNiZjkzMDliZTJjYTI0Mjg3ODYwNDNjOGY1ZiJ9', 'eyJpdiI6IitPRUE0dGI4elVkTitjVXE0TDFmTUE9PSIsInZhbHVlIjoiem14ekh3c2RxOWJNVnIweHc4dTJmZlZLd2xQcTJUeEw2TUYrUHF6bnJGQT0iLCJtYWMiOiJkMTBiNDcwYjkxZDJkNDJiMjFlNGE1YzY5ZmI3MjRhYmNmZTc2Nzg0YjQ5MGE5NzUxMjNjNTA5Y2NhMDdiMDY3In0=', 'eyJpdiI6ImMwUVNsdVdvVUlkMUhndXF5a2RmVmc9PSIsInZhbHVlIjoia0w1bGd1dHNVZDZ5S3pIbmdqSnRqcEl0bnphNU1Lb1J3ZXJWU2pwS1pGWFNDMTJYLzV1R1JPNDJRcDIyTERkeGxUdUQxYThyQUN2SlVYMHVodzF1SDBLeXVGaTIyOEhXQkd2eHFaWm1Jd2c9IiwibWFjIjoiNGE2MmRiMGZlYTZlZTc1ODA4NTEwMTRjY2Y5ZDIxNTZmNWIwYWMwYmIxMzU5NjMyMTdjYjQzZGNhOTY4MDdhYyJ9', 'eyJpdiI6Imc3eEJKcHpaRmEzT3IrVXpkWmVNdHc9PSIsInZhbHVlIjoiUHZNdlV5NWFCTHMwYjl2cERpZkNUUT09IiwibWFjIjoiZWJlNWIwYWJiNDJjNmY1ZmI5NDRmN2UwNDZhMDZhMmVmNDM4Mjc5OThhMmI4NzRmY2JmNmFmZGM5YjM3MDkzZSJ9', '2020-08-07 03:05:20', '2020-08-07 03:05:20'),
	(140, 'eyJpdiI6Inh5cHFqTXZVWEtERmlVZG9RS2pwc1E9PSIsInZhbHVlIjoia0NESy9rK3RkWVlhblJUdnZaUGNFUT09IiwibWFjIjoiZmZkZTQ3ODRhMWVmOTVhOTk2MDY2ZTQ1MzU4ODMzYzk2NGJiYzA3ZTE1N2I5YTBiM2U5ZjJhYWIxNjFkMDdlMCJ9', 'eyJpdiI6IlRkNldCZHhKaUNjK1U0cEk3RFRxcEE9PSIsInZhbHVlIjoicWNNM3J4WFQ3b3JnYUZRcnZLK0d3UjJpS1ZUcnU1TlUwSU5RQlZ0SU5Raz0iLCJtYWMiOiIxMWM5MWQzZTBkZTc2YTc2OGQ5MTQyNWE1NTI4MzY5OGEzNmJlYTc2YmJlMGI4YmIzOWMzMTkwOTVlNDFiNGVlIn0=', 'eyJpdiI6Indwc2EwTWRGakFpU3JSTmNHU1BCSXc9PSIsInZhbHVlIjoiVUt5YlNuT3R6MXdITXRzYVc3V0JOUFBjUjN1WFg1ZjBNQWFGZ2lTVGFKRnN0MkUyM3k2cXZXclFxakRoZk1HVmpTNnUyb3NBYnZ6MDBvSk55cGtqT2d3bS9lQUJoek43YWZPblVxaUozbWc9IiwibWFjIjoiNGE2YjFkMjVmMTg1MjMxYWM0N2M5MDJkZjExNDk3NDMzYzk1YzBjY2ViOTUxNjM0ODQzZDRjZjk2ZTczNDYxMSJ9', 'eyJpdiI6IjZleFNYdGZBYkpvWjJBOUdFVG9YZVE9PSIsInZhbHVlIjoiaGdyUTc5NlZXZGE3NFBZZjlWMmxqdz09IiwibWFjIjoiZjljOTlmOTU3ZmE0ZGJhZWEyMWZjMWE5MjUwYzc0OGU5OGEwNTEwNjkwNzYxOTRmMjBhYzAyNmIzNjM4NTRkZCJ9', '2020-08-07 03:05:21', '2020-08-07 03:05:21'),
	(141, 'eyJpdiI6InRWOFpPVDdPUS9oNDlrdGtUenUybVE9PSIsInZhbHVlIjoiR0tTelExWDgrSWo5UDJnMGt4cDFRQT09IiwibWFjIjoiNzM0YTc0NjMxY2Q1NGQyNWRkOWMzY2E4OTI4MjAzMWEzZTM3N2UwMmM0ZjQxMzU2MjFiYjdlYmVjMWRlZTBlZSJ9', 'eyJpdiI6InQwNVdlTm1XbUMrNG9tUTRXYXFpNUE9PSIsInZhbHVlIjoiZHdDUXBHY0c3RnZxd0ZrSEJUa3QrZFBtdG5XdndQc3dxMCtFT2l2UzFyND0iLCJtYWMiOiI0NDQzNzRhOWFjOTI2NGY4MDAyYmJiNzA4YmU5ZjhiMmY2ZWQ3M2M1NzczMGYyODdmNDdlMmM0MjAxMmIxMTAyIn0=', 'eyJpdiI6IjlRODkvcUFCQXN3UUFveVZUM250YWc9PSIsInZhbHVlIjoiellhcDZsZUpJSkhXa1pNWmN1VXUvVUp3RG90LzRRRE1OS0FWKy8rVXpza1o2WXlnQnVCeDVoWUx1NkwzU2ZPR0RvdUR2ajR0MW11TGRLc3BSR2krcC9zaW5JdkV4ZFI3OVBORjBUMERlYk1oUTIvVm93dmRqVzBiWG1XUENzV3oiLCJtYWMiOiIwOWUyMGRlMTQyM2YwNzQ4MjMyOTEwMjQ3MjYxN2YwMzYzZjU4NDhhMDk3NThhYmE5MDA2MmVjMjgzNDNkODY5In0=', 'eyJpdiI6Im5MQUd6eldDcjRQRk84ckJLdUJwMVE9PSIsInZhbHVlIjoiZ09iRFV1cnJHeDNJSlZnV2tvdG5HZz09IiwibWFjIjoiNmRiZjNhY2FkOTZkNjVhNjRlMjU4NmQwNDNmODQ3MTVkYjNjYWE5YmE4ODJhMzQ4ODhiMDI2ZTdkOTM5OWI2NCJ9', '2020-08-07 03:05:21', '2020-08-07 03:05:21'),
	(142, 'eyJpdiI6InhVdy9PVFYyL0QvcUxhN3Y0WFAwZHc9PSIsInZhbHVlIjoidXBPQW9kMFBPRXJISFFQUlJ0VXgrUT09IiwibWFjIjoiZTUyYWEzODkxY2Q0ZWY3YzQzM2E5NTEzNTYxZDdlMjM2ODkzNzM3OTg1NjhiNzhkMjRkYjViY2ViOWUyMjFjNyJ9', 'eyJpdiI6IlFScVRzbWhGbWtkNmlxU1VCd3BnZFE9PSIsInZhbHVlIjoiYTRqTnl2MEVQZVh1enFXcnQ2QlNFZkV6UXlWd2xUbmxYQ1FXaThFVFV4cz0iLCJtYWMiOiJmNGE0ZGE2ZmJhNWU4MDUyNjAwOWNkZDQ3YzE3ZDMxNzc5ZDBlZWQxZGRhZTc1MGM1MDQ0ODg3Y2Q1NDVhMTg4In0=', 'eyJpdiI6IlZweGVvd0o3WE9LWVZIRzZuWDRwQWc9PSIsInZhbHVlIjoiNEZENmhKSHJBU3JpVExlckJOcDBaU0JBTm9DbGpEc2pXT3AveS9nOVNmVFhNMG1IOWZPWlBuckw2TkhpUXNLMHo2VDFWd0xGeGRidmE3T0UwRCt0ZzJmQjN5aFZqYm9WSW1WcUV5NzZBRGM9IiwibWFjIjoiYzY3ZWY0MTU1MmU3N2EwYTYxMTNhMTNiNjFiYTQ3OTZlNzUyYTMxM2EyOWRiZmIxODVmYWJmNGEwYTEyMTVmMSJ9', 'eyJpdiI6IlNYa2UwYU1uY2ZUQldDTzJldXFwcGc9PSIsInZhbHVlIjoiYW5UMGRNK2hvR2ZYbFZzNmhlbFErUT09IiwibWFjIjoiM2RhZDNiMWZkZGFmNjkzMzBmN2JlYTg0NjFiN2I2OWQ1MDkyYzk0MjNmMTEyNWY0MGE5NmRmOGIyODBhOTAzMiJ9', '2020-08-07 03:05:22', '2020-08-07 03:05:22'),
	(143, 'eyJpdiI6ImpJeHBCVDdlS1h1Z1RLQTBqczRmQWc9PSIsInZhbHVlIjoiOHlsMitSYUVJRTY4aGFYRkZIN1RoQT09IiwibWFjIjoiMzE0NzQ2ODYyNGIzNzRmMjFhOTZjYTg1NjZhNjFlZmY0YzliZmExZmRhZDljN2NmODNkYjZiNTE2Y2MwNTE1MiJ9', 'eyJpdiI6Im1aT3lVa2lnd3NhUWFMNGJBWjIxUkE9PSIsInZhbHVlIjoiLzlMSHp0SzQ2S2RDdGxINFQwNU5DRVVyVVMyUDJMME9XMkR5TmRzb3oxcz0iLCJtYWMiOiI3ODg0MTY5MDc1MmM3MDcyNTFlMTJmYTlhNzExYTZhNDBmZGRjYjZlZWE2YmU0YTMzOGU4YjlhY2RlY2ZmMGY4In0=', 'eyJpdiI6IjBrZFZodDM2OUxsaHVXTm9UV2hGWHc9PSIsInZhbHVlIjoibm5uMVNwdnZTK1ZkdHRLRFNOVS9tdVdjTGl2RlIxMmZqL0JYd0dtMzlWK1VETnZNdjBCWng3dEtIY3hjazdJUiIsIm1hYyI6IjA2NTlmMjBkZmE0MWRmMTdlZjc1ZjY5Y2YxM2FkN2IxNzIyMDkyYWNlMzc4OWQ3MDIyYWI4ZTcxNGZmODdhNDgifQ==', 'eyJpdiI6Ik5nZDlnUFZlSS9jS1lPVmNURXNUU2c9PSIsInZhbHVlIjoiMlRYSWM2SFcyTWhzVHlFQlNlemtWNkg3a3lXRTNVTUJLaStoUytZWUdMbjkrNUROK3JRK01RRWd4citaNXh0cHpJSi9SM202ckNxKzFvZEF4SjBhQzJHNWRNVzdMc0tJVmo4T3lycTcxRzMvem1zQUJ6Y3IzbS9lTG1IeFB3UlRqMVZFTlVkeFRueWQrUTVZclRjYjZhYm5BUmVSZTBYNXZQM01aY2VHSzAzZzM3TXpwQTMzbGp1ZFZid3JjQ0ZIbzYvRndWZkZ6YjQ0TStkSW1MRVZvWUd1TVNpYTk2UnFwbFpiQmQ5Y21XTT0iLCJtYWMiOiI4NGViMGQ2YThiNDlmYzE0MmFmMTQyNjAwMjU2MDdjZDgxODBlOGUxMzBhNDc5OTFmNzE3YWM3NTY3ZWVjMmIyIn0=', '2020-08-07 03:05:41', '2020-08-07 03:05:41'),
	(144, 'eyJpdiI6IjJ5RkVmbzRyZXpxTGxEVlBsMmtJR2c9PSIsInZhbHVlIjoiSzZ5dlhrQVc0bzZFOUllZnpRNlNzUT09IiwibWFjIjoiYTYyMDgwMjNkMjEzZjk5MjIyMDc1MzhlNjZlY2YzMTc1NTdkMTZhNWUzODQ4ODM1NjYxZWMwOTMxODg3OTI2NSJ9', 'eyJpdiI6InYwWG40MFY1VERJVk4rcGVLcDkyU3c9PSIsInZhbHVlIjoibGNlb1pvV1NjS1poSk4ySHQ4b3FsUmVXQmJEVDRwU2JvL2FpbVhjOSttMD0iLCJtYWMiOiI2YTc2NDM3NGMwYmY1Y2EzNmFjNjA0NWU5NzliN2I3YjRmY2FiODE0ZTcwODlkNTgyNTMyNzI4NjZhNTUyMWY0In0=', 'eyJpdiI6IjdDekNkNG90bTlmMldpTFR1OVJsRXc9PSIsInZhbHVlIjoiWEhNMGxEYU5KS2x4aGxlRnJwcjhLdlZPTlRWYmFpZkFiVEdFNVBpT25UN2lLUWxFdkc4OEVySkxWREFLU0g5MSIsIm1hYyI6ImFiNjAyYWVkYWNmNzQwN2FlYmNmZTU5NGE0NDE5YmNhNmQ0NDZmMWM5MDEwZTM4NTkwYTkwY2ZiYjc2ZDZhZGMifQ==', 'eyJpdiI6IlRTWU5uMXBWemY5bjhqZG83ZkFlVEE9PSIsInZhbHVlIjoieEU3WUZhQnN1SXRrelN5Z3FHdXZwNTZSYkR4aFRmeXBVZjVWNVRTTjRGOFBWTGJpa3VSQzlIZWVXMGNyZHlWNFNxUHZLcmxJUjVlSERhYWd3WHFqdlR3Ulp4elRaa2xUdldYS0NGcGpScVhWVFV0VzFtOHh2NmtvWGdnUXNZOFh5TU45L3BRdDVCWmlpRU4zK1ZFVjQ1MkhZdEgyZVNKaGdsY3R1U3hmUFhVaXBDclRhVTVNQXJwN0FGdGtTQkxETXR3aDBsVTZLM1cvVG55ZGhqK05EdG9mZW1mYXNDYnZpNmdjZElLbzBVUT0iLCJtYWMiOiI0NDQ3MGM5YmMxODBiMGZhNWViZmJlNmIxMTM1YWY0ODdjZWU3OGY3YzlkNmUxZTZmZTJkNGY5MmI0OTA5YmQxIn0=', '2020-08-07 03:05:59', '2020-08-07 03:05:59'),
	(145, 'eyJpdiI6IlZyaWhDaUphOWNBbDFPOUZFeWl3M3c9PSIsInZhbHVlIjoiLzYvNU9TYkljTlhZUkdiNklvcjlidz09IiwibWFjIjoiYjI5ODc4ODcxYmMxZjU2NTc0NTAzNGQ4OTQ5Y2EwOWEwMzg1MGUyNzU5YjVkNDA0ZTVhZWI3Mjk0MDk0OTdmYiJ9', 'eyJpdiI6Ijd4MDViWTFDVldVZjJYSXNjN1liWVE9PSIsInZhbHVlIjoiU1RINURETlJDUGpKVEk3c3lIRE54SW81SmNWS2xaQ3c0OHRBNWdKLythVT0iLCJtYWMiOiIzZjUwMzI5MThmMTc3NWJhMDYzYTUwMmIyZTQ5ZDgxNTAxYzFlOWU3MzEyYmE4YjAwMjNkY2YzMGQ0ZjU3MzUwIn0=', 'eyJpdiI6IjJSVGk4NFhFaFZTVEMxRTVGTWlPU1E9PSIsInZhbHVlIjoiRERRYlVyUjJyY3JOemhlQ1g1QXd3TThLZFhkaWNzZ0lxS1VuK29rK1VzVnpKM0gvNjlYRkFkNlpjdWloVmFyRSIsIm1hYyI6ImNmMGZjMmI3YzIyMzFmNDk4NzFjZWUzNzVjYTJhMmVlYTU5MjUwNWZkOTUxZjY0YjA1YmYzMjdlYmQ1ZDNhYTMifQ==', 'eyJpdiI6IjZkbzA2dkNQRi9PU2Q5cU1Yc1Qwb1E9PSIsInZhbHVlIjoiKzltT3l0VkVpemdJVnVjdmRnQldNU05VdTlhWVJqZ0RkaHcrZmUxOHFiWmZJSkh5b21SWWVpZGYxZkw0NUJ1R3NjZEFwUzBsVWZVUjNldHBCeUpCQnMwK0FRQlk2NEVpYW4wUmRxdFJBLzNpS3owNitrUVo5SXA3eDZ5ZEhqcDNsQWRrNStTVU1Dc2lTM3hXRmNhNXJTbnM5VUJQRWNLQ0IyeDhNSUY5TUk2ZVArYnhNZXJCYnUyY2I5VERZTmdCU0hqd3d3YWVlRkFPNDFtdjI5Vy9HdTVsd0MrNFZpN0p4Ry9KeFRmQ3NPdz0iLCJtYWMiOiI3ZDc2YmM1ZTUxNjg0MjgzYmIwZDA5YjI0N2M0ZDU0NjdiMDQwZWY4ZTVhMTJjMDQyZmIxZGNkMGE3ZTdjMDYxIn0=', '2020-08-07 03:06:19', '2020-08-07 03:06:19'),
	(146, 'eyJpdiI6IkdUSjFJMkdmdHNSeGpBUGxFWTRPVnc9PSIsInZhbHVlIjoiRCszUnpxc2o3TmxrMGtKY0IyWWIvZz09IiwibWFjIjoiMWYzYzYzMzA2Njg2NjM1ZTc1MDU4MTRlMTY4ZDQ3YzRiMmVhOGNjODM3MmIzZjNkZGExZjFlODQ2MzViOTQ5MSJ9', 'eyJpdiI6IjJPNTRIdkdaVnZhUG0zVXpobXgxOEE9PSIsInZhbHVlIjoiU1ZrZjg1TkZXcFBZNWdEMnB5Yk1JVDhnRGNPLzVjNHNqRWZTc0djSmZkUT0iLCJtYWMiOiJiMWIzNjU1YjM1ZDU1YTM3MGZhYzI3NGIwZjJmYmNhNDYyZDNiMzQyYTg0ZGIzODAwNTA3MzkxMmU1ZWVjODlmIn0=', 'eyJpdiI6ImNxb0RaTnZsRCs3YkZZcVlxNnFwQ3c9PSIsInZhbHVlIjoic1ZsRTBWQ0xJVXlxd3c1YmtldFlJWGlCVXZVd0JxRGNMUmNLazduWXAwMlVRc0ZLZEJQQ0FOeWFINkN3cmZJRnMxUEg4MDlyMHZjaE8veE81Y2dwTUVTN08vMndsT3hBVVc2RTJvRFZMaHM9IiwibWFjIjoiZmU0MjVhMzU5YTY1NmY4NjcyMzIyMDMzZDBhZTU5MzdhMDc3Y2ZkZGVhNmViNmVjMmRkOTUwNDQwMDIxMjdhMiJ9', 'eyJpdiI6IkwxWTFKQlZ0T3EveVZmWWVwWnNtTUE9PSIsInZhbHVlIjoiTlR6eEkyWlNpVlFZdWFFNmNQbjY5Zz09IiwibWFjIjoiOTZmNjhhYzFlN2EyM2JlMTgzMDVlY2Y3Nzk4ZjZjY2M4NGRmNjdhNWNjMjc4MTcxZDFmMzk3MGM2MTcwZjU2MCJ9', '2020-08-07 03:06:28', '2020-08-07 03:06:28'),
	(147, 'eyJpdiI6InhJTDd1SUZwWHlWT3N4WGhDY04wUXc9PSIsInZhbHVlIjoiWnlQNWdYdGJFV3VpaGtlcU9hU296Zz09IiwibWFjIjoiZDFkNmZiOTYwZjg1NTg5MzVlZjY5MjM0NzAxNWI5OTc0OWE2NGQ4ZjU2NmUyN2M3ZWQwOGY1N2E5MzIyZDM1YSJ9', 'eyJpdiI6ImVtOEs1dnV6dm1QTkozSTcxNEdpSmc9PSIsInZhbHVlIjoiVDQvV3BGeWJwNjlUMk9FZ0RjVXNGSEZGSXJ1NEVXNTJJVEhyMENucFZyWT0iLCJtYWMiOiJmMDQ2MGZmYzk3MTAzOTc0YzU2ZjVmMDk1NjgzMzQ4YWQ4MTdkNjVlOThhMmQzN2Q4NzcxMTI2Y2VmODNmN2QyIn0=', 'eyJpdiI6IkdySzQ1Z05JaG5HWGNzTjgzV2V0MkE9PSIsInZhbHVlIjoibS9uWGZZL0Y2OThtZm5QUU01OGU1RStwZmdSQzNMMzkwRk15VDQxZUZvMFVBaE9GM29nUHVLQW9DNm1mUmNpYXBreTM5TERCb3Fza2xQanNvUFBmZ0tWemRCdEZSMVdDYlNxRkE4bUpuMGs9IiwibWFjIjoiOTY5OWJkY2ZkM2U3NjU2OTJlYWI1Nzc5NDM2ZTMxMTc5Njc1N2M0ZjFhYzMyMDZlYjZiOGU2NDA2NWUwNzcyNiJ9', 'eyJpdiI6Iks0YVBEWFFmS0liaXBTSE1HeTM5U1E9PSIsInZhbHVlIjoibVFwMU1qWFJ6c3VkMG9Lb3dFZVpMQT09IiwibWFjIjoiZmZlOTZlOWY0YWMxMjEyNmJlYzFkNzJkNTQ3MThmYjU1NjUwOWM1YjdhMzNlZWMyYWIwYzg2MjVmYzJlNWMwOCJ9', '2020-08-07 03:06:32', '2020-08-07 03:06:32'),
	(148, 'eyJpdiI6IlB4VDNwYXJWSTFvRFpTN1N2R0tJT3c9PSIsInZhbHVlIjoiekpMWGN3SmgxOW1IZUp3ZldUL1JLUT09IiwibWFjIjoiNzNiZWI4NGM1MDQyMjVjNDlmMzE4ZWM4YWMxZWNlMzA4OTQ4NTlkZjhlOWFmMTdkNTExNGUyNmNkN2EyODUwMyJ9', 'eyJpdiI6ImR6Tmg4eGR6Y2lpcTVDUlRDSEhFUGc9PSIsInZhbHVlIjoiWnhNVkk1am9GVUZNYVdpOWxlZDlidzZOTFVLQ1paZ3lsa3pjYU9hVHl4cz0iLCJtYWMiOiI4MjUyNDIxNzNmZWU3M2UxZTZkYjM4NDZlOTg0ZTlkYWQyNzVmN2RhYTU5ZjVkMzEwODEzOGUzYTllMDcyNjllIn0=', 'eyJpdiI6InptMGF3MHlBdmVDSFUrWnhYQ0g4ZHc9PSIsInZhbHVlIjoiOGFGNzllMzIrUFczZklZT29iRGN4VVI4dDJXYmljMEpwMjQzZGRqMnIrRGtOTGtKS1Q3aTlqbEpScDhrY21sVnU2em1OdmlURlR3SGU5YTdZZnlFYVBhSkNYajZvSUZRUFI4MkFzSzJzYXZva0M5VnlEWlIrNVE1YjlnYWpERTgiLCJtYWMiOiJmNDMxODhmMDZlMDVjZjFiNzEyOTc3YzA0ZDA1ZjgxZThiMmYyZGM1ZGI3YzNlOWVhNzMwMGYwZjEzZDNkOTdkIn0=', 'eyJpdiI6Imk0ejN2bUU5UXZQVDFsNEtmQWhXelE9PSIsInZhbHVlIjoiU2MrK2pGR1hwUjNJenpUN0g5dUtxUT09IiwibWFjIjoiNTYzMTQzZWEwN2MwYjgxNzM5MWFkNGExMTBjNjcyY2MwYmFhNTI2ODYwZmQzY2I3OWJiOGVlYzkxZDI4NGM2NSJ9', '2020-08-07 03:06:32', '2020-08-07 03:06:32'),
	(149, 'eyJpdiI6IlVYaG16OUtWTWVPejl5WERXV0dHTVE9PSIsInZhbHVlIjoiQ2FuU052bDZwWXlMQnM1dk53NWNpUT09IiwibWFjIjoiNDhmZWM5NGViNDYzMjY3NWU1OTY3ZTI0YTI2NDIyYzRkMWYwYmJlOGUxNWNkMWViOTdiYmQ2NWUxNzBkMTkyZiJ9', 'eyJpdiI6IjVXZEMwUndkZmlYc3VZTEJrNU9PRWc9PSIsInZhbHVlIjoiN1ZrL2RxVXIzKzJwdzAxaVlmbVpQd09EVFUxZFEraCtqSmZmL0gxOXpEYz0iLCJtYWMiOiI4NGRlODc3Y2U1NjExMjk0MDAzNmQwMDc2NWIyM2Y5MTEwNDE4ZWFlYzRkMzg0MjZjZjcwNDg3N2NkYTA0ODFhIn0=', 'eyJpdiI6ImNhZFdWRVlXU2drV0YzbnpqSGgvOGc9PSIsInZhbHVlIjoicDBNQUxHaG8zOWVmYlRtYkQ3ampWKzBnOUNwdGRvZ1JVOE1VS1QwSVBpL3JsNGRIZ0p4WXFyRm1wVlE4WWR3Wjl3aHhSMmJDdlFGekxuQWNrMnJCazR0dyszRFkyTlNuZUJPWkJjem5CWkU9IiwibWFjIjoiYjU5ZWZmMGUxOWJlMWJjNDY3YmEyYzRhZDRmM2JjMjU1NzllYWFlOGQxMWJkOGY5OTUyMDg5ZDdjODQ0Mjk3MyJ9', 'eyJpdiI6IkRtcXVGQXdWYldpOFd5VkFDNnRaZkE9PSIsInZhbHVlIjoiK2xLYVlUVjdlNnh6cFdEUEI4UE85UT09IiwibWFjIjoiOGNkMjQ3OWQ3OWRmODQ5MzUxZjgyMDQ2YzgwYjJjNmE3YjYzOGY3YzdmMmUzYzZhZTk2MmMzZmE2YzZiYTBlYiJ9', '2020-08-07 03:06:33', '2020-08-07 03:06:33'),
	(150, 'eyJpdiI6IlhOZzVMUmZuRGZGQ2c2RERKNlZ2WUE9PSIsInZhbHVlIjoiaVlTOWk3aXd3a3l0WVY4ayt3Q3AzZz09IiwibWFjIjoiNjc5YTdjZmFlMzIzYmM3YzMyMzAxZTE0ZjJjZjBhOGE1OTFmZmIxZGE0MDAyNmE1N2YyZmZiNTZiODczMTIxOSJ9', 'eyJpdiI6IlFqbjZPMFJBSTJiaSt3aGs4QWdMWEE9PSIsInZhbHVlIjoiRC9QTEw3OS9JUkpkdUY2SEV4YWFRVW5XRUkrd09Sa0dFZ1duOWFXVU5BUT0iLCJtYWMiOiJmOGQzNWMyMjY2NjIwYmVkNjdiYzFlZTg5Mzk5MWY0MzY1ZjYyYTBjMzRlODg4OTI2ZjE5ZGNjZDgxZGYzZjZkIn0=', 'eyJpdiI6ImNIaWozaGhxazZFZDF4eStwMHV5TEE9PSIsInZhbHVlIjoiK0c0akhiSmxsOU55WkZEQUN5bzFxaWRaSHlUajQvVWQxVHlvMVVxemZBTlFDc0RwQk5kZEUySHJWTWtHYlVjNGFhaDl5ZURpV0xnUGpadm45NEhuTThiME1lZVNQcmZPQlNWMWxoeHJIb0E9IiwibWFjIjoiMjdmYmIyMzFkODQ2ZmEzN2NjZTM0MzQ0NzlkMTFhNTM2MjU5NTRiZmExODQyNjM5YzMwMjQxNDU0ZTQzMjJmOSJ9', 'eyJpdiI6IjdRT1c4SE5IQlk3V0VPd1NOWXZQNWc9PSIsInZhbHVlIjoieWsvcTc5d2RMYmxCK1lMMTdPY08wZz09IiwibWFjIjoiODZkYmY3OTAwYmI0YjAzOTI3ZGIwYjUzNjQxNTBjNGJhMmMzMDUzOTE3NWFjZmU4NDY0ZGVkMGFkYWE0ODllMiJ9', '2020-08-07 03:06:34', '2020-08-07 03:06:34'),
	(151, 'eyJpdiI6ImF2NVYwS3ViRERZRWVpQXJXZ1lDVGc9PSIsInZhbHVlIjoiKytHM0tqNWhmdGNxMDJLVGxIWTRuUT09IiwibWFjIjoiMTNiNjhhMTM2MTliZWFiY2Q5ZmQyMWQ2NjVhMDgzYjg1NTU1ZDI1YmVmNWZhYmI3ZTgyYTA4YTQyOGZmYjI0YiJ9', 'eyJpdiI6Im1EZzlQYno5c0M2dXFMOGhCRzhYc3c9PSIsInZhbHVlIjoiNVh0Uzc4Y3E2WHpYUlhGaUJCTkxBdnVnb0dGYk9RZ0tZUnd0MHlCZ0laTT0iLCJtYWMiOiI3NWExMTA0MDk2ZWY5YTVjYjAzNGExOTM4NmEyMWE1ZWIwY2RmOTYwMjk3MTE1MzE2OGI0YjcxMjgzNTdiOGNkIn0=', 'eyJpdiI6ImV1d2ZadEZOMlFwd1BVVlNzdENSYWc9PSIsInZhbHVlIjoiSWhiejR2dkswR1JQRk9rR0pFd2tNaGtpWVBlK1lMOVRBelBqeVE3d1dkL0wzc2dUeEpiVWIxRFJ3TkxrTzJoa0d1RVhmcmZZUUtxSjdJTjVVZ3BPUDNxVDBTTzdjUmd5SmUrZW96RXBSbzdyYzZQY2VIU2RycG9CMkhpOVc5YnEiLCJtYWMiOiI0YTY2MWE0ZmIwNGQ1NTY2Y2MxZTA5ZDBlMjJiZGU0OGE0YjZlOTljNmQ5MmIzY2RjNzIxMjMwMDczY2VhMzY5In0=', 'eyJpdiI6IjBVRzFZZGtNa1FvWW1tbHRzd2JmN2c9PSIsInZhbHVlIjoidnlLNmVpTFBLL0QvWkR2ai9IdVM1Zz09IiwibWFjIjoiZWZmNjAxNGQxNTJmNDExYzE4MWUxNDgwNzUxNGVhMWMxYTRiYzM3M2JlNWVlZmE0ZGJkYWNiYTJjOTU1OGM2MiJ9', '2020-08-07 03:06:35', '2020-08-07 03:06:35'),
	(152, 'eyJpdiI6IlNQUEpxd0dpeFlBWURxMno1cDhvTEE9PSIsInZhbHVlIjoiMVpYSmdTRVZhaFNQc2pFVTRKR2NUQT09IiwibWFjIjoiY2ZkODU4ODdhYzY3ZTFjMTcwZTI3M2RkYTg3MDk0NzNiOGRhMmZlZTZiYzBjNDkyZDM2NDRiYjgyOWM5OTA4MSJ9', 'eyJpdiI6IlExYlZsZzNSdVIzajhBTzllcVlJd1E9PSIsInZhbHVlIjoiemFMcVRNNWduV1lZeExKVGdKTDJOS1dyY0dqS0JQazZydGVWUTBIT2Z3cz0iLCJtYWMiOiI0YmRjM2M4MTY5ZWZjN2RiZmVmYTkyNWI2NzE3MjUzMGNjYjg2M2I4MjhiZmRlMTU2Y2QwY2I5YWJhMzY4OWZiIn0=', 'eyJpdiI6IjVzT1NKZDJyUGxmMEpWNWtTZ3NsNkE9PSIsInZhbHVlIjoiSS80ak9ZL2NTY1VocDM0TFd1NFN6ckV1WTU4M1JOMzNTY1JGVkVkdnNMTXJzQjg5MFQwbnNsYmlIWFRlcG1QOFVxQ1IvNVJPTTBQakwxMjhBd1ZjenVqZERWSDMvMVdrdUhxbndDalluN3c9IiwibWFjIjoiNzhjYzdhZjhmYzdjZTEwNGI3NGJlYWQ0ZDUxMzI5YWQxM2U3ZGJlMDBlOGM2N2I4OGY0MDBjZWM4NDM3NzRlOSJ9', 'eyJpdiI6Iko0eGVQQ0xVUXVlazMwaDNVQ28yOUE9PSIsInZhbHVlIjoiemlPTytzaUFJZEhRelFndEZmeE9vQT09IiwibWFjIjoiZmQ5ZTI4YTRhZmZkOGE4NTI0MDI0ZGJmOTYyMTMyYWNmYjBlNDQ4OTRmZTQ4ZTY5YTgwZDY3MGU1ZjkxMWI0ZSJ9', '2020-08-07 03:06:36', '2020-08-07 03:06:36'),
	(153, 'eyJpdiI6Inl6dEFxMmR5dzladlg3MW9LQTFxeHc9PSIsInZhbHVlIjoiQjZDYXJvRTJ4ajAzbldkc0FlTG5vUT09IiwibWFjIjoiMDM0ODBkMzc0OTYwZGVhYTRlYjZkZDhkOTRlMzljNzY3YmViMjQ1MTdjZWU1OTYyZjA4ZDc5YjhiNmExM2M5YyJ9', 'eyJpdiI6InJZVnAzaGRLbW9hc3ZLZllWaTdLS3c9PSIsInZhbHVlIjoiSFI0VjRKZWl6bWtMb2srb05hYzRIRkRZd2s3Sm1YRDNlWmY1bWRJTzBUVT0iLCJtYWMiOiI4NzdhOWIxNDdiMzJjOGVmNzQ4ZWNlMGNmOTg0OTNiMDc4ZWNlNWZkODgwMDI1MGExN2QwOTA4NGY1ZjY1MDZjIn0=', 'eyJpdiI6IlkzNURzSTEyanlzdkp1S28yTGtaMVE9PSIsInZhbHVlIjoiRkd4SnN4K0FWU1VrL0lIbnNkTGhZZlloeU9lQ25ZbncrNFBuYnJOdENxbkFrN3NFWS9saDNzZXVJS1pVTE9BWCIsIm1hYyI6IjNkNzI4ZmMyM2QwZjAzY2IzNTMwMjIxMGYzZDIyNjg3YmRmZDg0ZGEwM2MwODcyNjZiM2RhOGQyN2VjMmU0ZmUifQ==', 'eyJpdiI6IlRGU3hjS05oWTNneTJtTUtGS0VPdmc9PSIsInZhbHVlIjoiSjAxRzBOT3o5OFNsYmR6V2VRVWJkbVVtK20vMEFRR2NaNytXREZCeUo2ZlhTcEtOZzdUSzRSS3kwVGs5ZkN6OHRONkw2eXZKUDRqb0poRktLWWR6M3pTNWZtRk80c3VoM3RsVUJWRU9rOHZpdFZYbjRnWUJXeFdldm5OV295Y282MStERTdhNDNVYlZJS3BwSDM2SjdiSUsxZ2h5NUphcUNqbjh6a2NSYUhiaDBHZ04zVXd5ZWx0bmppbUJjTUJLUzB6TStYVkdoS1EyMUFSNWIrTlgzNEN1bzFEeWQ3TmN1ZzJjL2R6azZXaz0iLCJtYWMiOiJiNWNlNGRlZGM4Yjc1M2ZlZWE5NjQzYjYxNTFhZGNjZGVhNTgxOGRkNWQwY2IyYTJhYjZmNTQ2MWFiM2NlMTM0In0=', '2020-08-07 03:07:12', '2020-08-07 03:07:12'),
	(154, 'eyJpdiI6ImF4SU01Qkt6cXdEbWUwZ1pKYkJPZnc9PSIsInZhbHVlIjoiV21jZzljY0ZrNUZ4TWdHTFgxazFqdz09IiwibWFjIjoiN2FmZWFhZDcxOWNiYzcxNjlkOTk1MmUxMjc5MTg0YmE2YWFiMjBlOGVkNzU4YmY1YWFjZmFmZjM4MTc2NzcxMCJ9', 'eyJpdiI6IjFiaUpWMmNCWmp5MFJ0V1BlMEJwalE9PSIsInZhbHVlIjoid0taT3MyU1ZSdXpFdjBqcTBTWXRZWlhQRFVCZyt2WHNBeEpxM29HcnFqYz0iLCJtYWMiOiI0MDllNWVlOWZlOTU1YzI4Yjc2NjI5NDNhYjg1ZDcxNjJmMDdlNDZkMzA1OGE3ZmFkNzYyNDFmMTU0YWI5YjI5In0=', 'eyJpdiI6IkY5aGora0ZPbG1SejBRaGRBWnVsM1E9PSIsInZhbHVlIjoiZnIzTG9YN3VQWnFzRVNMTHpjTG4vcnlnTnF2b08wTEI0STQvRDZIK0tKQWlGWkVaWm1kL0lJVlgyM2V0dVlmOSIsIm1hYyI6ImZlOWJhMTc0ZTIxMWI2MzFkMzliYThkZWRkZTQ3ODFiZGQwMmY0Nzc2MmQ3MWFmMjI3MjUwZDhmMWY0ZTI2MjUifQ==', 'eyJpdiI6ImZDbTc2NUI1eVlUN084dWh0ZWZld3c9PSIsInZhbHVlIjoiNlNEcCtSS2tubk43eXpIRFE5VlRqYVZXVjUwaVJ3VUdva0VjejNDVFdUMVNJUk5HeFpvTjF0Ty92M3R5bnowMkNJS2FtVmNKQVcwRjFxMnUvNi9sUm1QbVR1VDduc0Vxdkp5QWsyT1FaRlFMMnN6MDVTL3pjZGlMQk04NjBDSTZtVE9lYWNRMW95bUo4WE9IckxRN0U5RHpPYnZNMGcwWlAySHB2T2dwdHQ1MUk2TG5YQUZhT2FBOWxHZlB3VUR2Z1RPNzBhT1FjcTl1Yk04RTNlNmtacFJYbjVycFlSWnpjOUJpU08rZzV6WT0iLCJtYWMiOiJhMTRjYWFhZTE4YzM3ODdkYzc1YzgwOWZiYzg2MjU3ZGY2ODgxZGZkZTA1MWFmNTE2NzNjNTExYWMzMjcwNGY2In0=', '2020-08-07 03:07:25', '2020-08-07 03:07:25'),
	(155, 'eyJpdiI6IjZ4RUlydFRiaGJHUkN1S2hIcHRIUVE9PSIsInZhbHVlIjoieHU2QlNzUWJUZkVWV0RITGVVcDZMQT09IiwibWFjIjoiMzVhNmNjNzk5MjkzNWEyMTViNmM0ZTYwMjFlODk5ZGQxNWE0NDY2YzQ5YmI3MGE4MjE0MzlmZjUxYTg1OTYxOSJ9', 'eyJpdiI6InFCMEFuMU5RT3NtbTVhWFVueUIrMnc9PSIsInZhbHVlIjoiRFVhbXlBWEY0WHpLangvTGg4K1kvbzJsZzFqL0M4Y0lPV3k3d0c1T3V1az0iLCJtYWMiOiIyNzBlNjhmMGNiYWRlNDViMGI0MzdkMDVlNDc4ZTdmZmEyMTViYzYwNzljZGU2MjE3ZjY1MGRkNzVlZGY5ZTU1In0=', 'eyJpdiI6Ik80RHYzQm9TdmVnYlJwKzlsc0RKUHc9PSIsInZhbHVlIjoiSGlybXNtemloTTdqcXVybGNlcFcxeGlmYko2czV6T1lJK281MjlvVHd1UUFWTWlaYVJydStzLzFORmh5elRMRUg1K3R4VXFUNzcxMjRENXJuTWEwTDJwc3pjQ1BJenFjbEp0ck9jNWh2Y0E9IiwibWFjIjoiY2M4M2RlYTc1ZDA3ZmIwNGI1NTU1OWVmZjVhZDBiYzg0MmI2ZmIzYmQwN2Q5MGVlYjExZGVjNDMyMjQ2NmE4OCJ9', 'eyJpdiI6IlhnUS9OZkRrdEQ3NDdQWXVyRnVSMkE9PSIsInZhbHVlIjoiQUF6THJhVG9mVGRhbzJjbDRPTEdxZz09IiwibWFjIjoiNmQ3NWE0OTk0OGY0M2RmYzE5MDhjNTg4ZTA3NTczOWZiMzA0MjllZmJhYTgzYjZlZWQ1MTAwMWJkMzdmNjA2NCJ9', '2020-08-07 03:07:34', '2020-08-07 03:07:34'),
	(156, 'eyJpdiI6InROeEN0aVpsTUNmNTFLdSs0VkpYWUE9PSIsInZhbHVlIjoiNnQzRkhFbmVTbllTME8vdkhQYjlRQT09IiwibWFjIjoiMjg3MmViMzgzZjY5ZGU1YjVjYjMzNWRiNzg5MzMzODAyMjg5MDVlMzRkNTI2NDE2Y2M0ZjIyYmI2OWYyMGVhYiJ9', 'eyJpdiI6IjJXLzdydUVpbmR4TklrQmZOejB6eGc9PSIsInZhbHVlIjoiYUh0TUt4eWN1QU1VR3Nta1RITWVlMUs1c0s5d014dkdLYXdoZUdZbGM5Yz0iLCJtYWMiOiI4MzVjNzliNDNmYmNkNGM1ZjdlNGZiZjJlMTY4NDQyMWE5YzkyOGMxNzU3MTlkOGM0NWIxNzBjMTdmYTcwNDk4In0=', 'eyJpdiI6IjdMRkg4YkJTeVFvZ1RzQkNQTEI1enc9PSIsInZhbHVlIjoiQ28vYVJMbXZGL1l5aGp4NDMyMkl5TzFiMnpBRGFxWENzWDBxTE9NMmlRZGNmVnBSZzNlbDJjM0xLbHgwV0ZKUzU5VlVKenFyNjdZa1hCN2l5czVEeVJSSVZ4SzN1WGw5WEgvYjVxWWcxVU09IiwibWFjIjoiYThlZTE5OGE0ODQ1NjBlMTI1ZjAwNjc1OTJmYmQxZWUyNDU3MWZlNzVmMThkYmIxZGZiYWUxYThjZjJlOWU3OSJ9', 'eyJpdiI6IlRRYUdNenlRUytMbDhqck1jajBaU1E9PSIsInZhbHVlIjoiSG95T0FSS2VlNVNXVDNJY2JmeTR0UT09IiwibWFjIjoiZDJiNDEyYzIzNDc1NTUyNDY5MzMwZmYzZDQxOGQ0MDRkYzZiMmUwOTU2YTZmOTA4N2I0YjM5ZDcyYzBmZDdjZCJ9', '2020-08-07 03:07:39', '2020-08-07 03:07:39'),
	(157, 'eyJpdiI6IkxNazM5TmVOVjlRenVKM2NYUEtmY2c9PSIsInZhbHVlIjoiZ0hBM0lqVU9nMVpoRnhla3dVeHZMQT09IiwibWFjIjoiMmZjNDI0MWJlMTU1OGI4NDQ1ODIzMGZiY2Q2NGZlZGVlMGY2ZDdiMThiYTUyZTc4NDUwMGQ0OTg0ODZiMjE3YiJ9', 'eyJpdiI6ImYwOUJZVXZhSVB2Z29HdHhmNGQ1U2c9PSIsInZhbHVlIjoiMVRjVEFWb1ozcWN0aER0UmhsSldwMnlWbm0yWDlOQ1BUaGdRb3dVWThBQT0iLCJtYWMiOiI1ZThkMDdmMjMxNTdjYWQwYzAzZTRjZTU0ZWU3MTYwNmFiNjY2YmI2NzkwOGE4MWNjOTVkMjI2MzU3OGNkMzljIn0=', 'eyJpdiI6IjRPNnJNdS81YmNoOVdNRWVNZ1pUa2c9PSIsInZhbHVlIjoiRnlUY1dIQUtuN2ZUWXZUNHBCK3Zielh3dU5Vc05EblVwaWNnanQrdEIza3k4djd5VkErdlFWaFpnWEZMUHgwbEZ5SlQ4WFIyWmxmUGdLWkNmZGtocHE4SXp6RUFzZ1NkV0R0b0p3eWFiMWRlUEY4bzZkeFRCYklGR25QZHF0azIiLCJtYWMiOiI4NjdjOWQzZDM4ODdmYzYxZDdjYjY3ZDNmZDY3ODZjMTczNTYwMWYxYzBjYmM3NTk4ZTFlMjczYWZjZmVkN2EwIn0=', 'eyJpdiI6Im9qM1k0M0JCTFcrSnc1ZFdFalB3UEE9PSIsInZhbHVlIjoiVFlLekpyWkVhWTZDVXJtYUVNazM5dz09IiwibWFjIjoiZDFkNjYyZDhjZWVkNjhjMjA1MjViYjgyYzExNjIyOTcyZWQ1NTdhZjY4NjY2ODNlMDhkNTU3MWMwYjNkZGVjNiJ9', '2020-08-07 03:07:40', '2020-08-07 03:07:40'),
	(158, 'eyJpdiI6IlZhZDVvRHhBM0h3NVhHRVU2VWFyQVE9PSIsInZhbHVlIjoid1JINDFyUkR3UzJtV0xXQ2gxM01qUT09IiwibWFjIjoiYWM0NGMyOTc4YTM2NjU0MzliYzFlN2E1ZjRjMWVhNDMyMWQ2NWE5ZGI5NzliYmNmNGU3OTcyMzcyMzJiNGIzYSJ9', 'eyJpdiI6IlpvZFhvRmFUckhuMUlNYjdOUEQza2c9PSIsInZhbHVlIjoiaFBXb21TbkRXNlUvUmYyRFg5Zk9Eb0Q3TER2aWlJTmdwVStFWkx2Z2NSYz0iLCJtYWMiOiJhMjI1NWI4NTRmNDVhNWM0ZTQwZGIwZjY3MjQzMWNiMzdiODY0Nzg3OGMwY2M5OGJiZDUzYjI3YzU3NTJiYmQyIn0=', 'eyJpdiI6IkZLVWZQWWVHdmo5R0hVVnFENUJkblE9PSIsInZhbHVlIjoiLzR2Z1ozTGYreEE2TzU0RkdNL2RiblZIUWhpTktVa1ZNT0NUWWZBWTVzYnZqS1NTUWFyRUtBMy9tM0xYVDhMOTJUeVdYMlFsUDIxSm82aWdZMlNveTVMQkxrelFDbmtuY045TTFJWlNDeVU9IiwibWFjIjoiOWI3ZjViNjI2YmRlN2Q2OWJmNjU1ZWQ5NDc3N2Y3NmU3YTkxZGFiNjg0M2MwOWJhZDczZWRiNjY0NDY1OTgyNCJ9', 'eyJpdiI6ImRwa2ExVlpDU1J6VU1LV3dOeTVZbkE9PSIsInZhbHVlIjoiYjE5U3dTcWl5cko3UXNocFBSQVA3UT09IiwibWFjIjoiMDRjNmI3YmE1NGY5ZjlkYjc1MTA2NDk0NmJlMzM0YWNjY2QyYzBlNTU1OTNhODNiMTQ2OTkyNGE4YjAxNzc5ZCJ9', '2020-08-07 03:07:41', '2020-08-07 03:07:41'),
	(159, 'eyJpdiI6InJkSFNWS203YURpTjRsVFVYYW9oeUE9PSIsInZhbHVlIjoiaitHcWFrQnA1VHJwNUwvL1JTa3NRdz09IiwibWFjIjoiYTA4YTA3N2U3ZDNlNDFlMzg1NmQwZjgxOTQyYTc3YjUxYTZiZWE0ZWFmY2M5NWI1ODJlZWE1ZDEyMTIxMjcxOCJ9', 'eyJpdiI6IkJ0SHV3WXRQdktPbHNsanExbVFkZmc9PSIsInZhbHVlIjoibEpqTjR2dEdHUGdYYkFZcnhZanZVbjNHZXdiU1doM0lEMm9tV0FmKzEwOD0iLCJtYWMiOiJiOTdkN2JmNjc5ZTJiNTA2MDJkNGZjMTkxMDAwYjE1ZDFmZTY2NGIyYTIzZmQ5YmZlNDU0ZmQ1YjRhZGEwMmE4In0=', 'eyJpdiI6Im50NDN5YVZlTTlsdmMwcDNkZGFWcUE9PSIsInZhbHVlIjoiMk42Y0c1Q0lLNlAwRThqd0hQM2xmUTVoKzl3U0JtS2FkVUN0VU9FWDE0UElUVzQ2dmFhNlhTcVh4dDFxcFVDYkpCSnl5SFBhbTFJWC9pMzhvT2xBSEdwcFVtYTRrWHUzQ1d6NnlFb2Rna2c9IiwibWFjIjoiMWNhYWJkOWUwNTg5YTFhZGU2ZDlmZTQ2NmVhMjVhYzNmMzYyYjZiOTgwOTlhNWZjM2JhNThkYTU5YzZjYzI1NiJ9', 'eyJpdiI6IkVmWjZFSFQ0YUdkLzlvYVVxR09NYXc9PSIsInZhbHVlIjoiN1lJWTM0dEdkTHBSUERVa010YmdjQT09IiwibWFjIjoiZDk5OGJlYzI1NGQxNDI2N2ZhYzUwZTI1YmE5ZjEzYTNiNGZkOGUyZjlkMzllNzhjYzhkMjAzMWZjMTdmMDhkMiJ9', '2020-08-07 03:07:42', '2020-08-07 03:07:42'),
	(160, 'eyJpdiI6ImsrRmsrcXR5NmxEVzB3anBSUStNTXc9PSIsInZhbHVlIjoiNkt5UTd0TE1zKzV2MmF0emdPRUI5QT09IiwibWFjIjoiNDE4MWI0OWVmN2FjNzRjYjUzYjViYjA2OWEwNWQ4YjZjMWYyYWYzMjYyZjE2ZDVkMzVjYWU5Y2JjY2E5Y2RmNSJ9', 'eyJpdiI6IndtZ1VtVVpQS2pzVXNnaXNaTVVUMUE9PSIsInZhbHVlIjoiRm5IRSt5Wit6eUZSZGpnRW9VTTZLblZydTFDYmp3R0NFM1VnNDJWdXhJTT0iLCJtYWMiOiJhNDg5MmEwNWJmYThkZjVkY2Y1NDIxMjFkZDBjYTdiMWYxMTUxNWEyZWVmNjQ5OGFiMjY5ZmFlYzRmMmQ0NTRmIn0=', 'eyJpdiI6IitIVThWbDllamxXTm5IcWlaQ0hRMlE9PSIsInZhbHVlIjoiK2twMHU4K1dxbXZDV2FZMXJUeGpVQ0UybW9oOUt2WmV6dEpad3VxaUhteFNldlpPMk40Rk4zcEo2dzNtTkUwQUg2NmVmS2VUTERJb3E0NzdnanAvOUFERmRHZmxxcjNENWpremM5RWpWQ1J5WGwrMm9veWxGTnY3M0MyMmFYK0YiLCJtYWMiOiI3OGM2MjcwMWVmZjRlMGMwYzRkYzZhNzQ2M2ZhNWYzYTVhY2RhMzdiNjA2MjMzMjg4NTI0Nzk2MzU1ZDliZjU0In0=', 'eyJpdiI6Ik5NS3RZeFczL3Z1NnNneHNzY292VUE9PSIsInZhbHVlIjoicFhUWXlORUJLSTE1OWRNYnV5eUVZQT09IiwibWFjIjoiMGExYTVmZjcyNmYwZWRjM2Q4ZWNiZTRlOGNjOWYzOGMxYzMxZmVlNDFkNDNhMDNiMjkwNDJjODBhNDllMjNiNyJ9', '2020-08-07 03:07:42', '2020-08-07 03:07:42'),
	(161, 'eyJpdiI6IlQxY0RwWFExS3EyVTdWVitQdVVFR3c9PSIsInZhbHVlIjoiRGNQYjBBeCsrZmx3QUVnODdFU0pDZz09IiwibWFjIjoiOGJmZTgxYjRlZGUzODk2MGVlNDI3M2UxNDk3ZjQ2YWEzNzNjMDBhMTE0ZmZmNjQ2OGIxMTk2YmQ3MzJmNmJlYyJ9', 'eyJpdiI6IjNaVDVMSjhjTk5HN29TNEU1Rk4wM2c9PSIsInZhbHVlIjoiYVZ3YnVjOEVJWVk0UW9XK0tSNW9MSTcxT3NrUlo5Wk53ZTNLMHU1RU00ST0iLCJtYWMiOiI5OTJiNDg2ZTNkNWZmMWUyODlhOTY0NDdmMTEzZjRlYmVlMjFhNzI0OTViMmI1YWEwOGUyNGM4NWJmNzA4YzNmIn0=', 'eyJpdiI6IjJYcHRUc2FMbEpSVmtMNDlPWkJrR0E9PSIsInZhbHVlIjoiMEF6ekRUTndtNEU2RHdsYkxHYlJlMDB1eWZIazR5Q29BVVFSS0VXRVRNOFJZa2NLaWREUUxmNkJKdkdKV1dZMXdEZHV2RDBsT0tiZWRESVVqUXUzTStvaGQwRVlXa2ZZcTYwOWgrRFpmd0U9IiwibWFjIjoiM2ExYzQ0NTRjNDMyOGJhYWJhZTE1NzUwNGE0YzE2NmQ3M2JhYjExMmExZmY0OGFiYWRhN2RhZWYxMTYwNzFkZiJ9', 'eyJpdiI6Im9FSElHU0dPN3VhTmllWHhZZWEyakE9PSIsInZhbHVlIjoiVmdrSDhLY3F2M1lqbFdFbEdCMEZidz09IiwibWFjIjoiZWZkY2Y3MjE0YTI2YjkzZTA1MDBlY2M2NDVjOGQwOWViM2ZmZTU0MWFlMzAzZmUyNDE0ZjI3ZDBmOWNiM2E2NCJ9', '2020-08-07 03:07:44', '2020-08-07 03:07:44'),
	(162, 'eyJpdiI6IlFja3FxbXU5WWZ6Tmd4Rk1iclpiQ1E9PSIsInZhbHVlIjoicWE5MG9tWmwzWm9qV3BsVXY5L1V0UT09IiwibWFjIjoiZjMzNWM1MmZjZWE1NmQxM2JkZGFkYmM2YmNkM2MwYmM0YmJhOWJiNTkzZDgxZDYwMTEyM2M3YjE4YzA0ZmM0NCJ9', 'eyJpdiI6IlpoVGlDNk5KRFhzell3eWpUbkRwSXc9PSIsInZhbHVlIjoiMjlla1QrdEY2aUk0SURlME4vWGNJRUo4VHI0ZkhqQTI0RWpOUE9RMVhFVT0iLCJtYWMiOiI5NzBhNzJjOTQ3NTU5YzJlMzVkZmJjMTA0MzJjMTJmN2IzZjA0NzIyOGQwZTlmNmEwMDRkN2EzN2NjZGI3ZGZhIn0=', 'eyJpdiI6IjNENS9zTlBLUWtKRXJkZEJrMWoxMXc9PSIsInZhbHVlIjoiMW5sV0d2MXFrNWFqVUt2M1RnN0R2eXE5SEkxaHFMbUxHR1RsZXRucGl6bGNWY0pXcnNWUEZFUGFNT3FTUGQyZEFzb0ZYR1B3YU1tdFVGWGIzUW5SUjMxWUNiNTdDV0NGN2lBa3EremE3TTQ9IiwibWFjIjoiYWVmZWU2YTE3YmZhNTFiNmZkMDAzNDVmMGE3ZjQ5NzcyYzU4ODU4NmI2NzQxNzFhNWE0MWU2ZmZmMDM0NTZiOSJ9', 'eyJpdiI6InR4d2JMa2lxNm5OU2d0dHNNdTFjWnc9PSIsInZhbHVlIjoiRXhIYXpRR1RqNUdiYi9Da0IyR01MUT09IiwibWFjIjoiNTg4MjMzZDBhOTRhM2Q3NmJmNThiNmJkMzkwYTdlZGUzNDYwNjQxODUwYTYyYTIxZDNkM2Y3M2JmYzcyZGU3OSJ9', '2020-08-07 03:07:45', '2020-08-07 03:07:45'),
	(163, 'eyJpdiI6Im15aEoyUFcxNm1wTlN5MG1vYitFOGc9PSIsInZhbHVlIjoiVEFOTEZxQ2JQeWVNM0doM2l1bVJ0Zz09IiwibWFjIjoiYzhmNzk5NDMzMjFkZmJlNjdmNTQ0MzQxOWQwOTUxZmI2OGY4MjUyOTI5YmYzNWE3OGVhOGRmNjgxNjAwY2I5NCJ9', 'eyJpdiI6IjJZWFNlalJ1b2dRWEpWQlFSYjQrMXc9PSIsInZhbHVlIjoiRjBJTkNvZWQzUkZMNVVxTGNvajVSd0d5NXpZZTZ1NWJCU2JmSk9CV1J0dz0iLCJtYWMiOiIzNDQ4MDYxOTZhMzhmMjJmNzc5Zjg1Y2YyODc3MTU0YWJmZDBhY2FiZWY5MDJmNTNhYjNhMTY1OTRjMDk3Y2QzIn0=', 'eyJpdiI6InkwNmJyaDRuNUJxUytsYzJoRGkzbXc9PSIsInZhbHVlIjoieUloMjlUbkNoWlJhWDA2R1FMbXg2UHhuQ0ZXZkFVbU5qTmhJQkxua3ozYTFIMTNDV1RmVkQ1VkJFbXZyU2F6K2xXNGlRZnRHVDZrcU44WGpBT2F2aTcyZTJoY1drVmI5Mzd3elU2dUV0Q1E9IiwibWFjIjoiMzVhMjdlNjhjNzQyOGMxZGI4OWI4Mjk4NmVkNTc0OGE0ZTU1Y2ZmNDhjY2QwNTFjZGM1MWRkNmNiOTdlODJhNCJ9', 'eyJpdiI6IkliM1RyUHQyZStOZnJta1Fva3A0aVE9PSIsInZhbHVlIjoiV25SUmIxRi9HQ2hJQ1JpdlQyZmxPUT09IiwibWFjIjoiZWMxYTExYjJmOGE1MzMyZTg3NzNhYmE0NDc0N2ZkZjljYTY3MmYwNjcwNmZlMjJhN2Y2YTU0MTBkMjRlNzVkZiJ9', '2020-08-07 03:07:48', '2020-08-07 03:07:48'),
	(164, 'eyJpdiI6Ikp3UmNQeWZuUEZsdHRxbU4wcXdmelE9PSIsInZhbHVlIjoiNkhkUys3WlVCSkorTnBWRGpsenBHQT09IiwibWFjIjoiMDJiMzdjMTFlN2JiZTY3Mzk5YjI1MTYzZWZmMzlhNDJjZGZhNjg5MDI2YTVhMTM1ZTg5MGFiZTkwYzQwOGUzYiJ9', 'eyJpdiI6Im94RS9kR3BFOHRaSEpMM0YrQkcxYVE9PSIsInZhbHVlIjoiWU1RdnZDVlVhOUMvR21hN2M5aU8wQXExck8rMmJjRE0rOS80WVJ5YW9zOD0iLCJtYWMiOiIxNjcwNjk4YTM1YTE1ZDkzZTYzNDIzZWJjZDJhNWFiYjM4MjU2MzdiYjRmNmRhN2E1M2Y3NTY0YjExMjM1MDQyIn0=', 'eyJpdiI6IkJ3Z2tZdk81clorVkFDVk10NGtReGc9PSIsInZhbHVlIjoiZ1pRUjFvOVBseXFnSERZeTU2cGlvTWoxVnRaZHlHUjI4TUkvR2ltekY5UzZxUnRzRXBaa3VVVlMrQ0VPRFRHRE56Ty9mclZOOHpRVnNxMnJtZzgxenlzVERncGpQeXgrOHpIcG5GUnZWaDZwODJtVkx6UWN3ak8xVk16MTZLdGYiLCJtYWMiOiI3ODg1YmM4YjY2ZDc1YTBlYjg5ZTNkZTFjZjE4MTAxYTkzMzU1YTYxODE0NzNiM2M3NzAyNjMwNWMxNWU1N2Y4In0=', 'eyJpdiI6IlV3WG1FZXM1ZWhycDdlQW9UT005Y2c9PSIsInZhbHVlIjoiSEFoMTE2bW5ROW1JTjROVjRmeUp1QT09IiwibWFjIjoiNjBjOTkzNWUzNmI5MGVmNmJjZGE0NDIzOTM3YjEwMzUzZGMzMTM2MzUwNWM2MWU0OGMxODczODlhOTdkZDRjNSJ9', '2020-08-07 03:07:49', '2020-08-07 03:07:49'),
	(165, 'eyJpdiI6IitWNmppNzEwK05PdHlmSW9mLzdIL3c9PSIsInZhbHVlIjoiVXc2T0toQTRuR0lpeDF3UWk1M01sQT09IiwibWFjIjoiOGM5Njk5MGJiZjRiOTYyY2JlM2U0MWRjZDM5MDBiZWMzZGE3MjUyNmQzZmQ2YjJkYjU2ZjQ4ZDI0NjVmYTU1OCJ9', 'eyJpdiI6Iks0WlIxNENZTnNnbkNsSmhkWFNnR0E9PSIsInZhbHVlIjoiaStHSzZDbGhaTlVmQkZ3VVN1UFhUZ3U3dkZJbTlEb3p6Rkp4NkdHd25uWT0iLCJtYWMiOiIwYzcyMGQ3MmU4OTBmNTdlNTk0ZWUzYWE3Mjg2ZmEwNmE2Y2ZhNmI2NzI4OTNlZjAzMTE4ZDdhNGEwNGY3ZDNhIn0=', 'eyJpdiI6Im9mcHFvQ3VCbVE3RnRiZTZCQkJ0SFE9PSIsInZhbHVlIjoianYraFBFMTh3Wld4UDRiYzhnRmpoYUVHQ0V4ZjlZdXZ3NFBPekc0VWxaM1M0MWdsUFpXSTJrOVNxS0UwOUVCZlBEdjJwQkVPU1hUbTdFbi9TU0wxY09GS1RmdWxOcTNMQXNIdDRkQ2pXcE09IiwibWFjIjoiNGU0ZmVkMTJiZDZkOGUzMDM5Y2MwNWYwZmRkN2VjZTI0YmIyZThjZjljNzk5ZDdkZGE2NTcxYWUyYjZlMmM1MCJ9', 'eyJpdiI6ImxiM21PVXQwNXU2NkZPeUFTbjNzdlE9PSIsInZhbHVlIjoid1JDbmdkS285ZUVBQ293T1lVZ3Jndz09IiwibWFjIjoiNzE4MjJlYjliNDg1OGFiOTg5OGNkNzdmZDE2NTRhMDBkYmQwYjQxNzg1YmIyMDlmNzFhNjZmN2FjOTJmMDBmMSJ9', '2020-08-07 03:07:49', '2020-08-07 03:07:49'),
	(166, 'eyJpdiI6IkJCTEdkdUhwSGR6UVA2ZkM2RDhpN1E9PSIsInZhbHVlIjoieTd3R1NxQm00OFdMWFhoeXQvUDluQT09IiwibWFjIjoiMWFhOGM4NDBjZjMyMjZhZjc5NzJhMTljZTNjYWUwNDQ4MDkxZDJlZTcyMGIxZTRiYTdlODdmOTcyMGI4OWYxYSJ9', 'eyJpdiI6IjNPcURrVy8rSFFUREhnZ0V1TUxnNHc9PSIsInZhbHVlIjoiZm9haXhwVWNOV1FsQWZyL2ttNFovVzFsU1ZQNExpRWJvUitnSVhHd24xQT0iLCJtYWMiOiIxOGNmYTliMjk4NzcxM2I0MWY5OTFiNmNmZTJmNmRhZTdjMDAyNDZmZTBhMDhkMzQ4NzYwYzBlYTY2OTc3ODNjIn0=', 'eyJpdiI6Iis1YmppWnptRUFLTEMydS9CL3FDZmc9PSIsInZhbHVlIjoiZGYrbFdDU1pCQW5pclVlaHBrS0VPZHFwTmQ1NFdGQVljSW1WUGs5SVp6d1hXM0lsYzlhNEt6MEFkYXVOMVhvZkZtaS95TVJnTmpuRUxDQmpjaDI2ZzBYQ09GOGpUUkh3RTVqYTQxM1FWVjA9IiwibWFjIjoiMjg3YzQwYjhmOWE1MjE4MGE5NDI3ODM3MTVkNDcxMDdmZTU1YjVlNWFhNTdjZWVhYWMwZWNkMjY1NmI1NTNiMyJ9', 'eyJpdiI6Ik0zUHQ5RXBkUklMMjRmMnMvUzM1OUE9PSIsInZhbHVlIjoiZ2tvdVZsN1kwNUt0bndSNGhTR0Ztdz09IiwibWFjIjoiODY0Y2QzYzA5OGYwNTcyYWViMThlNjFjYzllMWRkNGJiYmY1ZDYyZDI2MmM1YmNhOWM3OWU1MWUwNjFjMzc3OSJ9', '2020-08-07 03:07:50', '2020-08-07 03:07:50'),
	(167, 'eyJpdiI6IktQNUdrejFEQVJNUEp3MTdvc0d1Wnc9PSIsInZhbHVlIjoiQmZpckFQdFM3M3ZhaHkxLzd4bmp5QT09IiwibWFjIjoiM2FjN2UxZDg5NzliZWM5ZTZmYmJkODk5MzMyMDg1MzBlZTc2MDQ2M2JkOTFjMzZkMGUxMmVjZmNiN2JiYzMxMyJ9', 'eyJpdiI6Im5mM2tCUDJSQVhZa0NhQlRtOGlWeXc9PSIsInZhbHVlIjoiTFkvK0t4bHNsQVZhRHNjOTYyandqTHpPK1dNVUVzTUdpT0VYWC9HOWhQWT0iLCJtYWMiOiJjM2VmYzVlNTkwODc1NTIwMWVkOGM0NDkwZmVkM2FjNDU4OWIwYThmMTRhMzM0MWVkNTkyY2E1YTQ3OGRjODExIn0=', 'eyJpdiI6ImNUd3ZuTy9ENGYzSE9YbXdNVlFyc3c9PSIsInZhbHVlIjoiWnZua3h2MU9HdGZqYXBsTWtqOWMxeDExeVBOanpsRjNPQ2pQTmVJWnJObjJCMnBScjdZOWhMOFpJYU5ETDNrVyIsIm1hYyI6IjgyMGEyYzAzZDI3NTlkODA5MzgwNzQyNWU4N2NhN2E4N2U2YTU2MDY4YmNjM2RjNGIzNWNjZWM5NTI4MDMxOWIifQ==', 'eyJpdiI6InZMZWhBTGRISzZSL3p2ZCtCb3dENGc9PSIsInZhbHVlIjoiS0hhR1VCZFdZa1FWZVQxbDBBSHpNdFZWdUxPMFFOUUZUMlF6TjRlVEN4djNOKy9pV0pBU1JFNE03VW40N1NxajAraEJGTDI0Q0NjZ1VZU1pVaXUyOTJib1U0QXcrOW1obUk0TzA0Y2l0dXJTclZsdFN0cndCUzExdjZzaDM1N3lRU1dYNnBsYzd1Q3d0SnJJYStjZndvTFhMQTZlekVxZ0ZTMHkrRE0xSERXNXYvdW9tdXljQUUvUi96NUxoMHFXcXVMbHYxR2ZsYXltanpNbmh0U1lybnRaTi9HTmZMWitzc1cvMzdOaGtkbz0iLCJtYWMiOiI5ZDY0YTQ2ZDU4MmVkMDFhZTc0MDMwNTVjNzYzNjk5NDlhYzgyN2M3OTIxZTJmYzYyZGEyMmYwNzFmMmU0ZTZmIn0=', '2020-08-07 03:08:06', '2020-08-07 03:08:06'),
	(168, 'eyJpdiI6Ing0dk9hRDRFTDdGdzBlVUxnak9EbHc9PSIsInZhbHVlIjoiUVIxamU1NjJ2cXlsb3ExSkZGdTFFQT09IiwibWFjIjoiY2ViOGMyMDFmZDZmNjJkN2YxOTkzZjVlZmZkNzViMWZkM2Q4YjczOTJhNTMyMTg1ODk3ZTcwMDJmMTZkZjRjMiJ9', 'eyJpdiI6InRkcWNOSkRuM3BXeUZwRkJ0Tmtyamc9PSIsInZhbHVlIjoicnN1WENDT2JSS0NYT0kvaUpYUEg0Nm9mckRxdk5BeTZ4SWprMzNwMngxMD0iLCJtYWMiOiIwNDZmMWEzMWIxMDg0Y2FjZjgxYzI0MjBmMjVkMTEzMWJlYTdiOWI3YWMxNTlhNTc4MDU2YmU1Zjc2MTI2MmEzIn0=', 'eyJpdiI6IitjbEFkdGZ4S3lUTExSMDlFSW9od1E9PSIsInZhbHVlIjoiV3owdGNHZlI2Y1pNTlpZQmZyeERFSndEWlgvYTZuR29JdFh1c0FGWG9kZnZtNnBWWkRJTHo0ZGY2cGx5bEFabiIsIm1hYyI6ImJkMjJiNDJjYjkxMmRkMGM3YWZjYTMwNDQ1YjU5NmUzNzgzOWZiNzc1MGQxMzVkM2E1ODFlZWIyOTczMWFhNjIifQ==', 'eyJpdiI6IkJDTlZGSy95UisydGNHNWpQSy94WXc9PSIsInZhbHVlIjoiSW1adW5mRUg2SjNmd2Q1QTkrd3RHK1A5WjlnQVppSDhDeGRrMzFVWmNrSmZIbnFLRnZ4YTR2WlFvNkxlbnpidm5VWmhSZ05adzNBSy84SzV4US94bXE3MDlFWURBNkhEejlNK1hENUJEcndUOURYeEFyVDArUjI5Q2E3cFFVMkJmNm1PQ0pjZmF6QjZQN2JVTVdqdEg0QWpDNGdsdVlYM01rUitjSWI1NlhseWkrcHVxVzE5cC9EVWt3cDdKWGN3RVd2akxURUdFV1pLYlUyb2krRW1oL05xQ3JZMGIxd3AreVJoa1VKbnduRT0iLCJtYWMiOiJkYzE3MWU4YjUzYzlmNGI0M2JkODczZjJmZTIzODI4ODUzYzYwODc0ZjEwYjcyMGZmODJkZWI1YmEyY2JmMzRlIn0=', '2020-08-07 03:08:18', '2020-08-07 03:08:18'),
	(169, 'eyJpdiI6IllHb3JQRkJjQ1VhNlF6aVVlNDVkK0E9PSIsInZhbHVlIjoieUd1Y0FiZzhaUFd0LzdDOS9yR2dXUT09IiwibWFjIjoiZThlNTNmNTBkZDQ5NDA2NjE3M2M0NjA4YzYxYWFkYjNjNzk2ZWYyMGQ3ZDFjNjE5Y2MwODRlYzg0YTk1MGNlZSJ9', 'eyJpdiI6Ikl6Q29ZN2RiVllRSXVRTjlhMEQwSEE9PSIsInZhbHVlIjoiMXl1N2xkd0pOamFtSWJKMmphOCtOR3Y2RWRLZTM0OVJPQ0M3aCtnZHF6TT0iLCJtYWMiOiIyZGVmZDM5Yjg3MGU5NTBhZTQ3ZWNhZmRiNzBkMjc0MjU2MTM4YTgxMDUwM2JkODQzMzY1NzNiZGYwMzkyMTFjIn0=', 'eyJpdiI6Ii9oMHllQmFmZmpDaHRTUng4MGlQK0E9PSIsInZhbHVlIjoiTi9EOWtBUjMwRmcxa2sxbk96MkxINHJqcDFQTGVmTUw2YVhNaVNhSGRuSzhsRnh3UW94MStVNjhqOUxaNnQrOU9aY3NoNDZMckJ4b1cvN0NrNFNkcWorcC9DS0FKZ0F2Z09Dbmh6WWVJbG89IiwibWFjIjoiZGIxNDg0YzFiM2IyMTEzNmQzMWVmZjJjMjU1ODk5N2ExMzYwZmYwYzIxYjlhNTNjNzU3NWMxNWVjMDU5Y2MxMyJ9', 'eyJpdiI6ImpXZ1IraVJ2QmVXNlhqUStaQjdPSkE9PSIsInZhbHVlIjoiWG04a0syTDhkWWlyS2hWVDMyS3RvUT09IiwibWFjIjoiN2U2YzEzMWZkOWI4MDI3Mjg1ZTgyNDRkZTcxN2ZiYWEyZjliNzE4NmQ1NWYzOWEyMmQ5N2M4ODFmN2Y1MzY4NSJ9', '2020-08-07 03:09:28', '2020-08-07 03:09:28'),
	(170, 'eyJpdiI6IkhpeS9rRnUwb2FBYm9UNzA5YVg5Wmc9PSIsInZhbHVlIjoiamtYK3cyOURKeUNsaS9DbzRDcXZWZz09IiwibWFjIjoiN2FjYjI0YWVkZDk0N2M1NzM0MTBkMTY5NmFkMmQ4NzljNzFhMDJiYjJmNmUxZDA2MDU0NzQzNGI0Zjc3MzJhYiJ9', 'eyJpdiI6IklMaXFtc3RVK0pTNTk1TVB5OGt0THc9PSIsInZhbHVlIjoicHRMM2J2a05NRXZTQ0dpV2JzaWhXR2VEdUp4N3JXalF2YnhpSmFWbGZlMD0iLCJtYWMiOiIyMGNhMGYwZGExOTEzOWY5MWIzMDhjNzQwYWFiZjI4OTRhNDNiNzYzYmJhOTZiZjljZjI1NDIyMGQzM2E2NDUyIn0=', 'eyJpdiI6InUwUjlwVnliN2pNVWhHWmNidVhmbVE9PSIsInZhbHVlIjoiMmtTV1Q0ZTdDM1Z6cDJZOW1hZmZlS2VPYUt0d05VM1FWTG1QRkg5Q251NVdqSC9md0N2Q0lwUVVadVlUaiswS2NsdDlIeXVMa01kTEJxeCswSUlWN3M1QWZoSlA2b3QvZ3dhWnd1Sll3dkE9IiwibWFjIjoiOWU2NGE1ZGE1MzJiNTU0YTkwYzMzZWU5ZGRlMmU5MzkzZjlkZmNhMmNiN2MwMWQzY2M4OGM3OWMyNjNiMmJkMyJ9', 'eyJpdiI6IkdSSlpUbDdPb0Zkb0VOb2JhaGFEa1E9PSIsInZhbHVlIjoib3ovVFlHU2Z4WTdBWFRjSzA2elZVUT09IiwibWFjIjoiNTE5YWQ0YTMwY2M0Yzg1MzNjMzNkNzUyNzllNDQ5ZTBmZjNkZTBjZGE4MjM0OTY4OTA1MDhjNDYxMjVkODhiMiJ9', '2020-08-07 03:09:31', '2020-08-07 03:09:31'),
	(171, 'eyJpdiI6Ijc4WjZOOWFnZEVuaktrb2xjcHVqdnc9PSIsInZhbHVlIjoiV3huZ3NTdk9XajVRSmJiYVltMkU4QT09IiwibWFjIjoiMGUwNmU5NjNlOGM3YzI3NDZiZWZlYWQwODcyZDBiZTg2MGJiNWFmZmNlNTE2ODY1MTE2OTJiOTA3N2RkYmFlNCJ9', 'eyJpdiI6IjVGY2ZMUUZpc1VXUmlUUzI1V1QwQnc9PSIsInZhbHVlIjoiSG5vcnJOM2w1OURoeVlMTVlQcDBXbWVNWGlwSlllaXNPNXI5N0lIbTQ4cz0iLCJtYWMiOiJlYzNhNjY2OWZjMTFiYTJjMmQ4MjRiOTM2NjNmODZiM2Q0MDhjMGQ4N2JjMGE2YTRhNDVkZTEwMDA1NDMwZjU5In0=', 'eyJpdiI6Im5kK2FQWS9ZWDFxd3NsR2NkQ1dwSVE9PSIsInZhbHVlIjoiekJCNWk0RkNnMDhuQW5JcTd2OXIwOXJiSGxDUzhsRCtWdGFGKytMc1loZXdBU051NzBwUXdVMm5WT2Z6bUpqZVdzMld2L1pNMER0VVB6SCtRUXQ1czUrZTNVVTlVZ2NRYm1Uc3QzN1RpVmNtV0c4c2cySk9GZDlFaVlHMGR2L1EiLCJtYWMiOiI1M2Y0YjNkMGVhYjUxMGExNGM4YzkzNGI5MWJjN2YxNzk3Mjg0YThiZmQzZTE4NzJkYTcwOGRhMWZlNWU1NGZiIn0=', 'eyJpdiI6IkpxQXprbWpqRXV2QkZGZzNrakdROVE9PSIsInZhbHVlIjoiNkFuVzBzdklWTGROYXdZMG16bmpsQT09IiwibWFjIjoiMjI4MDM3Y2FmMGZlZDFjM2Y1N2VmODZiY2RhOWM1M2YzZTBjYWExMjFkYWYyMTJmMTNiNjgxMjYxMGJkYmY1MyJ9', '2020-08-07 03:09:32', '2020-08-07 03:09:32'),
	(172, 'eyJpdiI6Ii8zbW1PY2ltZWZBKy9IcHlLQVN3TEE9PSIsInZhbHVlIjoiREJOM2xrSElFR05FS0pZNTA1cVZxdz09IiwibWFjIjoiOGJmZWYwZGY5MTY5MGZkYTRhNjNiMTZiYTMxMjMyM2FmYmIyMDdmMmY2MTVlZjM2YWUzZTQyZWE1ZjE3NzZmNyJ9', 'eyJpdiI6IklraDl0ajR4eFpYVmhVbWJSNUpEVHc9PSIsInZhbHVlIjoiU2RMZEJGdi9HWW56eGpuaFhCdjdqK0dpNGN1b0ZlMzNtVjlqODNwU2liVT0iLCJtYWMiOiJiZjFiNjU1MDVmZWNmNWY4MTBkMzYwMDk5YjI1YTA0NWIxN2JlNDgzMTA1ZjY5NGYxZTFhZDZmNGE0NTJhMGIyIn0=', 'eyJpdiI6ImFJTHpmN3dOdldNS2lRNG80ZEwzcmc9PSIsInZhbHVlIjoiR3l4SDJyekJEN3ZHOU4zRzNUQnB2WWFTdzRNVUMxZVc3M0FSRmFYTEZmekovbm1nU3JoVlI5dXJySHFGMWNYdnZ0UEVHdFZsS1ZlYzFMT1FwcTI1T3JLK0NaWjVNcDliZUs4MkpyOEUzbWs9IiwibWFjIjoiMjc2NzRkZTQwYTlkYTAyNGEyZTU4NjQ4MWFhZjkxMjdhZjNjNWJlZGJlOGU1ZDg1NzkxNDNkNTdhNmM4NzRiZSJ9', 'eyJpdiI6IlR2c0lGQ0xidjdlSGNGMDREVFJ4U1E9PSIsInZhbHVlIjoiODcxMmhhQS9ZaGx6UlhNZ3lpM3h0Zz09IiwibWFjIjoiNjE3OTIwZDAwMjBmY2M0NDNiMTU0Y2Q1MGQyNDMyMGVmMmYxMTU4MTZhMGM0OWVjYzRhMGY2MGE5YjdjZTBlOSJ9', '2020-08-07 03:09:32', '2020-08-07 03:09:32'),
	(173, 'eyJpdiI6IndmeTdXUEtPc0pWbGd6KzQ1RlBOVWc9PSIsInZhbHVlIjoiSlFXT2dHUmFkaEJtTVNXMDFZR1JtUT09IiwibWFjIjoiZjgyYjA0M2MzZTEyMWFjNjc1NzY5MjczMTE1MmIyOGYzODNlNzI3ZTY0YjJmYmVjNWRhNGM2ZmVkYTU1NTk1ZCJ9', 'eyJpdiI6InEyQ0UwZ29SVWFHazY5U0sreFl6NkE9PSIsInZhbHVlIjoiUENRZ3VHU3JObW0wMU1iaWRHODBBQWpiZk50b2VOZUF2MjFPR2l1SGdmWT0iLCJtYWMiOiJkNjJmODFiZmJlYjI0ZjA0NWU5NGUyZDdjODg1MjA1YTA2ZTkyYzFmOTkwNDQ2OTRjNGI3N2U3ZmM3YTc2Y2MyIn0=', 'eyJpdiI6IjZwbCtSVHdnUjc3UnV4QzhPaEEraEE9PSIsInZhbHVlIjoiK1hwUmk2NVNZcUpKRU1Bdm5vOWJsamQya1NsWmQzUGVTY1l3d1hTdS8rRXpHdjdPMEc4RmtMOWZsN3NOREh1OUQ0MlVIQzlHbTc5aHBtUlhYelIrVTRtWU53bXhnWFNvaU9Wb1pUVnQ4Wmc9IiwibWFjIjoiOGQ3MTM5ZjhjYzU2NDBjYmNmNDI1NGRkNDg3YTRlM2M0NGEwMmQ0MTQ3ZGYyYzQxMWMyN2EwMGM3MGQ2OWI2ZSJ9', 'eyJpdiI6IlpmRjM1NVUrd0g5OWYvVXltcjRMa0E9PSIsInZhbHVlIjoiSjY5Zk5sTzJZSDdvbEExUXN6eXVHUT09IiwibWFjIjoiYTVjZTVmN2I5ZDg1ZGQyODQxNTM4ZjNiNTc5OTU5NTQzNThmN2VlMmQ5MzI0ZGNkZDdhODAyMDZjMmU3ODcyZSJ9', '2020-08-07 03:09:33', '2020-08-07 03:09:33'),
	(174, 'eyJpdiI6Im1mUnpEdG9STGg2TWlDZ0c0QTFqYnc9PSIsInZhbHVlIjoiTDNVQVJQdlBJU1Iva2h3ZUpiV200Zz09IiwibWFjIjoiZTFiZTIzZmRhNDFlYzU1N2RlZjM5MDU0MzkxYTNjYTdjMzRjODZhMDVmZmJlZTRkYzQ2YmFiNWJlMmE4ZjQ3MSJ9', 'eyJpdiI6ImwwRWxoTWQ0N0hzTElnWlpyYVJVZEE9PSIsInZhbHVlIjoiRHBQRHA5RVFzZytyV1lETVBkTTlKblduWlJibkFvRXV0aTVnOFRVQkU3Zz0iLCJtYWMiOiI3YTJkOTQ5N2ZlMmFlMjFjYTM3OWM5MTc0MWJmY2Q5MWNmMWJiNGMyMmY1MTcwYzgxYTE1NTc3NmQ3NjlmZjk5In0=', 'eyJpdiI6InlyZ3BxcWhoaE9WdGZ6dVRUS1lVL2c9PSIsInZhbHVlIjoiM3owTGlROThici9rTWNNUFVnK0YyZlEwWmczc3IzQ1hRaDNrTlFjQ0lJZzVrT0JraU1kK0ZCMEZzZXBzV0gzbDBPMGRJNzZtRTJiNjhrTndvODJ4N20xZkw3OVFkb1d4REozMGNFVTBFaXBiMW90NWc3Q2ptUDNJUkd0S0JLdEEiLCJtYWMiOiIyMTdkODZmODczZTQxMjdkMmQ3MjBmNmI0ZWJmZmI1YTI2M2MzNjNlOGRiZmQwNTYxZGQ3MGRhNGIxODM4ZGYxIn0=', 'eyJpdiI6InhxWC8zSng4d29LRDNVU00xRitiZEE9PSIsInZhbHVlIjoidHFDbytVYXpVQkhNU1lkTkVHOG9GQT09IiwibWFjIjoiNGZhZjI5YzI0ZWU1ZTdiMTBhZDI5YmNjMjBjNzZiZWYzMGQ2MTQ4OGFkNzQ4MzE1YWQ1NTE2NWJmZTIwNTUyYSJ9', '2020-08-07 03:09:33', '2020-08-07 03:09:33'),
	(175, 'eyJpdiI6IjhCeHhmT0xxbTlFSllmUndmSjlpblE9PSIsInZhbHVlIjoiZEtrOFVrQ2NKNmkrK3hVcFhsUGdJUT09IiwibWFjIjoiNjJjMTkyY2M3ZGVlODFmMTI0NTU0ODc4NzMxOTkxMDk4ODMwZTA5YjQ0ZmE0MWM5YjA3YjA5MmYyMjBhMzliMyJ9', 'eyJpdiI6IkM1a0dRRllyNHZEazFWODlSV3BJWUE9PSIsInZhbHVlIjoiOThRcDBSN2RmOG9hT1l1UEgwWDYyZ1pQeWxLVUo0S1NLbE83aUVyNjkzTT0iLCJtYWMiOiJhOWVmYWMzMzMwOGYzOGE5ZDBmNDJmYzg4NzNiNzYxZTE3OGYxZjYxYWNmMTVkMmQ4ODYxZDcwZDEyZWE3MDI1In0=', 'eyJpdiI6ImdlVUFtanVrT3UyZkNYV05reUhINnc9PSIsInZhbHVlIjoiZnBkV2ptY0M5ZjlIU2cxQ3JLb214d1hwc1pLK09JaHhXT1R1T21nKytxbEpPYnVKTTFCNlEvT1dwRWUvVCs1MXZoNmcwRkJwb1MxUldIbWxiZkNNMjFMMERSalptUmR0Tk5TV3hWa3dwK0U9IiwibWFjIjoiMTdkNDE2YjgxYjQzMWZhYWMyZjhmOTRlMzRkZDhiODIyNzE2ZTEwOWY5YzM3YzNjMzhkODI5NmUzMDc5Y2E0NCJ9', 'eyJpdiI6IjFtZ0t0RUs0MDdLOFZzelFtY1NJWUE9PSIsInZhbHVlIjoiczh4aHNTQjZKVVJYc0lqUzdvYm5Odz09IiwibWFjIjoiODY2YTNiMGRhYmQzNDM3YjI5MTZjOTRjZGY3M2Q5Zjc0OGRiYTZhNjI0OTUxNDcwZjczNTBkNTlmOGI4OTE1MSJ9', '2020-08-07 03:09:34', '2020-08-07 03:09:34'),
	(176, 'eyJpdiI6IjRLYWZzdXdFREljNWdqaE94ZXVyOVE9PSIsInZhbHVlIjoiMzlFVCtLeC9aRXkyZ3MwVUV5OTJJUT09IiwibWFjIjoiYTVhMDVmZTIyMDAzZDk3MTNhOWU1MzI3ZGIxMmRkNGU2YjE2ODRhNWFmMzFkZmIxZTdjMDJmNGYyNDFmZWMzMCJ9', 'eyJpdiI6Ikg0bFJ4eitjbnhQQ1U2K1Z2ZDRFL0E9PSIsInZhbHVlIjoiSnZERWIzalRHMGdmT0hydUdQN2JpYXFTckNnUlhCNGpRUVJncEpUaFRUMD0iLCJtYWMiOiJkNmI0YWQwNWU0NzFmMjUzMmE1NzBjOTg2OTdmMzc2MDcwMzI0ZGM4NGUzNjVlYzk1ZGY3MzAyNzJjNjk5ZWY3In0=', 'eyJpdiI6IjZZTE44bGlmdmdtamUrN00vYXZ0VlE9PSIsInZhbHVlIjoiRmJwNmdzZk84SUV4KytKVjg0VnhsQnBCN1hQbTVkVVpQQXpHTzRBNlViNWU4RlBZdFM2dXNweXpGa0hrWndMMUhJd1hsWW1rcTFmY1RTaUdwYjZwNnBFWkZBNGpGeHhGZzZHYjR5N1hweTg9IiwibWFjIjoiZjUzZWNlY2ZjNzhkMGI5ZTgxNjAyMDBlYzU0Y2I5Y2JlNGFkM2ZhYzgwNDNkMTlkZTNmZGNlMDg3NDU1OTliZSJ9', 'eyJpdiI6IldBWVczYmtUZG4rN2FqWlZQUkU1cUE9PSIsInZhbHVlIjoic3VWcU5yOFQ2cU9WT1J2ZlNMWGtjZz09IiwibWFjIjoiYTRhNTJiNTUxZjg5OTM4OTcxZGRhODZhMGM4YWU5MjdiZjRiZGJkZTM5ZWIwZTQyYTQyNjFkM2UzNWVhZWRiMCJ9', '2020-08-07 03:11:52', '2020-08-07 03:11:52'),
	(177, 'eyJpdiI6InlOSFh2eVpMQ2JOMHB3eXF1N3dRYmc9PSIsInZhbHVlIjoiVzk1dGQ2QzhNSGRDVGs2d3BQU1Zldz09IiwibWFjIjoiZDRhYWMyNTI5YTAxOTFhYmI2ZWRiMmJmNGYyZmI2NDIwZjU4NTUwNjhjYWI5NjdmYTJiMDg3NDY0MDM2ZTQyZCJ9', 'eyJpdiI6IkF2eS9IK0h1anZXQVNyMmphK2lwM1E9PSIsInZhbHVlIjoiVWJpVVVQc1QzVXJUTUFoVXRMMXo2Nmt2L1R2eUluOHVKNXFtWjZSZ0ZGOD0iLCJtYWMiOiI0Mzc1NGY2NWE2ODk2MWYwMTE0MTk5YWZjYzc3Njk2N2U4ZDZjMzJjMjRkMTc4MWE1N2Y1M2I5MTYxMTI1YmEyIn0=', 'eyJpdiI6IjlFUExGN2lTNEF1YkZjT2lxKzRnbFE9PSIsInZhbHVlIjoiamYvenhFODdML2VLQTFTV1M2L01xZmpDZFNXU2pUSnQ1S3llczkrUnRzUTVuMEN5NnNRTkMyRSs2d3V1ZXVzRW1rMWE2ODVYbDR5dHFvZXowa0xzYU5PYmNHcmZOSlNmRzlmVjZiY2ZYS1E9IiwibWFjIjoiNTY2OTZkNWMyMjc1MGIzNzZhYzNkYjNmNTM1YjM4NWRmYTMwZjYwNWU2OTcyZDczZmNiNzliMzhiOGNhZjYzOSJ9', 'eyJpdiI6IlhDUW1neTNMZnF5WkVjV0ZNcGhxQ1E9PSIsInZhbHVlIjoiQmxTd290QTRnNFRWd1V0TjcreW8yQT09IiwibWFjIjoiMzU1N2JhMWFlYWQwMjk1ZWQ2OTY1OTNmOWNhNDE2YmQzNWM3MDQyYjY4YjFmYmZmODYwNmM2OGEyNDk0ZDY0YyJ9', '2020-08-07 03:11:55', '2020-08-07 03:11:55'),
	(178, 'eyJpdiI6IndFWHVmS0hKOUJJN2NLa0dQVFArT3c9PSIsInZhbHVlIjoiejA3NVd3UENESnJqSnRFTUtrMTNLZz09IiwibWFjIjoiYmZkNjRiNjg4N2Y4MmFlMTdiYjA3ZGRkZTI4ZDE1MjFkN2RmNTMwZjUwY2Q1YzllYzNjY2E2YTdiMmI1MjFiMSJ9', 'eyJpdiI6Ii9JWFNJYXd5dWV5eHJCdWtwT3c2N1E9PSIsInZhbHVlIjoiV09VRVR4YnpxUDVKWGxHL0ZYTy9zZERCZWdDVVJLekJwdDF3UGFsbHNoVT0iLCJtYWMiOiJkOTBiZTRlODIxN2QwOGJkYWMwZWQ5Yzc3MzE0NGM1NzQyZTU4M2VmOTA1YjA5NDcxY2FkODQ2ZmZiMmMwMTAwIn0=', 'eyJpdiI6IjFRSy9Ua3FZN0EwUFhUODVHcFJGVWc9PSIsInZhbHVlIjoiTEhpNGJyWnc4ZjB5T3I3VDlHMHppZXh6VXZWOUpqZ3BJbHFXd1ExSENOa2VBcFJSRGdJbTlqYnRxK1U4cjYxRXBRdFY2VEdpV0RjQVJKcEg5NVdUN1FJbDZYbGQyL0RTR0poZmttVnh4NlBnTnZmUllLdkZaeC9sYmFzUHNoa3IiLCJtYWMiOiIzMDVhYjI0OWE3NmNjYjc1MTJlMDBkNDQyMTkwYzVkNWM0YjYwMTUyMjJiMmRlNmYwMTNkNjI0N2ExYjA3MTZjIn0=', 'eyJpdiI6Ilk2ZE8wRy83dU5UYzcwWjUxQm9waEE9PSIsInZhbHVlIjoiUkc1LytyZmpTKzJvK0FMNGlpRHBiUT09IiwibWFjIjoiNzA4MWJiNDU3MjMzMjU2NmQ2ZTcyNDU3ZmViMTA2ODdkZGMzYjJhMzE3YjA4ODgyMTg3OGRjMzAxYjU3ZWYwZiJ9', '2020-08-07 03:11:56', '2020-08-07 03:11:56'),
	(179, 'eyJpdiI6IndtbEZtWFhjMFVBVE9pT2JxeGJTU2c9PSIsInZhbHVlIjoiTGoxT09UVnZRai8wZm05M3k2ZGZsUT09IiwibWFjIjoiNjU0NGNmOWU4ZWMyZjI1MmNjOGRmYjkzMjNlYTkzNmY2N2MzMzJjODY5NTY0YzBkY2Q1N2JhMTI2NjYwMmJmNiJ9', 'eyJpdiI6Im9OamVUb0R1Sjd6MmNYS3R1T1l5Rnc9PSIsInZhbHVlIjoiTGR4VFJtVk0wS0ZITHZPWW5WQnJjYTZBZ0ZIeXZWN25hRXNvRG9oQ0NORT0iLCJtYWMiOiI0ZDRhZmY3NTFhYThkMGIzYjRkZWY4NjE1Y2JmMTZlNDIyMDk1OTQ4YWU1NTQ4NmE1M2ZlOTNjZjg0NjZmN2I2In0=', 'eyJpdiI6Im95eXI4S1NEZzhZU0RMU3B6WFF3Tnc9PSIsInZhbHVlIjoibkN4U0xOdGRlN2d3emVFUyt6VjZYZTV4Z0V3VDJOSGhib1ZDaVd6anBwUUEzMWY1cDh1d0VkL0FBVW9PQWNSSjc0UDl1U09tc1hZaHRVSnZBTUxBdUFvUzY5NFdmZVJOVU0vRTNuWmYrL2M9IiwibWFjIjoiYmU1Njk5NmQ3NzdjZGY1YzJkZTc4ZDg4YzEzYWU0MzhiY2RiNTcwNGEwMjNjZDA2NWFmZWZlM2JmYTZiMjYzMyJ9', 'eyJpdiI6IjF1K2piUU1QYStCbjJjR1VnWUVpOGc9PSIsInZhbHVlIjoiQXhRMjlPL3JtSzR6QlIzSWtvTW9nUT09IiwibWFjIjoiNTg3ZTVjN2QzMzQ1YmZmOGE1NGJmMTNkNGE4YTY1NjJmZGU5NzMyYTIxYWRlZTU1N2M2MjYwMDg1YzgyM2UwMCJ9', '2020-08-07 03:11:57', '2020-08-07 03:11:57'),
	(180, 'eyJpdiI6ImQzdFZIU2s1czI0dkZ4K0ZmZmREaFE9PSIsInZhbHVlIjoidHUrc2NwS0NPY3Ziblhqb1ZQVFFvdz09IiwibWFjIjoiOTc5ZDExNTExMDFiYjhjZjRlYzUwNGU4NGZiNzBhNTAwYWFhNmE5YTQzODE3YzczOTRiOGUyZGEzOWU2OWE0OCJ9', 'eyJpdiI6IndUTWMwVml5dWRCbmZBYmo5aHNUVFE9PSIsInZhbHVlIjoiTy91WGFZb2VrM3grdUFRa2lud0ZDQ0lEbDRlaGt6Uk1mWmgwdnpJNllLcz0iLCJtYWMiOiI5N2MxNDNhNDA0ZTQ0MmUzYTczYzllOGMwOGVjNWIyMDEwYTMxYjJhZGUwOWM2Y2M5ZDU5MWQzZGY4MDhiOGUzIn0=', 'eyJpdiI6InVZbkhVaXpxNXo2SVY2NkxtSC9ybHc9PSIsInZhbHVlIjoiUmkyblR5Q1c4Z3VhT1cxeXdSdjF3VXdreHhSSjVVbFlEbklncjRLVzhPM0dPM3Y3dEUxeXZnSUFFVVJuSlVXOFVtbzNobmRhS3JDK1huZG8yQWM0cU15Q3VEL09qMENPMURyR3UzRDh6Unc9IiwibWFjIjoiNTUzMzRhZDVhYTliOGZlZGJmZWNhMDQxZjMzZDQwZWEzOGM3YmMwNmRhZTZhOGM5MWJlNGQzNDAwNjMzOTEwZSJ9', 'eyJpdiI6ImNtMlh1RzI1U1NIbmZhMWwwRVhnVWc9PSIsInZhbHVlIjoiZE9mcng1aExpbUI5NWMyblBtK29kZz09IiwibWFjIjoiZTBhOWQyODBmMDVhOTYwMTQ1OTJiNWQwYzk3ZGUzZWIxNWM5YjNiNWUzYThmZDdlZWVlNjU5ZDNhMjU4N2UwMCJ9', '2020-08-07 03:11:57', '2020-08-07 03:11:57'),
	(181, 'eyJpdiI6IitseWVCeHV2Um9PZmExQkdDSzdaRGc9PSIsInZhbHVlIjoiWjB4TVdWL3M5TUxHR3UzeXBxVzQ1Zz09IiwibWFjIjoiYzkzZTQ2NGQyMTc1YjBkOTdlMTVkZjc3NzRiZDA0ZjhkNTlmZGIzM2M0ZWRjODVlYTQ1YjBlMGQ5OTFhODEzMCJ9', 'eyJpdiI6IjF6U1pkZHhoMFdTVk1JQnFrR0lsbmc9PSIsInZhbHVlIjoiRm9HV3UzOWVaZzJkQkljekNqa0dkRTJ0eTdTTUtqcGN1NXBTam5Ud1BHVT0iLCJtYWMiOiIyNTgxOWFiMTkxYzAyYjk4MDgzNTVkYTNiZDk5YTY0YmY0Yjg5MzE3YTUzZjA1YmU1YWU2OTcxZGRjN2VmZjM1In0=', 'eyJpdiI6ImJCaFlwalMxT1g0NUkvTlhsbVp4eHc9PSIsInZhbHVlIjoiMGhmaXp0ZDBYd1U5eXFlc3lPd1FRZWx0UWhIditDeWFaT1RpVmJ6THdFM1c2YlFGUlFhekUvUFdvVDFIOG1LYmJLT1JrTjJrUXRLc2R6cHFhSkpXTEpoRVFiKy96bU9icXB0TEM5NUlsdHM0WG9uajVVc0dMMWs4YndMNWFZc04iLCJtYWMiOiJmY2U4ZjEwNzVhNjQ2ZDE2YzNlNjM5MDJiYTI3YzQ1YzdkZDllZWFlZDVlMDEyMzFhYjk4NWEwYjlkMmVmOWRlIn0=', 'eyJpdiI6Im1KYklGbzM3MmxsYW00MHUvTkVjOHc9PSIsInZhbHVlIjoicXdJRDFXZ2t5d1llcVJtYTN1RTRYUT09IiwibWFjIjoiOTY4YWQxNzkyNTlhYWU2NmUwZjlkNGZlM2FkNzA5M2EzZTY4ZTMzOGMxZTA1ZDM5MjRjNDkzZWQxZjU3NDAxOCJ9', '2020-08-07 03:11:58', '2020-08-07 03:11:58'),
	(182, 'eyJpdiI6InVtUWZBdE1pbi9CQTBhOHdLc0E5SHc9PSIsInZhbHVlIjoiRWRQMUk2YVZzWjdLTmpBdGd3UjJ4QT09IiwibWFjIjoiNzA2YTAzYmYxNzYxMzJhNmJjMTgyMThiOTY1ZWEzMDAxYjIyMGEwYzJkMDUwNjUzMGNkYjU2OTE0M2ZiZGNlYSJ9', 'eyJpdiI6ImF3MU5ybEFza3FRb0pDNHNyNDFKaVE9PSIsInZhbHVlIjoiS0ZWRjJPcHB5UjZOQi80K09EU2dQQlVkTnJMeHQwQmYwbWs1dHRTcGl2az0iLCJtYWMiOiI1ZDcyZGYyYmU3Y2NiNWY2ZjM1OTA3OGMxMjY4ZmExODgxZDQzMWRjNjA0NzMzZmU0MDUxODc0YmVmYTEyZDQ5In0=', 'eyJpdiI6IlRzbzdKWTdGc1hxMm04SXNvT3BUVnc9PSIsInZhbHVlIjoiQ1llcktZNTdKK0o5Skx1ZXlibGZwU2NHZE02RzNMVWRlY0tyVXJxa244bzRDZ1pJbytRTFliRXE2bmhWV2xxbnExUFV6bTNUMzJrQnNRaXZqaU9EWndmZjdjRElYL2lTQ3RZUWZFdGJtSU09IiwibWFjIjoiMzc1MTYwN2Q4MmE5Zjg1YTNjMWU5MGVlYmJhY2I0YzZjNzQ3Mjg0OTZlYjI1OTk1NTdlOWU3MzE0NDgwODBkMCJ9', 'eyJpdiI6ImpEeG5NSmpHeE0wSHZpR1RBQmkySEE9PSIsInZhbHVlIjoiWkpIMXVLdnJ0RWIzMDJpZWVGTUJhUT09IiwibWFjIjoiOGVkYWViNmEwZWQyZTJlMTM3MDdhMTIyYTM2YjliNjNhMGZmYTYyZWY0ZGRjOTQ4M2ZjOWY4ZjNhMWQyM2EwMyJ9', '2020-08-07 03:11:59', '2020-08-07 03:11:59'),
	(183, 'eyJpdiI6IlFvZVFEV0E2N0tFMUdUc3QxSDJwb0E9PSIsInZhbHVlIjoidXBScjhxSVBQYjgySUxuZjlsRnFhZz09IiwibWFjIjoiMTNlMmRiNDM3YzQ4OTYxM2MxZmZjNzgzM2ZhY2M3NGI4YmUyOWU0NDNkZjUzY2U5ZmQyYWRlYmNkZDIwNGY5ZSJ9', 'eyJpdiI6IkxKeDhlM2F3eFcwbGs0cmpUSy9YOHc9PSIsInZhbHVlIjoiMERXSEl5b2JOTnRpTFdDU2V4N1pIYlcxa0g5Y2hBME4yTkhwVUpaK3FsMD0iLCJtYWMiOiJmMTViMWY4MzFkNTQxMDcwOGQxMTYwZjVhZjdhNTE0YzUzNGZjZGU3ZGEwZTkzZTIxNzBkZTUxMzA4NzgzNDBjIn0=', 'eyJpdiI6ImxMWmNmd1FKZWpoc1Q1UVdZeFlmYnc9PSIsInZhbHVlIjoiTzBURUM0L0l1MGgyWTd5TmMyemJ5UzI3UWJMVUdKS213YUZCL0xyT1hzcXUvUHpHWWVyMlFJTEJmbmR3OUgrbGxTRVVIVzJLRldrWmY5NzNOZzduRmxvcE12QW1IdUhoa1hkU09EWUpBZWs9IiwibWFjIjoiOTE4ZTQ2MTk0ZDAzYTVjZmUwYjBjY2EyOTIyZThlM2EyNmEyZGYwM2YxMjQ5NzZlYWMwOTgzOWIxNDYzZmMyYyJ9', 'eyJpdiI6Ik5SdXJ0Wk4zOEtLYy9nQzlWemFZblE9PSIsInZhbHVlIjoiL0h6MnZuYzBya2lCbEQzTFpQSWhCdz09IiwibWFjIjoiZGJjZDcwMWRlNmNiYzdjZDFlZDY4ZWViNDYzMzA3YjRkMWUyODFhY2YxZGY2MDdjY2M4ZjE2MjNlY2Y5MDAyYyJ9', '2020-08-07 03:14:14', '2020-08-07 03:14:14'),
	(184, 'eyJpdiI6IjhxanhJL0N1RTB3UVFHQ05QUGtDTEE9PSIsInZhbHVlIjoieGtlSEJUNHRoemZxOGhzQ29senZiQT09IiwibWFjIjoiMzVkZTY0MGM1MmVjZTgxMTA0NTQ0ZjY0ZjU0ZmVjMzQ1MjJhM2RmNzI1NmNhYzM2ZWM5Y2E0ZThiZDZhYjM3OSJ9', 'eyJpdiI6IjF6YXFYMWFKb09PZGZSUFpXaVBnVXc9PSIsInZhbHVlIjoic3orZGZQelhXRVZ1bE1kZGNlN1FLSUVORTVoQ1o3ZGUwY2cxT2o3b0ZpZz0iLCJtYWMiOiI0NjQzN2Q1ZjNiZGZlNDdhYTA1MzY2MzlhYzlhYTA1MTk1ZGQwMGQyZTRjYTVhZGNhNjlhMjNkOWZhMjc2N2Q5In0=', 'eyJpdiI6IjRtdG44SjVTTFhNMmdSSllzeTlGL0E9PSIsInZhbHVlIjoiZXJyTmVyNGtBRXlReVFoSkJMZ09Edm4xMENwSThhTEcvSEVpbGRYaFlVRHNsTk5zaVlYeUFuTEpMMUcvOEJReHJabGg2MVF1N2lnYmcrS3dNUUZzS3B5ZEgxZ2lZOXp4Unl2UE11dnlZTXM9IiwibWFjIjoiZjhkNDkzYmQ3M2JmY2I5YmEyMzQyNjI2NjMzMGYxODEzZmFiNWRhMTQ1YmNlMjFlMmNjZWE5YTM0ZjVlMDg3MyJ9', 'eyJpdiI6IlJGd1RvNXpvMnNmNjY1RTRBdTFoS1E9PSIsInZhbHVlIjoicTdFcWVVVDlKMjdnVmZ3a2tGSThzUT09IiwibWFjIjoiMTJmNTc2YmIzZWQ3NWQ5NTczNDI0ZWFlOTNlZDIwZmJlZjc1NDQ2YzgzMDQ5ZDIyMGU5YjFjYWM2YTQ1YmNlMSJ9', '2020-08-07 03:14:59', '2020-08-07 03:14:59'),
	(185, 'eyJpdiI6ImtlZmtTdlZxWmEwZ2lRZkhNZFJoS2c9PSIsInZhbHVlIjoiVXg1NUhXUlo5eUpQRkZ3ako2Z3I1QT09IiwibWFjIjoiYTA5MDJmMjczNjQxZDczOWE1MzU5Y2IyMmU1ODY0N2VjNTk3ODg0OWFkOTJhNWRjMWU4N2ZhOWVkYzk2ZmNiOCJ9', 'eyJpdiI6InRvcnluWE1nVjlDRjdXdXBTdEhjSFE9PSIsInZhbHVlIjoiNWJ5eU1FSGlicVdNTUtkMjZoVVh4K3JObFFycTRxSEZvTHZSajhtbXR1az0iLCJtYWMiOiJiYjM1ZWI2MGE3OGRlN2Y0YWM1YzA0NzE4MjgzM2QzMDJjYjFmMmMxYWE4NzA0ZDRkYmFiNDY1ZGQ2MDEzNDZlIn0=', 'eyJpdiI6Ilh0dW5ZbzNRWUhhTS9IZ1JaUHJCb2c9PSIsInZhbHVlIjoibFlWeDBBdmd2NlpzRnpMbWNhSW5HdFdaWi9GVGdkd08xN1RQa25ZRGZhVVduT2tsOGFIdkEwTVlTUFk2V2p3RmVNYUI4K3Q1S0ZGdlgyTDROMUVBWjdvcU1MQWo3Skx2amFoWXY2QWZFQnM9IiwibWFjIjoiMTc4NzM0NWY1MzhlOGM5M2Q3ZjJkZDc1NjRiZmE5NzE4NjNiMTNhODU1YmFlYWFmZDA0MGU4ZjVlZWU2ZmZlYSJ9', 'eyJpdiI6IkM2ekFwdXJzTDhxWmlrVXplRW5QWGc9PSIsInZhbHVlIjoiZ1dHeTM0TUZxT2kzaWhoVGpoUjJZZz09IiwibWFjIjoiYThmYjRlYzA5ZDQ3YzcwY2Y1NDI1YTE4MWZkMjYzNWE1MDBjMzAzNDY3MmE4MjVkMjI0MjBmMjcyODQxNWQ2MyJ9', '2020-08-07 03:15:47', '2020-08-07 03:15:47'),
	(186, 'eyJpdiI6IjZNM0Z0ekFUbkF3K2ZRUFRzemNFZUE9PSIsInZhbHVlIjoic2ZtblJucHphTnl6dXh0QXlnTmNTZz09IiwibWFjIjoiZDI3ZDgzZWJjMzhmYWEyNzcyODRiMmMxNDVhMTMyODgzOWQ2MjE2M2Q1YWVjZDk1MWViZjhlM2FkZWRhNDQ4MyJ9', 'eyJpdiI6IjVIcWwwL0ZINmZnOHZuVzM3cnlvSGc9PSIsInZhbHVlIjoiMUFNeHRUQS8zK0hGa0xWOUtINmxUYi9YU3JBUG40cFpHcnRwM1JNaUNVOD0iLCJtYWMiOiI3OTZhYWE5NWY0NmYxMmRjYmZmNDM4MWY0NjhmNWNiMjA1MjJjYjRjYTY0YjU5MGE1YWQ3YzU4MTUzMTkyMDBlIn0=', 'eyJpdiI6InNuVkk2N2ZabTdRQ0ZaeWtFVGlWTHc9PSIsInZhbHVlIjoiRE9CNk9aVk4wYlpQMnV3NkJaZEFFcnZHenNUZlB0aWdsUzVsQ09UVkFjbG5KeEl0M2VsaXB5aHU0cmh2VVYySzRqMitxQlJuc1FoTmluaCthekhaMTVEWlgvTVNYOEc1SWloV1VwQ2paQzg9IiwibWFjIjoiMmRiYjI5ZGI2MzRkN2I1OWZiNjJmOGNmMWFlNmI4MTRlNmVkNmNiYTM5NDExM2QyMzM3NjMxNzMxZTgwNWNkMyJ9', 'eyJpdiI6Im4yemJLZ3Y3UGRrMGFPV3RkN3lRZUE9PSIsInZhbHVlIjoiZkd1cm1LTmpXUExMcEFpRncwYUxOZz09IiwibWFjIjoiMWU1MDYyZDZhNTE0ZDNjZmNiMThkMjFlN2I5NDZjNTkzYzRjMGI1OGRlYjE3MTBiZTdkMDE1ZDFiZTQ5ZjgwMCJ9', '2020-08-07 03:16:18', '2020-08-07 03:16:18'),
	(187, 'eyJpdiI6IkphaENPcWdaQzN2QXFmNk5YSWFNWnc9PSIsInZhbHVlIjoiVEgxdnl5NGxsUitUMDZRbkppZEdrZz09IiwibWFjIjoiM2I5NDU2MDgxMmZmOWQzNDcwY2Y4NzBmOGUyNzI2OTEzZDJmY2NiZGYxMmU0ODA1Yjg5ZWY4NGYyMDExYjU5NiJ9', 'eyJpdiI6IjUwVG51NGRzalhzMWFHMm9qOTZmaEE9PSIsInZhbHVlIjoiQ0lEYVhPZWM4SlppSFozQlNVREpZQUFmcmxMeDBTUDFoWWFXa0pzWFE1OD0iLCJtYWMiOiI5YjRlNDQ4NmFkOWEzYTI5ZDI1ZjUyZmQzNzBiMTc1OGM0NThhMTkzN2JlZTJkYzBmMmQwZWYyODcxYzJjNDlkIn0=', 'eyJpdiI6IitoNmhGa28xck1lLzg2aFlNNGUzNXc9PSIsInZhbHVlIjoic1pVd2lMck1NdWhyOGo0bHlDZGdxdllNRCtyVTVBR1FpY2NsWVlBVkh2RkpWWDdVSUdISTNMMnJLQWRLWTFVNyIsIm1hYyI6ImU2MDdlODUyZjJjZTk0NDM3N2ExNzFhMzJlNzRjNTc1YTYyNGNiMDAyNDY3NmJhNzhmNmY4ZDViYWJmZTFkY2EifQ==', 'eyJpdiI6InpwYkdoVUlSN09nQnlKSXR0bFl6dkE9PSIsInZhbHVlIjoiZ0FKU3ZVekU1K0QxcGZUcGNEZ2k4Zz09IiwibWFjIjoiZDA4ODExMDBjNmJhNmYwMzEyZjBmNzRhNDdiYjdmODYyNGM2NzU0OThmNWUwMzVlNGQ1YjczYzA0NzdlNDM1ZSJ9', '2020-08-07 03:20:36', '2020-08-07 03:20:36');
/*!40000 ALTER TABLE `error_log` ENABLE KEYS */;

-- Dumping structure for table msdfs_forms_db.failed_jobs
DROP TABLE IF EXISTS `failed_jobs`;
CREATE TABLE IF NOT EXISTS `failed_jobs` (
  `id` int(10) unsigned NOT NULL AUTO_INCREMENT,
  `connection` text COLLATE utf8_unicode_ci NOT NULL,
  `queue` text COLLATE utf8_unicode_ci NOT NULL,
  `payload` longtext COLLATE utf8_unicode_ci NOT NULL,
  `failed_at` timestamp NOT NULL DEFAULT current_timestamp(),
  PRIMARY KEY (`id`)
) ENGINE=InnoDB DEFAULT CHARSET=utf8 COLLATE=utf8_unicode_ci;

-- Dumping data for table msdfs_forms_db.failed_jobs: ~0 rows (approximately)
/*!40000 ALTER TABLE `failed_jobs` DISABLE KEYS */;
/*!40000 ALTER TABLE `failed_jobs` ENABLE KEYS */;

-- Dumping structure for table msdfs_forms_db.forms
DROP TABLE IF EXISTS `forms`;
CREATE TABLE IF NOT EXISTS `forms` (
  `id` int(10) unsigned NOT NULL AUTO_INCREMENT,
  `form` varchar(150) NOT NULL,
  `slug` varchar(50) NOT NULL,
  PRIMARY KEY (`id`) USING BTREE
) ENGINE=InnoDB AUTO_INCREMENT=4 DEFAULT CHARSET=latin1 ROW_FORMAT=DYNAMIC;

-- Dumping data for table msdfs_forms_db.forms: ~3 rows (approximately)
/*!40000 ALTER TABLE `forms` DISABLE KEYS */;
INSERT INTO `forms` (`id`, `form`, `slug`) VALUES
	(1, 'Form A - Employer/ Employee', 'form_a'),
	(2, 'Form B - Self Employed', 'form_b'),
	(3, 'Critical Incident Form', 'critical_incident');
/*!40000 ALTER TABLE `forms` ENABLE KEYS */;

-- Dumping structure for table msdfs_forms_db.form_a
DROP TABLE IF EXISTS `form_a`;
CREATE TABLE IF NOT EXISTS `form_a` (
  `id` bigint(20) unsigned NOT NULL AUTO_INCREMENT,
  `application_id` bigint(20) unsigned NOT NULL,
  `first_name` text NOT NULL,
  `surname` text NOT NULL,
  `passport` varchar(50) NOT NULL,
  `gender` char(1) NOT NULL,
  `dob` date NOT NULL,
  `nationality` int(10) unsigned NOT NULL,
  `immigration_status` int(10) unsigned NOT NULL DEFAULT 1,
  `medical_issues` varchar(1) DEFAULT NULL,
  `medical_issues_remarks` text DEFAULT NULL,
  PRIMARY KEY (`id`) USING BTREE
) ENGINE=InnoDB DEFAULT CHARSET=latin1 ROW_FORMAT=DYNAMIC;

-- Dumping data for table msdfs_forms_db.form_a: ~0 rows (approximately)
/*!40000 ALTER TABLE `form_a` DISABLE KEYS */;
/*!40000 ALTER TABLE `form_a` ENABLE KEYS */;

-- Dumping structure for table msdfs_forms_db.form_b
DROP TABLE IF EXISTS `form_b`;
CREATE TABLE IF NOT EXISTS `form_b` (
  `id` bigint(20) unsigned NOT NULL AUTO_INCREMENT,
  `application_id` bigint(20) unsigned NOT NULL,
  `first_name` text NOT NULL,
  `surname` text NOT NULL,
  `passport` varchar(50) NOT NULL,
  `gender` char(1) NOT NULL,
  `dob` date NOT NULL,
  `nationality` int(10) unsigned NOT NULL,
  `immigration_status` int(10) unsigned NOT NULL DEFAULT 1,
  `medical_issues` varchar(1) DEFAULT NULL,
  `medical_issues_remarks` text DEFAULT NULL,
  PRIMARY KEY (`id`) USING BTREE
) ENGINE=InnoDB DEFAULT CHARSET=latin1 ROW_FORMAT=DYNAMIC;

-- Dumping data for table msdfs_forms_db.form_b: ~0 rows (approximately)
/*!40000 ALTER TABLE `form_b` DISABLE KEYS */;
/*!40000 ALTER TABLE `form_b` ENABLE KEYS */;

-- Dumping structure for table msdfs_forms_db.form_ci_items_lost
DROP TABLE IF EXISTS `form_ci_items_lost`;
CREATE TABLE IF NOT EXISTS `form_ci_items_lost` (
  `id` bigint(20) unsigned NOT NULL AUTO_INCREMENT,
  `form_critical_incident_id` bigint(20) unsigned NOT NULL,
  `item_id` int(10) unsigned NOT NULL,
  `cost` int(11) DEFAULT NULL,
  PRIMARY KEY (`id`) USING BTREE,
  KEY `FK_form_ci_items_lost_form_critical_incident` (`form_critical_incident_id`),
  KEY `FK_form_ci_items_lost_items_lost_or_damaged` (`item_id`),
  CONSTRAINT `FK_form_ci_items_lost_form_critical_incident` FOREIGN KEY (`form_critical_incident_id`) REFERENCES `form_critical_incident` (`id`),
  CONSTRAINT `FK_form_ci_items_lost_items_lost_or_damaged` FOREIGN KEY (`item_id`) REFERENCES `items_lost_or_damaged` (`id`)
) ENGINE=InnoDB AUTO_INCREMENT=15 DEFAULT CHARSET=latin1 ROW_FORMAT=DYNAMIC;

-- Dumping data for table msdfs_forms_db.form_ci_items_lost: ~14 rows (approximately)
/*!40000 ALTER TABLE `form_ci_items_lost` DISABLE KEYS */;
INSERT INTO `form_ci_items_lost` (`id`, `form_critical_incident_id`, `item_id`, `cost`) VALUES
	(1, 1, 1, NULL),
	(2, 1, 3, NULL),
	(3, 1, 7, NULL),
	(4, 1, 8, NULL),
	(5, 1, 9, NULL),
	(6, 2, 1, NULL),
	(7, 2, 4, NULL),
	(8, 2, 5, NULL),
	(9, 2, 7, NULL),
	(10, 2, 8, NULL),
	(11, 2, 12, NULL),
	(12, 3, 4, NULL),
	(13, 3, 6, NULL),
	(14, 3, 9, NULL);
/*!40000 ALTER TABLE `form_ci_items_lost` ENABLE KEYS */;

-- Dumping structure for table msdfs_forms_db.form_critical_incident
DROP TABLE IF EXISTS `form_critical_incident`;
CREATE TABLE IF NOT EXISTS `form_critical_incident` (
  `id` bigint(20) unsigned NOT NULL AUTO_INCREMENT,
  `application_id` bigint(20) unsigned NOT NULL,
  `disaster_id` int(10) unsigned NOT NULL,
  `disaster_other` text DEFAULT NULL,
  `housing_damage` varchar(1) DEFAULT NULL,
  `housing_repairs` text DEFAULT NULL,
  `insured` varchar(1) DEFAULT NULL,
  PRIMARY KEY (`id`) USING BTREE,
  KEY `FK_form_critical_incident_applications` (`application_id`),
  KEY `FK_form_critical_incident_disasters` (`disaster_id`),
  CONSTRAINT `FK_form_critical_incident_applications` FOREIGN KEY (`application_id`) REFERENCES `applications` (`id`),
  CONSTRAINT `FK_form_critical_incident_disasters` FOREIGN KEY (`disaster_id`) REFERENCES `disasters` (`id`)
) ENGINE=InnoDB AUTO_INCREMENT=4 DEFAULT CHARSET=latin1 ROW_FORMAT=DYNAMIC;

-- Dumping data for table msdfs_forms_db.form_critical_incident: ~3 rows (approximately)
/*!40000 ALTER TABLE `form_critical_incident` DISABLE KEYS */;
INSERT INTO `form_critical_incident` (`id`, `application_id`, `disaster_id`, `disaster_other`, `housing_damage`, `housing_repairs`, `insured`) VALUES
	(1, 1, 2, 'eyJpdiI6Imp2MGtNMFNYNUlRWUcwd004ay9EdkE9PSIsInZhbHVlIjoid0ZMUWY3dVZlem5YV2hRQmZyL1FBdz09IiwibWFjIjoiZjNiZTg0YjJiMmYzZjI4MjZkNThkYjY3YTE0M2FjNWYwNTRjYjUzN2M0NDhlNmQ0ZmEzNjMwMDNlZmM3YjUwOSJ9', 'N', 'eyJpdiI6Im96bjJyZjM0M2pjZmxaREtMYXNHWVE9PSIsInZhbHVlIjoiS0hnbW1ZOEpMeEp6SFdlWUJtNjl3UT09IiwibWFjIjoiNTNiZWQyMzY4ODZkMDk4YTdjNWE2OTU5ZTdiOTQyMmI3Mzc4MTIxZWViMmYzMzRjZmM3OTNhYzljZGQyYzc4OCJ9', NULL),
	(2, 2, 1, 'eyJpdiI6IlVxNVIxa08yeWJGcTRJQWRERmdySnc9PSIsInZhbHVlIjoiUkkvbmxZT045K2ZjZlFYaDBiTjE5Zz09IiwibWFjIjoiYTBhZmRjZDY5ZjUxYzg0MDcyNjgzODhiMjVmNmVjMDZkMzRmNTBjNDlhNTgwZmIxOGEyMDFkOTUwNGYwOGVhOSJ9', 'N', 'eyJpdiI6Im8xUEQzWkdRYm5zVVZXSll3V2dobkE9PSIsInZhbHVlIjoiUng3MlFsTDd5aUVhMHRHWnJuVEs0UT09IiwibWFjIjoiZjkzMmM3NmI5OWRmNWM4Y2E3OWFjYmY3MWUxNTljMmY3YmFiNjdkZjM1NGI5MDdjYzUzNWM4YTkzMTI0YzY2YSJ9', NULL),
	(3, 3, 3, 'eyJpdiI6IlQzK0JaWDRZQzNNTTU5bk13Q1RicHc9PSIsInZhbHVlIjoiZnZ5Uzg0MU9aK3AvcHhISUMzRitTZz09IiwibWFjIjoiZDA5NWRiZTY5OGE2YzI3MzVhNzY5MjdkZGFiODYxYWE2MGNjMDVhNTk4YjM1ZDVlNzYzM2Y2NTRhNDgyMDgyZiJ9', 'Y', 'eyJpdiI6ImxwZXpFQjEyNHVsUlY4ejUvOWRzYkE9PSIsInZhbHVlIjoiSjJ0akZtanlHOE9IZCtOUmVVNkptTlhqcE42SXFkY0thYmJyZFdwVHFBdWJOcWVTejNTdEdZbHUvd2ZCRFNaTWp2Z0FjQWR2QkFWVkFFUld2ZnFFRDA5Rms2VlBORElLZEttdHRHMHlvNFZVMzNrZVpPS0lpYkhEakUwQzAxMlpXRStsWHNTb3BCRmpmUmkyV2YyMHhRPT0iLCJtYWMiOiIzOTI3Mjk5ODAxZmY0NTg5NzczODU2OTIzMjdmYjk2NGUyYjU4ZjdiNzM2YjEzYTk2MzViNmEzN2IyMjI1MGJiIn0=', 'Y');
/*!40000 ALTER TABLE `form_critical_incident` ENABLE KEYS */;

-- Dumping structure for table msdfs_forms_db.households
DROP TABLE IF EXISTS `households`;
CREATE TABLE IF NOT EXISTS `households` (
  `id` bigint(20) unsigned NOT NULL AUTO_INCREMENT,
  `housing_type_id` int(10) unsigned NOT NULL,
  `address1` text NOT NULL,
  `address2` text DEFAULT NULL,
  `community_id` int(10) unsigned NOT NULL,
  `total_income_id` int(10) unsigned NOT NULL DEFAULT 1,
  `active` int(1) NOT NULL DEFAULT 1,
  `created_at` timestamp NOT NULL DEFAULT current_timestamp(),
  `updated_at` datetime DEFAULT NULL,
  PRIMARY KEY (`id`) USING BTREE,
  KEY `FK_households_housing_types` (`housing_type_id`),
  KEY `FK_households_communities` (`community_id`),
  KEY `FK_households_total_income` (`total_income_id`),
  CONSTRAINT `FK_households_communities` FOREIGN KEY (`community_id`) REFERENCES `communities` (`id`),
  CONSTRAINT `FK_households_housing_types` FOREIGN KEY (`housing_type_id`) REFERENCES `housing_types` (`id`),
  CONSTRAINT `FK_households_total_income` FOREIGN KEY (`total_income_id`) REFERENCES `total_income` (`id`)
) ENGINE=InnoDB AUTO_INCREMENT=4 DEFAULT CHARSET=latin1 ROW_FORMAT=DYNAMIC;

-- Dumping data for table msdfs_forms_db.households: ~3 rows (approximately)
/*!40000 ALTER TABLE `households` DISABLE KEYS */;
INSERT INTO `households` (`id`, `housing_type_id`, `address1`, `address2`, `community_id`, `total_income_id`, `active`, `created_at`, `updated_at`) VALUES
	(1, 1, 'eyJpdiI6IlRHcUg0TERndEpKSm1WSG1Va1phcmc9PSIsInZhbHVlIjoid3VramVORzJudENLd1MvdmhNSG9pNkp4QlhwOVZaYk5MSzROMjFhZWJTNzhicUIxMUZQbnA5RlN2aGhmeEloSUJRTFVSNmVBODBWbFFyM2ZYUzZSSmdmTFlsN084a2ZzNlUyK3pHYzFFc0tjekJDbHcyc1I0Zlp1N3lST2h5QkMiLCJtYWMiOiI3MWI1ODAxNjM1MTc5NTE3YjIxZDNlMDVhNTNmM2ZlMWM4ZGY0ZDZkOTk3NmJmNzU1Mzk0M2M3ODVkMzE1YWJlIn0=', NULL, 273, 1, 1, '2020-08-06 11:45:01', NULL),
	(2, 3, 'eyJpdiI6IktsTWpwZ0drZnhEQ0RJcFhzVTIxenc9PSIsInZhbHVlIjoiYlhjd2oxREcxTSs3RjR4RHpwajJQTWY5eVc3NEYySlhhSTFNWW5UWTU2Zis4cU1iWlFiRFFYaTZnNVNaVm9YU0ZDc3IrcERiaThKWFUyRVo4ckRXMFFOS3h4VDJkbHByMjhydEZEMnRhSnZ4SnpBQkFIbTIxWWE1RUc5WFFoNE1NZEJqZ0xtZWhIUGxFTGNmOFVLYW5vcFY3UjdkQTN1MkdPUjBPQXVCZlRJPSIsIm1hYyI6ImYyYmNlMjhlOTM1ZTVmMDE3NmQxNGNmMWVmNjczZTA5NGYyZGY4M2M1Njk5ZGFmMDQyZmQzMjZlOGUxMjc5ZTcifQ==', NULL, 435, 1, 1, '2020-08-06 11:46:06', NULL),
	(3, 3, 'eyJpdiI6IlFQbzMrUUlPeGFiamtCcGUvWHAwU1E9PSIsInZhbHVlIjoiS1A1a3JFQVBTWVgxSWhIQ2NqaUJCa3FHV2dxakdoZmxHLzFTNkNEK3JTMzBDRkF0SitZZ2lmeUNkaHdBQWlUQiIsIm1hYyI6IjAxYTVhODkxYjRmMzBkOTZiNDllYTcwMzkyMDNiOWI0NDExMGJiOTMzNWNlNTI1M2IwNWY0NDU1ZDYyNzE1ZGYifQ==', NULL, 407, 1, 1, '2020-08-06 11:47:33', NULL);
/*!40000 ALTER TABLE `households` ENABLE KEYS */;

-- Dumping structure for table msdfs_forms_db.housing_types
DROP TABLE IF EXISTS `housing_types`;
CREATE TABLE IF NOT EXISTS `housing_types` (
  `id` int(10) unsigned NOT NULL AUTO_INCREMENT,
  `type` varchar(150) NOT NULL,
  PRIMARY KEY (`id`) USING BTREE,
  UNIQUE KEY `country` (`type`) USING BTREE
) ENGINE=InnoDB AUTO_INCREMENT=5 DEFAULT CHARSET=latin1 ROW_FORMAT=DYNAMIC;

-- Dumping data for table msdfs_forms_db.housing_types: ~4 rows (approximately)
/*!40000 ALTER TABLE `housing_types` DISABLE KEYS */;
INSERT INTO `housing_types` (`id`, `type`) VALUES
	(3, 'Free Lodging'),
	(2, 'Owner'),
	(4, 'Renter/Tenant'),
	(1, 'Squatter');
/*!40000 ALTER TABLE `housing_types` ENABLE KEYS */;

-- Dumping structure for table msdfs_forms_db.id_states
DROP TABLE IF EXISTS `id_states`;
CREATE TABLE IF NOT EXISTS `id_states` (
  `id` int(10) unsigned NOT NULL AUTO_INCREMENT,
  `id_state` varchar(150) NOT NULL,
  PRIMARY KEY (`id`) USING BTREE,
  UNIQUE KEY `country` (`id_state`) USING BTREE
) ENGINE=InnoDB AUTO_INCREMENT=4 DEFAULT CHARSET=latin1 ROW_FORMAT=DYNAMIC;

-- Dumping data for table msdfs_forms_db.id_states: ~3 rows (approximately)
/*!40000 ALTER TABLE `id_states` DISABLE KEYS */;
INSERT INTO `id_states` (`id`, `id_state`) VALUES
	(2, 'Currently lost but have police report'),
	(1, 'Have identification card'),
	(3, 'Possess an EBC letter');
/*!40000 ALTER TABLE `id_states` ENABLE KEYS */;

-- Dumping structure for table msdfs_forms_db.insurers
DROP TABLE IF EXISTS `insurers`;
CREATE TABLE IF NOT EXISTS `insurers` (
  `id` bigint(20) unsigned NOT NULL AUTO_INCREMENT,
  `form_critical_incident_id` bigint(20) unsigned NOT NULL,
  `insurer_name` text NOT NULL,
  `insurer_address` text NOT NULL,
  `insurer_contact` text DEFAULT NULL,
  PRIMARY KEY (`id`) USING BTREE,
  KEY `FK_insurers_form_critical_incident` (`form_critical_incident_id`),
  CONSTRAINT `FK_insurers_form_critical_incident` FOREIGN KEY (`form_critical_incident_id`) REFERENCES `form_critical_incident` (`id`)
) ENGINE=InnoDB AUTO_INCREMENT=2 DEFAULT CHARSET=latin1 ROW_FORMAT=DYNAMIC;

-- Dumping data for table msdfs_forms_db.insurers: ~1 rows (approximately)
/*!40000 ALTER TABLE `insurers` DISABLE KEYS */;
INSERT INTO `insurers` (`id`, `form_critical_incident_id`, `insurer_name`, `insurer_address`, `insurer_contact`) VALUES
	(1, 3, 'eyJpdiI6ImdlOU0vcm5uOFFPWEoyQjNPclNvMUE9PSIsInZhbHVlIjoiUWpVWjdlNmgvUEdTNmVKREpVUG1SNVcwMmJwZUVJMkpyUnp1aHUyNFZRRT0iLCJtYWMiOiIyZGUxYzA4MTMwMTlmMjI0NTEyNmM4YjdkY2UyZGI0Mzc2OTFjMzc3ODFhOGQ2YWExMmQzOTM0MTU5NjllNWMyIn0=', 'eyJpdiI6Im0xcUttajk2VHR4a1Yyai9seENOVGc9PSIsInZhbHVlIjoiY2pUVXBON1RITHQxMzRCZFBlaXkwV2k2N2c3SWo5QjVySjBlNGYyclMyMmE0SlFySXpvczVuc1p5czkwSnVxV3ROdndBM1JkZWx4d3NCYU9IWWhPSzlKZzlLbFVmd3o1T290QWJrRGdPa3M9IiwibWFjIjoiOGFjZjBhNWJkZTY5ODlmNmZlOGQyODkyMjVhYTQ1ZmQ3NDMwMTFkMzBjNDI4MGRlNGIyNzY1OGJmZGE5NTNmZCJ9', 'eyJpdiI6IjA4SjZhc0ROSk1hU244U1lGMkpJT2c9PSIsInZhbHVlIjoiWXBrWFNrZzZBbnFNbS9qdkdiOVJLREhOMzc1R3BlK2NocmdKZWZjRzZYMFZpSmtqTXRXeURpSFJqazhSTUxZSCIsIm1hYyI6ImVjZDVmYTljZmI1ZGNkZjg1NWI1MDFkY2RlOTFkMjNiMTI2ZGRlYmIwZjczNTc2ZTVkNjllNzBlMTZiM2E2OGIifQ==');
/*!40000 ALTER TABLE `insurers` ENABLE KEYS */;

-- Dumping structure for table msdfs_forms_db.items_lost_or_damaged
DROP TABLE IF EXISTS `items_lost_or_damaged`;
CREATE TABLE IF NOT EXISTS `items_lost_or_damaged` (
  `id` int(10) unsigned NOT NULL AUTO_INCREMENT,
  `slug` varchar(150) NOT NULL,
  `item` varchar(150) NOT NULL,
  `max_value` int(11) DEFAULT NULL,
  PRIMARY KEY (`id`) USING BTREE
) ENGINE=InnoDB AUTO_INCREMENT=13 DEFAULT CHARSET=latin1 ROW_FORMAT=DYNAMIC;

-- Dumping data for table msdfs_forms_db.items_lost_or_damaged: ~12 rows (approximately)
/*!40000 ALTER TABLE `items_lost_or_damaged` DISABLE KEYS */;
INSERT INTO `items_lost_or_damaged` (`id`, `slug`, `item`, `max_value`) VALUES
	(1, 'stove', 'Stove', 2500),
	(2, 'refrigerator', 'Refrigerator', 4000),
	(3, 'washing_machine', 'Washing Machine', 3500),
	(4, 'bed_mattress', 'Bed & Mattress', 2000),
	(5, 'wardrobe', 'Wardrobe', 3000),
	(6, 'chest_of_drawers', 'Chest of Draws', 2000),
	(7, 'living_room_set', 'Living Room Set', 3500),
	(8, 'dining_room_set', 'Dining Room Set', 3500),
	(9, 'kitchen_cupboards', 'Kitchen Cupboards', 2000),
	(10, 'school_supplies_primary', 'School Supplies (Primary)', 700),
	(11, 'school_supplies_secondary', 'School Supplies (Secondary)', 1000),
	(12, 'clothing', 'Clothing', NULL);
/*!40000 ALTER TABLE `items_lost_or_damaged` ENABLE KEYS */;

-- Dumping structure for table msdfs_forms_db.jobs
DROP TABLE IF EXISTS `jobs`;
CREATE TABLE IF NOT EXISTS `jobs` (
  `id` bigint(20) unsigned NOT NULL AUTO_INCREMENT,
  `queue` varchar(255) COLLATE utf8_unicode_ci NOT NULL,
  `payload` longtext COLLATE utf8_unicode_ci NOT NULL,
  `attempts` tinyint(3) unsigned NOT NULL,
  `reserved` tinyint(3) unsigned NOT NULL,
  `reserved_at` int(10) unsigned DEFAULT NULL,
  `available_at` int(10) unsigned NOT NULL,
  `created_at` int(10) unsigned NOT NULL,
  PRIMARY KEY (`id`),
  KEY `jobs_queue_reserved_reserved_at_index` (`queue`,`reserved`,`reserved_at`)
) ENGINE=InnoDB DEFAULT CHARSET=utf8 COLLATE=utf8_unicode_ci;

-- Dumping data for table msdfs_forms_db.jobs: ~0 rows (approximately)
/*!40000 ALTER TABLE `jobs` DISABLE KEYS */;
/*!40000 ALTER TABLE `jobs` ENABLE KEYS */;

-- Dumping structure for table msdfs_forms_db.job_titles
DROP TABLE IF EXISTS `job_titles`;
CREATE TABLE IF NOT EXISTS `job_titles` (
  `id` int(10) unsigned NOT NULL AUTO_INCREMENT,
  `title` varchar(150) NOT NULL,
  `label` varchar(150) DEFAULT NULL,
  `help` varchar(150) DEFAULT NULL,
  PRIMARY KEY (`id`) USING BTREE
) ENGINE=InnoDB AUTO_INCREMENT=19 DEFAULT CHARSET=latin1 ROW_FORMAT=DYNAMIC;

-- Dumping data for table msdfs_forms_db.job_titles: ~18 rows (approximately)
/*!40000 ALTER TABLE `job_titles` DISABLE KEYS */;
INSERT INTO `job_titles` (`id`, `title`, `label`, `help`) VALUES
	(1, 'Minister of Religion', NULL, NULL),
	(2, 'Managing Director, Director or Manager', NULL, NULL),
	(3, 'Professionals (University Graduates)', 'Qualification', 'Qualification'),
	(4, 'Member of Parliament', NULL, NULL),
	(5, 'Mayor', NULL, NULL),
	(6, 'Borough or County Councilor', NULL, NULL),
	(7, 'Notary Public', NULL, NULL),
	(8, 'Justice of the Peace', NULL, NULL),
	(9, 'Commissioner of Affidavits', NULL, NULL),
	(10, 'Senior Public Servants Range 30+', 'Range', 'Range'),
	(11, 'Police Officer Corporal+', 'Regimental Number', 'Regimental Number'),
	(12, 'Prison Officer II +', 'Regimental Number', 'Regimental Number'),
	(13, 'Fire Sub-Officer +', 'Regimental Number', 'Regimental Number'),
	(14, 'Member of Defense Force Corporal/Leading Seaman+', 'Regimental Number', 'Regimental Number'),
	(15, 'School Principal', NULL, NULL),
	(16, 'Vice-Principal', NULL, NULL),
	(17, 'Lecturer', NULL, NULL),
	(18, 'Graduate Teacher I +', NULL, NULL);
/*!40000 ALTER TABLE `job_titles` ENABLE KEYS */;

-- Dumping structure for table msdfs_forms_db.marital_status
DROP TABLE IF EXISTS `marital_status`;
CREATE TABLE IF NOT EXISTS `marital_status` (
  `id` int(10) unsigned NOT NULL AUTO_INCREMENT,
  `status` varchar(150) NOT NULL,
  PRIMARY KEY (`id`) USING BTREE,
  UNIQUE KEY `country` (`status`) USING BTREE
) ENGINE=InnoDB AUTO_INCREMENT=7 DEFAULT CHARSET=latin1 ROW_FORMAT=DYNAMIC;

-- Dumping data for table msdfs_forms_db.marital_status: ~6 rows (approximately)
/*!40000 ALTER TABLE `marital_status` DISABLE KEYS */;
INSERT INTO `marital_status` (`id`, `status`) VALUES
	(3, 'Common-Law'),
	(2, 'Married'),
	(6, 'Other'),
	(4, 'Separated'),
	(1, 'Single'),
	(5, 'Widow');
/*!40000 ALTER TABLE `marital_status` ENABLE KEYS */;

-- Dumping structure for table msdfs_forms_db.migrations
DROP TABLE IF EXISTS `migrations`;
CREATE TABLE IF NOT EXISTS `migrations` (
  `id` int(10) unsigned NOT NULL AUTO_INCREMENT,
  `migration` varchar(191) COLLATE utf8mb4_unicode_ci NOT NULL,
  `batch` int(11) NOT NULL,
  PRIMARY KEY (`id`)
) ENGINE=InnoDB AUTO_INCREMENT=3 DEFAULT CHARSET=utf8mb4 COLLATE=utf8mb4_unicode_ci;

-- Dumping data for table msdfs_forms_db.migrations: ~2 rows (approximately)
/*!40000 ALTER TABLE `migrations` DISABLE KEYS */;
INSERT INTO `migrations` (`id`, `migration`, `batch`) VALUES
	(1, '2014_10_12_000000_create_users_table', 1),
	(2, '2014_10_12_100000_create_password_resets_table', 1);
/*!40000 ALTER TABLE `migrations` ENABLE KEYS */;

-- Dumping structure for table msdfs_forms_db.password_resets
DROP TABLE IF EXISTS `password_resets`;
CREATE TABLE IF NOT EXISTS `password_resets` (
  `email` varchar(191) COLLATE utf8mb4_unicode_ci NOT NULL,
  `token` varchar(191) COLLATE utf8mb4_unicode_ci NOT NULL,
  `created_at` timestamp NULL DEFAULT NULL,
  KEY `password_resets_email_index` (`email`)
) ENGINE=InnoDB DEFAULT CHARSET=utf8mb4 COLLATE=utf8mb4_unicode_ci;

-- Dumping data for table msdfs_forms_db.password_resets: ~0 rows (approximately)
/*!40000 ALTER TABLE `password_resets` DISABLE KEYS */;
/*!40000 ALTER TABLE `password_resets` ENABLE KEYS */;

-- Dumping structure for table msdfs_forms_db.people
DROP TABLE IF EXISTS `people`;
CREATE TABLE IF NOT EXISTS `people` (
  `id` bigint(20) unsigned NOT NULL AUTO_INCREMENT,
  `first_name` text NOT NULL,
  `surname` text NOT NULL,
  `othername` text DEFAULT NULL,
  `email` text DEFAULT NULL,
  `gender` char(1) NOT NULL,
  `dob` date NOT NULL,
  `marital_status_id` int(10) unsigned DEFAULT NULL,
  `marital_status_other` text DEFAULT NULL,
  `national_id` bigint(20) DEFAULT NULL,
  `national_id_state_id` int(10) unsigned DEFAULT NULL,
  `drivers_permit` text DEFAULT NULL,
  `passport` text DEFAULT NULL,
  `employment_status_id` int(10) unsigned NOT NULL,
  `employment_status_other` text DEFAULT NULL,
  `primary_mobile_contact` text DEFAULT NULL,
  `secondary_mobile_contact` text DEFAULT NULL,
  `land_line_telephone_contact` text DEFAULT NULL,
  `income_id` int(10) unsigned DEFAULT NULL,
  `created_at` timestamp NOT NULL DEFAULT current_timestamp(),
  `updated_at` datetime DEFAULT NULL,
  PRIMARY KEY (`id`) USING BTREE,
  KEY `FK_persons_id_states` (`national_id_state_id`),
  KEY `FK_persons_employment_status` (`employment_status_id`),
  KEY `FK_persons_total_income` (`income_id`),
  KEY `FK_persons_marital_status` (`marital_status_id`),
  CONSTRAINT `FK_persons_employment_status` FOREIGN KEY (`employment_status_id`) REFERENCES `employment_status` (`id`),
  CONSTRAINT `FK_persons_id_states` FOREIGN KEY (`national_id_state_id`) REFERENCES `id_states` (`id`),
  CONSTRAINT `FK_persons_marital_status` FOREIGN KEY (`marital_status_id`) REFERENCES `marital_status` (`id`),
  CONSTRAINT `FK_persons_total_income` FOREIGN KEY (`income_id`) REFERENCES `total_income` (`id`)
) ENGINE=InnoDB AUTO_INCREMENT=7 DEFAULT CHARSET=latin1 ROW_FORMAT=DYNAMIC;

-- Dumping data for table msdfs_forms_db.people: ~6 rows (approximately)
/*!40000 ALTER TABLE `people` DISABLE KEYS */;
INSERT INTO `people` (`id`, `first_name`, `surname`, `othername`, `email`, `gender`, `dob`, `marital_status_id`, `marital_status_other`, `national_id`, `national_id_state_id`, `drivers_permit`, `passport`, `employment_status_id`, `employment_status_other`, `primary_mobile_contact`, `secondary_mobile_contact`, `land_line_telephone_contact`, `income_id`, `created_at`, `updated_at`) VALUES
	(1, 'eyJpdiI6InhubzJBc1hLaFMvZDVLRVdza0hEd2c9PSIsInZhbHVlIjoiMC9KZXNjMkxDdnR6MGphU2h3ZTEwQT09IiwibWFjIjoiOGI5ZDM3NjZiNGVlMzFiYjRhOWY4OWFjZjliZTQ4ZTA5MTI1ZGQ2YjE3N2YxYmNkYjE1ZDZjMDExMTZhMmZmNiJ9', 'eyJpdiI6Im43Q3dySUk3TDVwd0hOb2M3TVJCUXc9PSIsInZhbHVlIjoiNjRHZlpnYWhjR1pDbVkyV1hZVlZwUT09IiwibWFjIjoiYTc1M2VlYTlmMWM4NTJiNjUzZTJmNTA5MmM4MDY1ODQ3ODZiNTJkZmJhMDlhNDM3NzA4YjYyMzczYzEwYzJiMiJ9', 'eyJpdiI6IjJ4cEl5c1VCMlZnellNQm5CaVJkT1E9PSIsInZhbHVlIjoidU9WTHV0c2tWdmFBWUhSSndjOFBVdz09IiwibWFjIjoiNTAwZmUxYmQ4MzkyZWNlZTdmNzY0YTQ4MWYwZjI2ZTllYTg3MzUyYjJiOTgxODQ3ODYwN2FmM2RhYzZjYWY2NCJ9', 'eyJpdiI6IjlPY0VHNzJOSERHTVMxZjJoZ0dmWWc9PSIsInZhbHVlIjoiNkdFbFI1b3NlZkgrUUgyTTl1UTFBVHBQdGd3Z2UzSXl3ak9IYjZWUkROWHJ5VEhhZHIxMUFXS1pnR3V5WjZGRiIsIm1hYyI6ImFjM2MyMTFkM2VlOWEzZThiOGJiZDM0NzA4NGY1NTA3MTIwODM1ZGFkZjRiOWZlMTQ3YjZhZmQxZDRlZThhNGUifQ==', 'M', '1989-01-02', 3, 'eyJpdiI6Ii94YmhNZUFqMnhESEs1allzSVRtcFE9PSIsInZhbHVlIjoib1hpMGI3d3kvWGhUZThnZmt6aTFvdz09IiwibWFjIjoiMzY3ODI3MWMzNDc3ODFlZTlkODczNjlhMWE0MmYxMGU1NjBkYjI2MzQyYmFkMTZhZDhiNTNlNmMzZGUxZTlhZSJ9', 59733333333, 3, 'eyJpdiI6Ik50U2U3M0lYZmNvQjhTZHJiekZkZHc9PSIsInZhbHVlIjoiYmJ0L1d6QWRkV0J4d29TMGk4REo1QT09IiwibWFjIjoiYjUyYWE1NTU0NGFmNGM4OTM1ZGQxN2EzMjkxNzhiODI1NDMzZjNlMDZjYTcyNjQzNTgyZWEyNzE0NGFmMzJiYyJ9', 'eyJpdiI6IjhobXIvSXl3SWV2UUREQnJWRDhwQlE9PSIsInZhbHVlIjoiVlhwakl6dlhiZEtlUU9hajMraFhTQT09IiwibWFjIjoiNWJkNjk2NDlkOWUxMWVjNDcwOGEzOTQ0ODBjOWVjNjllNGFkYjQwNjJkNjM3ZmYxMzM0NmQ2ZTFiN2IyOWYzNyJ9', 5, 'eyJpdiI6Ik94cW5LUG93L2R5NXZHd1oyV3JFd1E9PSIsInZhbHVlIjoiN0YxVHFaa3BBVHd1d0dNKzV0ZEc3QT09IiwibWFjIjoiNGQ0YWViODYyMTZhMjYzN2U0YmVhZTViOGZlZTk2OGY1MmVmM2Y0NTdhYWY0OThkZGEyNmU2YWU4YjFkMWNiOSJ9', 'eyJpdiI6ImRXY012WCt0SWptQjMwZFZDVlFiSHc9PSIsInZhbHVlIjoiSGpFa1EyaUhlaDdrSk80bS9sejFHb1FFTTYvVEh0QjQxTWVMbE5pT2lJbz0iLCJtYWMiOiJkMTE1ZDRmYmQ3NzUwMmQxMWYxMmEwMzliMTg2MzczMTZjYmExZTBhMDAwMTU0MzY4YzlhY2VlZjVlMDE5ZTc4In0=', 'eyJpdiI6IkpQSnRpVE94VVp1SkdnUWFXa1YwTFE9PSIsInZhbHVlIjoiQ3F2ZU8reXlQUElCM1FPTnBJcnJZMCt3RkU5bi9JRk9Dc3FpdnRsQ3VQTT0iLCJtYWMiOiIyZDVjYTlkMTQ4ZDA2ZTc1MzQyOGMzOGVmNTk1MmUxMTU1MWVkMWUxN2RkNDk3NTYzY2JlY2IyM2E3YWE2NjFhIn0=', 'eyJpdiI6ImNYWWlOc3RabjlUMmVQVGRUcitXbFE9PSIsInZhbHVlIjoiUzBqUUgrZytsMWRTUTd6Umd0TGg1OUxLMFMvWGVSczhyT3QybEo5aGdCcz0iLCJtYWMiOiI4ZWQwNmIyMzg1M2VhMjFkNWFlMzdmZWEwY2EyNzI4ZWFjY2VmYmI0MWNlMzZhZTFkNjhkMDczODY1M2QyMjA5In0=', NULL, '2020-08-06 11:45:01', '2020-08-06 11:45:01'),
	(2, 'eyJpdiI6IjhURjNSTFZDTXhJeVN4SHN6eHZnT3c9PSIsInZhbHVlIjoiaHRFaDMwMG9UdXNaZTErWGhETFN0QT09IiwibWFjIjoiOWRjYTU1MzUwMTA1N2RjOTY5MmI5N2E0MGMwY2E4ZGU3MTg3MWNlODhhZTBiZDc2YzRjODdkZjllZmQxZjk3OSJ9', 'eyJpdiI6InQ4WldEQmFvWEZyZERvM2VGWXVjbVE9PSIsInZhbHVlIjoicmpBMCtNeUwyZGd6M2Z0YWF0eUxtQT09IiwibWFjIjoiNDY0YzM1N2IzZDkyMDQyOWJkYmU0ZmUyZWFlZDQxOTBmYWFhNmJjZjA2NGVhOTg3MDk0NjMwZTQxNWQ2MWMzMyJ9', 'eyJpdiI6IkQ1TDlWMWFYaTc2bDBiMitOVFZHSnc9PSIsInZhbHVlIjoicnExakMrQUoyWmRUc29TQXFqV3dudz09IiwibWFjIjoiNDhiZmI0MjgxOTM3NzdjZjU5N2U5OGM2NzM4MGRmYTQwYzVlNzQxY2U0MWRlY2I4MzNhZmZiM2RiNTkzOThmYiJ9', 'eyJpdiI6InVmQU9VN0piQVQ2NEdzRVpza1BaY0E9PSIsInZhbHVlIjoic01NaWNWUUp2NTM0MisxczNjY3dYdz09IiwibWFjIjoiZjhlODkzY2E2YTI5ZGZmODEwNjQxY2Q3MmU5ZWJhYTRjMTU2NDYxMTc5OTQ2YTQzMTlmMWE5ZDk2NmUyMDEzNSJ9', 'F', '2000-02-15', NULL, 'eyJpdiI6IkxHT0N5bHc5Q0ZmTUJzVmNlVkYySFE9PSIsInZhbHVlIjoidVUyaGsxK0o5L3NhMklEd09kN3B0Zz09IiwibWFjIjoiYWU1MGY0NTNlZmU2M2VjYTFjNmQxNDc0MzU5Mzk2YzgxMGZhNzQ1MDgxNzc3YzczM2NkYzYzOTZjZjg5NzdjMCJ9', 77744444444, NULL, NULL, NULL, 2, 'eyJpdiI6Im5VR2hlbS9naUNoMFFMTldvaDlCK1E9PSIsInZhbHVlIjoieWlpdXRLaTBONlRtVFQ3aWZva2UvQT09IiwibWFjIjoiMzA2MTZjMzIwNmU1ZTFjZDYzMGJjMzA5OTZhN2U1ZDkzM2IzYjY2NzhlOTNhMTY5ODI4NzQyNjRlZDJmNzY5NCJ9', 'eyJpdiI6IjVSZ0hSVkVjd3IzWWVBYmNZUjFuM0E9PSIsInZhbHVlIjoiWXNyK05Ebld3ZVZGNXNoZG1uZmpJUT09IiwibWFjIjoiOGIwN2UzNmJkZmRjZTk1MDUyMGU4YjFiNDcxMjEzMjFkYzk3YWUwNzQyN2Q4MWM2ZjNkOTYzZWY5MmIzMDMyNyJ9', 'eyJpdiI6InBFVlk0SVNYTXFDSCtQcGR4SE03bWc9PSIsInZhbHVlIjoic0t3VXV5a1RCOHlWemRnbHZjbGRsZz09IiwibWFjIjoiNWI2YjI3ZDdkYzczOTMzMjhjMDYzMWY1MDM0ODhmYmQ2OGE3OTZhZjczYmI4MGM1OWI5MGY0NmRkYTg1YTNhNSJ9', 'eyJpdiI6ImNsWDNwOEFnVTVjNUlWcGlTOFE2b1E9PSIsInZhbHVlIjoiR01VRk9JZVJ1bzRlMk1pYTdmQnNHdz09IiwibWFjIjoiZjE1ZmFkNGJiNzU0YTEyZWU5ZGJlOTM5Zjg2NzNiYTZmZTRhYmQ0NDJlMjAxYjBiMjYwOGNkYjcyYmFmZjdjZSJ9', NULL, '2020-08-06 11:45:01', '2020-08-06 11:45:01'),
	(3, 'eyJpdiI6Ikd2bjk3NzlwQXFDd1JqVXdKRUhUNXc9PSIsInZhbHVlIjoiMkV3ZmhhVnltUC8xQ2Z4eDJ6dlZ0dz09IiwibWFjIjoiMDM3OWM4YjYyYzE5ZjA0MWZhNjgyYzdmNmJmMTc1YmNiYWY0NzNjY2UwNDRjMzNhYTA3YWUzZGM1MDBlZDljNiJ9', 'eyJpdiI6IkVYanBNa0VwdTF1OHliVVhxZEM4UGc9PSIsInZhbHVlIjoiMU5Fa1Jlb0tKa29Zd3ViaXZNN3o3dz09IiwibWFjIjoiNjk3ODBjZmEyNzRmYjQxYzQ5MDdlMGQ3MTdlNzZjYWRiNmM5OGMyYzMzMzdlOGQ0MTU3ZjFiYzM2YzZkOWJiMyJ9', 'eyJpdiI6ImtlM2dmVDVpZEliQXJBUkhyUTV2R1E9PSIsInZhbHVlIjoiTTlPdWNic0lDWEV1UVJ2MDJ1akp0Zz09IiwibWFjIjoiMmZkOTk2MDRhZWMzY2E5NTExZTAzOTk3OTk0MGM4MDc3NzgxYTYwN2ZlMWQ4Zjk2ODI2OWM2NmFlNjlhMDE5YSJ9', 'eyJpdiI6InRsSlFUeTc4Q202WjYwZVE0WkVVT3c9PSIsInZhbHVlIjoiVjJqbG5YYlU1ckFERGd1akV5Q0xFdz09IiwibWFjIjoiNDFkMzJlNTIxMWZiNTdkNGNmZmI2NmExYzRjM2NjM2YxZWNmMWZjYTgyMWEwMzdmMzhiZmFkZmM3ZTY3ZDI1NSJ9', 'F', '2000-02-15', NULL, 'eyJpdiI6InNSZFUzUUFSTFJsRXA3SVdBQ1pGM1E9PSIsInZhbHVlIjoiZ3M1R05ZZTE1eWZqMVVmeFFYci8zUT09IiwibWFjIjoiOGFkMWIxMDMxOGU1ZjMxNjE1YzQ3ZGRiODc0ZmY1YmRhNThlMjQ0M2Q5ZTZiMjIwYWM1MmU3ZmFkZGZjNDkxYyJ9', 38022222222, NULL, NULL, NULL, 9, 'eyJpdiI6IlAwRWdzNjlvTElaaElxa2dRdW9QUWc9PSIsInZhbHVlIjoiazR5cTZlY1AxSWhjOXhsY0tLMVEwUT09IiwibWFjIjoiNTkwZTQ5ZmYxYjI0YWMyYWM4NTBhODNjZTRmMWZmZWRjYzRlM2RlNTNhZWJkMjFmYjJiNzEwNjQ1ODIyNTliZCJ9', 'eyJpdiI6ImRnU290U0tIWlZxZ2NxRitzQm1SVFE9PSIsInZhbHVlIjoidCtDcWtvR0RnTnl4dHo4Y1dXdzFCQT09IiwibWFjIjoiMjlmM2YwNzJhMTc4ZWY4MDFiMGYxZGQ2M2YwMDk4YjE4NWMwZGRhZjk4OTU4NjkyOGU4MGY0MzI5OGE2NmUwMCJ9', 'eyJpdiI6IjZJa2Q2ckRhb1lTQnovNXMybWd1Vnc9PSIsInZhbHVlIjoiUVl2QTM2eng5SDdDaVkzMTlPL3lBUT09IiwibWFjIjoiNGUzMzZlYzE2ODBkOTMyMjkwMmVlNjU1YTVmOTQ2NmY4YjY1MjE5ZGNhMzA0YzliZDMwYjk4NjkyNjk1ZTRiOCJ9', 'eyJpdiI6InJEZFFtTTlNODBZcmlwcmtyYUVXNWc9PSIsInZhbHVlIjoiNGYySVRVdFAvMEJqL1Yya1ltbEpVQT09IiwibWFjIjoiMWUzNTUxYzdmZTA5MTJiZTAyYjY0NGIyZTQ4MmU3ZWUyMTA3MDg0OGRhNjcxNDJmZDUzNmYzMDIzNWJkNzFmNSJ9', NULL, '2020-08-06 11:45:01', '2020-08-06 11:45:01'),
	(4, 'eyJpdiI6IklXV0NYa2NZV1M1QWZZMDJVbnF1RWc9PSIsInZhbHVlIjoidUxZeThqWTNCSjlHVUdOR1NnbjFLdz09IiwibWFjIjoiYzJlNmM0MDNhOGFjZTRlN2UzYTU3YTg2NGU3ZjcwY2I0Nzc0ZWFiOTczYzRiNTVlMTEwZjlhNWM2NjE0NGJkMiJ9', 'eyJpdiI6ImcydVBjVU9saGhFVkM2Wll4cXRSdFE9PSIsInZhbHVlIjoiQ0Jwd01kcCs4elpSc1NzelMrbSs2Zz09IiwibWFjIjoiZTIyMTMyMzNmNzI4NzQ0YjUyNmUzYjA0ODg3OTA3NWVkYzlkNDU3MzBmNTZlYzNlOTVjNjc2YmQ3YWEzY2E2YyJ9', 'eyJpdiI6Ikk2NnUrSllzaGJ4UEROR3RFd1JGK3c9PSIsInZhbHVlIjoiaFVYZUNIRFVQWUt3eTVybUMxclM0dz09IiwibWFjIjoiZGYwNzEyYTAyM2NhZDYyNzBkMjI3Yzc5NTllMGY3NTk4MjMzNzkzZTlkY2NjNmIxNTZmMWUxMWUxZTZiYzk5MSJ9', 'eyJpdiI6ImgzVUtTdFdPWTh4TDhGenBkWkFOYkE9PSIsInZhbHVlIjoibCtpdFRHREVNSG1NVFZ1UXlPN3hDT0xkeGZsL2Y3STBuUnd2bllxVE9CQT0iLCJtYWMiOiIyMzFlZmRiZDNkMDc4M2M5NDI0Y2JiMmU3ZDRjMTFjNGE3NWYxZjg5ZDM3NzVkZGU5YzgzMTFiNjhhODcxNTc5In0=', 'F', '1989-01-16', 2, 'eyJpdiI6ImtzUjZVVHRCWWxZS2FjeFJTK1gxZ1E9PSIsInZhbHVlIjoiZVkrU0VkTkRQSHVSWWd1dDRXemtiQT09IiwibWFjIjoiY2E4ZjhiMzQzMzkyM2QyZGNhODdlZThmYTRjZTg3YTljYWYyNmE4ZDI4MjJlZTAwNTFlNzQyZjk4YzdkYjhlMyJ9', 75622222222, 3, 'eyJpdiI6Im5wQ2NIaTVzdzhCa09FTUlJSnZIWnc9PSIsInZhbHVlIjoiSmJvbGd1aUhGRDVwTWdXUTE2Qzc2Zz09IiwibWFjIjoiMmVkZjdiOTE2ZDliMGIzYzIyNzA2OGY5YWEyNWE2NGFjZWExN2ZhZTZhMWIxODcwZjdhYTU5N2RiMDhmZTI0NyJ9', 'eyJpdiI6IkJjOTdUMWYwK053Tnl5Z0sxeGFZL0E9PSIsInZhbHVlIjoiQm1JU0dqWldMNE52QWI5OWNYVU5FQT09IiwibWFjIjoiZjRkOGJmNzdiYTgxOTk5OTFjN2Q4MmE2MGRjNDIwODY5NTU4ZGE4YTdhN2Y3MzdiMDBmZTQzYWVjMzRlNWU0MyJ9', 4, 'eyJpdiI6Ii96ZkptWXV6WU9Da08vOGxieXFiVEE9PSIsInZhbHVlIjoiSDlyVUxkUVEybHRoZWpVakFLNHJEQT09IiwibWFjIjoiZmU3NDYxMzI3OGZkMjJmOGNjOGMyNTMxZWNkY2I5NGQxODU5ZGU4ZmMzMzk1YmEzMmVmYmZjZjQ1NTM4MzE3YyJ9', 'eyJpdiI6InJYMWdYY2NGUUc2TmhvNmlpZWVKRVE9PSIsInZhbHVlIjoiWHhnS1ZIOFloaHR3WlVEaEF3SWxJcS94Q20wakdoY05DM3I2OTg1bUF2WT0iLCJtYWMiOiIxMGZmMzY1MDFhMjdmOTAwODBjYzFiODVhNGM4NDkxMjc5MzE5Mzg1NzQxYTJlY2RkNWFjYjFhNWQzNTM1ZDExIn0=', 'eyJpdiI6Im1JdEgwdDFrdXYrTG80Uk1CRHlXMEE9PSIsInZhbHVlIjoiRlo5amdnSHFybkRsYXlZOXNHamc3Tk5CUlpXcGlSZ3B0WGlMeGt2dVFIYz0iLCJtYWMiOiJmZTFjNGY3ZTRhZGQyMGE1Y2Q2NzgxOGRiNjc2NDI5YTlkNGI3NzQ5YWU3YzViZjIyOTkyYmJkNGMxMTk5YTEyIn0=', 'eyJpdiI6ImlvbVZFQTJGUC9JcGdQdjZpSHk3Nmc9PSIsInZhbHVlIjoiNk44VXMwVjc0eTBRZERzS01WUDJqcTZYbDNPVU81NlNzdFhPeFNlZFUrUT0iLCJtYWMiOiIwMTlhOThkMWE4NWNjY2JlZmRhZjEyNzExZDQwYmY2NTMwM2M1NjJiMzM3MGM3ODdkZWQ4NTE1ODZiMmJlZDNiIn0=', NULL, '2020-08-06 11:46:06', '2020-08-06 11:46:06'),
	(5, 'eyJpdiI6ImFKaHFDcml3RFVrbFM2dFVwRnRPa2c9PSIsInZhbHVlIjoiNFhsb2lxVjYvbytxWmI1dURUdHhGZz09IiwibWFjIjoiMDExYjU3ZGFmNzBiNTM1OTVlMWUwZjYzZmRiOWNiZjQ5YWY5MzhhNzIwNTdiNjEzNjhiNWNkYmI5YjJhYzcyMSJ9', 'eyJpdiI6ImZPeFRpZnpUZ2NvNHl2dTcxc0VqQlE9PSIsInZhbHVlIjoidGdLRW1PSnkvNjhabE9mZXpOUnZGUT09IiwibWFjIjoiZGE4ZWM0YTAwNWJlODM0MDczNWQzYjg3ZWQxZjA0YjZlNjExOTM1MzRkZjg2NTJkOGY4MzFjMDE0M2IzNThiMSJ9', 'eyJpdiI6IkU0UVkzZVFmOFE2Y2NsQnRHeXRKNUE9PSIsInZhbHVlIjoiQk14TGRXcDg5SDZxdEtDOVFVREdoZz09IiwibWFjIjoiMDNhMmRiNDg4MWZkY2I0YjBkOGVjZTdhNjUyNDg3MjNmZjY2ZjAyODNkOGMzMzA0NjM1ZDI1NjkyOGZjYzg2NSJ9', 'eyJpdiI6IldXOUoyVjcrZVJkUnpsNVRSRkYzb0E9PSIsInZhbHVlIjoibEFRc00vNGhMK1ZHS2ZiWklmM0NGZjJDNEdRRkxsbEdWVDVHckwvNFZVMD0iLCJtYWMiOiI5N2UyM2UzMDZjOGU0MTY1OTRkN2UzYzcyMzY3MGIxMTcxNWI2M2QzMWRlZmJkYzAwZmM1NThlOTg4MzUxMWZmIn0=', 'M', '2000-02-08', 6, 'eyJpdiI6Im5kVkw0Zm9WYm1mQkY2amMrdHRDSEE9PSIsInZhbHVlIjoiSG9vbEthVHFzVlJkVFJna0NtTTlDZz09IiwibWFjIjoiZDIzYzM1NjBkNGNkYjgyNTZkZjE4YjZiN2MyMDQxMWYzZjZkNDY1MTIwNWNkZDJhZTExZjgwNmQyMDM4YjMyOCJ9', 26322222222, 2, 'eyJpdiI6Ikp1U2VvNlp1V08yNmlER2VQMkNpU1E9PSIsInZhbHVlIjoiRXZjVDdRbkwzUnhOWlhiV1IzeWFXdz09IiwibWFjIjoiNjIwMWZkMDY1OGRiMDY5ZmE1YzJlN2FkZWQ5NjYyYTUxZDcyMzlkZTlmYWNhMTRhMDgyNmJiZmQwOWRjYTJjOCJ9', 'eyJpdiI6IkJFUlkrM05IbDdyeHpWYnhiTERjY3c9PSIsInZhbHVlIjoiTXJ2MFpmM3JjSXFHNWdQYURZa2dCdz09IiwibWFjIjoiMWViMTk2ZjJmYzI1MGYyMTliODQ2ZmU3ODY3ZmNlNGRiMDgzNTM1MjFkYjRlNDQ2Y2VmMWJlYjMwZDMwOThkMCJ9', 9, 'eyJpdiI6Ink5aldvL2p0anVrb2s2a2VseHV2M3c9PSIsInZhbHVlIjoiYjErZkl3RW43enVubnhUVnZMbHlRZz09IiwibWFjIjoiMDgzNzljOWE5ZDY4ZmY4MzkwYWYwMWJiZjU3NDJkNGZkMGQwOGFlNDNmODU4YzQ3Yzk0OTdlZWVmM2RlYjM3NSJ9', 'eyJpdiI6InhkZThKR1E4dzhmamRhOE5OVTRaY2c9PSIsInZhbHVlIjoiTkRBVDM2UEdPTlFsd3NuRi9JMWd2c0w0cURMODg5M1p1c0lGSmFtdnN5VT0iLCJtYWMiOiI2ODg3NjhiMDFkZjFhYTVkYWRjZWM3MjAzMWY5NjgzNWQxM2MwMDllNDJkMmFkZGJkNjg4MWJkNzc1NDQ2NjdiIn0=', 'eyJpdiI6InFqZUlOemhzeGpDNVNwdnFsTDJ4K1E9PSIsInZhbHVlIjoieG5aVkxFci9oSW9ER205WXIrckNvZWdGQjBQVTNNQnFRMXMweWw4RWpDST0iLCJtYWMiOiJkYWQyYmFjNDNlNDgzMmU1MTRkYTUzM2NlYWRmNTk4M2U4OWI1MTdiMDgwZmY4MThmNDQ0ZWE0ZTEyNmJiZTkyIn0=', 'eyJpdiI6IkdLQm9SZXdhaXpJMWgvK21rZUtmeUE9PSIsInZhbHVlIjoieCtxS0dtT0N5c0Z5c3B1UjlsSDF3T2VuWmhiODV1Yng2VnBWeGh1WGlWST0iLCJtYWMiOiIyYjIwMzJlNWFkYWY0MWEyYzQ4NjRkNGVhYTU4NzcxMjZlZjM1NGNhMWUzM2EwMzJmMzVhZWMyM2Y1MzM1NmZlIn0=', NULL, '2020-08-06 11:47:33', '2020-08-06 11:47:33'),
	(6, 'eyJpdiI6Ii9OSDgyYlpJQVdiL2RQU2xOTHk0L3c9PSIsInZhbHVlIjoiNU9ESVRIR2RBdkF5Nk1rSDVKbjBEdz09IiwibWFjIjoiOWRmNDA2YmYwMjgyNmZkMDJiOWVmNmZjYWE5MzBmMTczOTQyY2UwOGFjMzQ3Y2EyOTAzMDliNDRmNGI4MDVhNSJ9', 'eyJpdiI6Imc5bWFWWTF5L0l5NHVCeVhzRmJFRXc9PSIsInZhbHVlIjoiS24rVm9jWktBU3phdkVVR1pvaE1TUT09IiwibWFjIjoiNDEyZDMyNjExMjQwMTdkZThlNmU0YTFhMWE2NTBhNjExMDFkYmRhYzBlYjY1ZWYwNTVmYzg4OWI0ZTYxNDI2MSJ9', 'eyJpdiI6Iktibkszck9VM05yOXBNaG05cGloamc9PSIsInZhbHVlIjoiQlhYRjJMdVQxK3BGU0ZFbVdIN1VwQT09IiwibWFjIjoiNjc5YTQxY2YxMWI1ZmQyNWNlYTMzYWFmOGI5OWFiZWY4MzE2MzA4NTRhNTI5Njk1NTE0NjFkZWZlNTAyNTlmNSJ9', 'eyJpdiI6IitTRUppTTJhTW5ZZ08yTmxqd2JMVnc9PSIsInZhbHVlIjoieWtwbzk3R3V6bHdlVHFJN3NISU1GZz09IiwibWFjIjoiYzEzZGJhNTI1YzBjZmI3MmUzZTk0OGM5ZjQxZmM0ODFlYmRkNDVmZTQ4Yjg5ZjI1NDJlYzNiNWQ1ZjZkNmY4NyJ9', 'F', '1989-01-09', NULL, 'eyJpdiI6IktrZFZibWc1cXVsMlR2by9QRGtBalE9PSIsInZhbHVlIjoidTdZeXJyckdwTUlTckZ1bk56SVpjUT09IiwibWFjIjoiNGI0OWZmZmYzMzRmMjNiNmQ0Y2I4NGZlYThmOWUwM2EyZjI5YTkxNWEzNWFlMmRkYWJmY2JiNzU5YTA1Mjg4NSJ9', 21322222222, NULL, NULL, NULL, 6, 'eyJpdiI6ImU5YlpFdkV2UVQzQVp5RTRoTUx1dGc9PSIsInZhbHVlIjoia3ZNNXJOeUdONzZDODc1aVhkTkhEUT09IiwibWFjIjoiYzUxNGQzZjVkNmRlMDQyZWE0MzA4ZTMxMjc3ZGIyOGZkYmRjOGI3NWE4MWEyZWZmODVmNTFmOTczOTRkMTQ0ZCJ9', 'eyJpdiI6ImppZzJVaDBPVUFaSmE2YmJENjRpUEE9PSIsInZhbHVlIjoiZDA3WDhxQ21vUGlIRnJuVkttVEVIZz09IiwibWFjIjoiZjY2OWEzNzFhOTU3NTdlZWU1MzJhNWViMmNkZDc5NGM1ZDYzNzQyYmY1M2U4YWFlYTg0NGY1NGI1ODhmODhiNSJ9', 'eyJpdiI6IjF6QUZsdmpxRVQyTDgxREJ0QndWeWc9PSIsInZhbHVlIjoidTh4cW1ueTN5VU01ZHdQeGdpdVQ2Zz09IiwibWFjIjoiNThiMTljYjdjNjBmY2U4ZmIzZTQ3YWExMWRmMDg1MTA2N2U4MGVmMDNiNDc0OGFkZTZlMjZjZjFhODg3YWVhNiJ9', 'eyJpdiI6InlkRkh5S0pZQktMTkk4S1N5bEgxa2c9PSIsInZhbHVlIjoieTRTV3R4OGdKV0lBa09NN3FuZk9iQT09IiwibWFjIjoiYmY0ZThlYzk4ZTFlZDQ4MmVkMTQ4MTQ1ZDUxN2I1ODFjZDdhN2YyZjAxZDk1ZjAwNWUwOTBlOTA0ZGU3NzkwYiJ9', NULL, '2020-08-06 11:47:33', '2020-08-06 11:47:33');
/*!40000 ALTER TABLE `people` ENABLE KEYS */;

-- Dumping structure for table msdfs_forms_db.person_household
DROP TABLE IF EXISTS `person_household`;
CREATE TABLE IF NOT EXISTS `person_household` (
  `id` bigint(20) unsigned NOT NULL AUTO_INCREMENT,
  `person_id` bigint(20) unsigned NOT NULL,
  `household_id` bigint(20) unsigned NOT NULL,
  `relationship_id` int(10) unsigned DEFAULT NULL,
  `relationship_other` varchar(150) DEFAULT NULL,
  `active` int(1) NOT NULL DEFAULT 1,
  `created_at` timestamp NOT NULL DEFAULT current_timestamp(),
  `updated_at` datetime DEFAULT NULL,
  PRIMARY KEY (`id`) USING BTREE,
  KEY `FK_person_household_persons` (`person_id`),
  KEY `FK_person_household_households` (`household_id`),
  KEY `FK_person_household_relationships` (`relationship_id`),
  CONSTRAINT `FK_person_household_households` FOREIGN KEY (`household_id`) REFERENCES `households` (`id`),
  CONSTRAINT `FK_person_household_persons` FOREIGN KEY (`person_id`) REFERENCES `people` (`id`),
  CONSTRAINT `FK_person_household_relationships` FOREIGN KEY (`relationship_id`) REFERENCES `relationships` (`id`)
) ENGINE=InnoDB AUTO_INCREMENT=7 DEFAULT CHARSET=latin1 ROW_FORMAT=DYNAMIC;

-- Dumping data for table msdfs_forms_db.person_household: ~6 rows (approximately)
/*!40000 ALTER TABLE `person_household` DISABLE KEYS */;
INSERT INTO `person_household` (`id`, `person_id`, `household_id`, `relationship_id`, `relationship_other`, `active`, `created_at`, `updated_at`) VALUES
	(1, 1, 1, 0, NULL, 1, '2020-08-06 11:45:01', '2020-08-06 11:45:01'),
	(2, 2, 1, 4, NULL, 1, '2020-08-06 11:45:01', '2020-08-06 11:45:01'),
	(3, 3, 1, 5, NULL, 1, '2020-08-06 11:45:01', '2020-08-06 11:45:01'),
	(4, 4, 2, 0, NULL, 1, '2020-08-06 11:46:06', '2020-08-06 11:46:06'),
	(5, 5, 3, 0, NULL, 1, '2020-08-06 11:47:33', '2020-08-06 11:47:33'),
	(6, 6, 3, 1, NULL, 1, '2020-08-06 11:47:33', '2020-08-06 11:47:33');
/*!40000 ALTER TABLE `person_household` ENABLE KEYS */;

-- Dumping structure for table msdfs_forms_db.regions
DROP TABLE IF EXISTS `regions`;
CREATE TABLE IF NOT EXISTS `regions` (
  `id` int(10) unsigned NOT NULL AUTO_INCREMENT,
  `region` varchar(150) NOT NULL,
  `code` int(11) NOT NULL,
  PRIMARY KEY (`id`) USING BTREE,
  UNIQUE KEY `country` (`region`) USING BTREE,
  UNIQUE KEY `code` (`code`)
) ENGINE=InnoDB AUTO_INCREMENT=23 DEFAULT CHARSET=latin1 ROW_FORMAT=DYNAMIC;

-- Dumping data for table msdfs_forms_db.regions: ~22 rows (approximately)
/*!40000 ALTER TABLE `regions` DISABLE KEYS */;
INSERT INTO `regions` (`id`, `region`, `code`) VALUES
	(1, 'Tobago', 1000),
	(2, 'City of Port of Spain', 10),
	(3, 'Mayaro/Rio Claro', 11),
	(4, 'Sangre Grande', 12),
	(5, 'Princes Town', 13),
	(6, 'Penal/Debe', 14),
	(7, 'Siparia', 15),
	(8, 'City of San Fernando', 20),
	(9, 'Borough of Arima', 30),
	(10, 'Borough of Chaguanas', 40),
	(11, 'Borough of Point Fortin', 50),
	(12, 'Diego Martin', 60),
	(13, 'San Juan/Laventille', 70),
	(14, 'Tunapuna/Piarco', 80),
	(15, 'Couva/Tabaquite/Talparo', 90),
	(16, 'Parish of St. George', 91),
	(17, 'Parish of St. Mary', 92),
	(18, 'Parish of St. Andrew', 93),
	(19, 'Parish of St. Patrick', 94),
	(20, 'Parish of St. David', 95),
	(21, 'Parish of St. Paul', 96),
	(22, 'Parish of St. John', 97);
/*!40000 ALTER TABLE `regions` ENABLE KEYS */;

-- Dumping structure for table msdfs_forms_db.relationships
DROP TABLE IF EXISTS `relationships`;
CREATE TABLE IF NOT EXISTS `relationships` (
  `id` int(10) unsigned NOT NULL AUTO_INCREMENT,
  `relationship` varchar(150) NOT NULL,
  `description` varchar(255) DEFAULT NULL,
  PRIMARY KEY (`id`) USING BTREE,
  UNIQUE KEY `country` (`relationship`) USING BTREE
) ENGINE=InnoDB AUTO_INCREMENT=10 DEFAULT CHARSET=latin1 ROW_FORMAT=DYNAMIC;

-- Dumping data for table msdfs_forms_db.relationships: ~10 rows (approximately)
/*!40000 ALTER TABLE `relationships` DISABLE KEYS */;
INSERT INTO `relationships` (`id`, `relationship`, `description`) VALUES
	(0, 'Applicant', NULL),
	(1, 'Spouse', NULL),
	(2, 'Child', NULL),
	(3, 'Sibling', NULL),
	(4, 'Parent', NULL),
	(5, 'Grandparent', NULL),
	(6, 'Grandchild', NULL),
	(7, 'Relative', NULL),
	(8, 'Relative by Law', NULL),
	(9, 'Other', NULL);
/*!40000 ALTER TABLE `relationships` ENABLE KEYS */;

-- Dumping structure for table msdfs_forms_db.roles
DROP TABLE IF EXISTS `roles`;
CREATE TABLE IF NOT EXISTS `roles` (
  `id` int(10) unsigned NOT NULL AUTO_INCREMENT,
  `role` varchar(150) NOT NULL,
  `slug` varchar(150) NOT NULL,
  `description` varchar(150) DEFAULT NULL,
  PRIMARY KEY (`id`) USING BTREE
) ENGINE=InnoDB AUTO_INCREMENT=8 DEFAULT CHARSET=latin1 ROW_FORMAT=DYNAMIC;

-- Dumping data for table msdfs_forms_db.roles: ~7 rows (approximately)
/*!40000 ALTER TABLE `roles` DISABLE KEYS */;
INSERT INTO `roles` (`id`, `role`, `slug`, `description`) VALUES
	(1, 'Administrator', 'admin', NULL),
	(2, 'Intake Officer', 'intake_officer', NULL),
	(3, 'Registration Clerk', 'registration_clerk', NULL),
	(4, 'Welfare Officer I', 'welfare_officer_1', NULL),
	(5, 'Welfare Officer II', 'welfare_officer_2', NULL),
	(6, 'Schedule Clerk', 'schedule_clerk', NULL),
	(7, 'Supervisor', 'supervisor', NULL);
/*!40000 ALTER TABLE `roles` ENABLE KEYS */;

-- Dumping structure for table msdfs_forms_db.scotia_branches
DROP TABLE IF EXISTS `scotia_branches`;
CREATE TABLE IF NOT EXISTS `scotia_branches` (
  `id` int(10) unsigned NOT NULL AUTO_INCREMENT,
  `bank` varchar(150) NOT NULL,
  `transit_code` int(11) NOT NULL,
  PRIMARY KEY (`id`) USING BTREE,
  UNIQUE KEY `country` (`bank`) USING BTREE,
  UNIQUE KEY `transit_code` (`transit_code`)
) ENGINE=InnoDB AUTO_INCREMENT=24 DEFAULT CHARSET=latin1 ROW_FORMAT=DYNAMIC;

-- Dumping data for table msdfs_forms_db.scotia_branches: ~23 rows (approximately)
/*!40000 ALTER TABLE `scotia_branches` DISABLE KEYS */;
INSERT INTO `scotia_branches` (`id`, `bank`, `transit_code`) VALUES
	(1, 'Chaguanas', 60525),
	(2, 'Cipero & Rushworth', 81745),
	(3, 'Couva', 30395),
	(4, 'Cunupia', 76885),
	(5, 'Marabella', 61705),
	(6, 'Penal', 46375),
	(7, 'Price Plaza', 59345),
	(8, 'Princes Town', 40485),
	(9, 'Rio Claro', 62885),
	(10, 'San Fernando', 60285),
	(11, 'Siparia', 54635),
	(12, 'Arima', 90415),
	(13, 'Diego Martin', 74625),
	(14, 'Lowlands', 12005),
	(15, 'Maraval', 95315),
	(16, 'Park & Pembroke', 10405),
	(17, 'Port of Spain', 90035),
	(18, 'San Juan', 40725),
	(19, 'Sangre Grande', 70615),
	(20, 'Scarborough', 21105),
	(21, 'Scotia Centre', 74815),
	(22, 'Trincity', 18275),
	(23, 'Tunapuna', 42135);
/*!40000 ALTER TABLE `scotia_branches` ENABLE KEYS */;

-- Dumping structure for table msdfs_forms_db.status
DROP TABLE IF EXISTS `status`;
CREATE TABLE IF NOT EXISTS `status` (
  `id` int(10) unsigned NOT NULL AUTO_INCREMENT,
  `status` varchar(150) NOT NULL,
  `description` varchar(150) DEFAULT NULL,
  PRIMARY KEY (`id`) USING BTREE
) ENGINE=InnoDB AUTO_INCREMENT=12 DEFAULT CHARSET=latin1 ROW_FORMAT=DYNAMIC;

-- Dumping data for table msdfs_forms_db.status: ~11 rows (approximately)
/*!40000 ALTER TABLE `status` DISABLE KEYS */;
INSERT INTO `status` (`id`, `status`, `description`) VALUES
	(1, 'Active', NULL),
	(2, 'Forwarded', NULL),
	(3, 'Logged', NULL),
	(4, 'Pending', NULL),
	(5, 'Updated', NULL),
	(6, 'Recommended', NULL),
	(7, 'Under Review', NULL),
	(8, 'Approved', NULL),
	(9, 'Sent For Payment', NULL),
	(10, 'On Hold', NULL),
	(11, 'Rejected', NULL);
/*!40000 ALTER TABLE `status` ENABLE KEYS */;

-- Dumping structure for table msdfs_forms_db.total_income
DROP TABLE IF EXISTS `total_income`;
CREATE TABLE IF NOT EXISTS `total_income` (
  `id` int(10) unsigned NOT NULL AUTO_INCREMENT,
  `income` varchar(150) NOT NULL,
  PRIMARY KEY (`id`) USING BTREE,
  UNIQUE KEY `country` (`income`) USING BTREE
) ENGINE=InnoDB AUTO_INCREMENT=5 DEFAULT CHARSET=latin1 ROW_FORMAT=DYNAMIC;

-- Dumping data for table msdfs_forms_db.total_income: ~4 rows (approximately)
/*!40000 ALTER TABLE `total_income` DISABLE KEYS */;
INSERT INTO `total_income` (`id`, `income`) VALUES
	(2, '$12,000 - $20,000'),
	(3, '$20,000-$50,000'),
	(4, 'Greater than $50,000'),
	(1, 'Less than $12,000');
/*!40000 ALTER TABLE `total_income` ENABLE KEYS */;

-- Dumping structure for table msdfs_forms_db.users
DROP TABLE IF EXISTS `users`;
CREATE TABLE IF NOT EXISTS `users` (
  `id` bigint(20) unsigned NOT NULL AUTO_INCREMENT,
  `first_name` varchar(191) COLLATE utf8mb4_unicode_ci NOT NULL,
  `surname` varchar(191) COLLATE utf8mb4_unicode_ci DEFAULT NULL,
  `role_id` int(10) unsigned DEFAULT NULL,
  `email` varchar(191) COLLATE utf8mb4_unicode_ci NOT NULL,
  `email_verified_at` timestamp NULL DEFAULT NULL,
  `active` int(1) NOT NULL DEFAULT 1,
  `password` varchar(191) COLLATE utf8mb4_unicode_ci NOT NULL,
  `remember_token` varchar(100) COLLATE utf8mb4_unicode_ci DEFAULT NULL,
  `last_online` datetime DEFAULT NULL,
  `created_by` bigint(20) unsigned DEFAULT NULL,
  `created_at` timestamp NULL DEFAULT NULL,
  `updated_at` timestamp NULL DEFAULT NULL,
  PRIMARY KEY (`id`),
  UNIQUE KEY `users_email_unique` (`email`),
  KEY `FK_users_users` (`created_by`),
  KEY `FK_users_roles` (`role_id`),
  CONSTRAINT `FK_users_roles` FOREIGN KEY (`role_id`) REFERENCES `roles` (`id`),
  CONSTRAINT `FK_users_users` FOREIGN KEY (`created_by`) REFERENCES `users` (`id`)
) ENGINE=InnoDB AUTO_INCREMENT=4 DEFAULT CHARSET=utf8mb4 COLLATE=utf8mb4_unicode_ci;

-- Dumping data for table msdfs_forms_db.users: ~3 rows (approximately)
/*!40000 ALTER TABLE `users` DISABLE KEYS */;
INSERT INTO `users` (`id`, `first_name`, `surname`, `role_id`, `email`, `email_verified_at`, `active`, `password`, `remember_token`, `last_online`, `created_by`, `created_at`, `updated_at`) VALUES
	(1, 'Admin', NULL, 1, 'admin@email.com', NULL, 1, '$2y$10$aRBnMbZm1ld51AkoRYKd4uACqpoNXSaVYPjq74o94WAhb9fGDnaFm', NULL, '2020-08-07 02:41:49', NULL, '2020-05-02 04:29:15', '2020-08-07 02:41:49'),
	(2, 'Morgan', 'Merritt', 2, 'xebubodyg@mailinator.com', NULL, 1, '$2y$10$QnAKGQFoMMSzWUZ.NL2atuXDKsCSjxE8gRDDt1IMOucFu7wTgJcFq', NULL, NULL, 1, '2020-08-06 22:02:35', '2020-08-07 02:31:40'),
	(3, 'Social', 'Admin', 1, 'admin@social.gov.tt', NULL, 1, '$2y$10$eYk3SMODJZZcGQXE6HK1Y.f5WsaGVlnAPu.q/lOaETHPKK5NqgnGG', NULL, NULL, 1, '2020-08-07 02:25:15', '2020-08-07 02:33:25');
/*!40000 ALTER TABLE `users` ENABLE KEYS */;

-- Dumping structure for table msdfs_forms_db.user_audit
DROP TABLE IF EXISTS `user_audit`;
CREATE TABLE IF NOT EXISTS `user_audit` (
  `id` bigint(20) unsigned NOT NULL AUTO_INCREMENT,
  `user_id` bigint(20) unsigned NOT NULL,
  `changed_by` bigint(20) unsigned NOT NULL,
  `attribute` varchar(255) COLLATE utf8_unicode_ci NOT NULL,
  `old` varchar(255) COLLATE utf8_unicode_ci NOT NULL,
  `new` varchar(255) COLLATE utf8_unicode_ci NOT NULL,
  `created_at` timestamp NOT NULL DEFAULT current_timestamp() ON UPDATE current_timestamp(),
  `updated_at` datetime NOT NULL,
  PRIMARY KEY (`id`) USING BTREE,
  KEY `FK_feedback_status_audit_users` (`changed_by`) USING BTREE,
  KEY `FK_user_audit_users` (`user_id`),
  CONSTRAINT `FK_user_audit_users` FOREIGN KEY (`user_id`) REFERENCES `users` (`id`),
  CONSTRAINT `user_audit_ibfk_2` FOREIGN KEY (`changed_by`) REFERENCES `users` (`id`)
) ENGINE=InnoDB AUTO_INCREMENT=7 DEFAULT CHARSET=utf8 COLLATE=utf8_unicode_ci ROW_FORMAT=DYNAMIC;

-- Dumping data for table msdfs_forms_db.user_audit: ~6 rows (approximately)
/*!40000 ALTER TABLE `user_audit` DISABLE KEYS */;
INSERT INTO `user_audit` (`id`, `user_id`, `changed_by`, `attribute`, `old`, `new`, `created_at`, `updated_at`) VALUES
	(1, 2, 1, 'role_id', '5', '2', '2020-08-06 22:07:18', '2020-08-06 22:07:18'),
	(2, 2, 1, 'password', '-', 'password reset', '2020-08-06 22:09:31', '2020-08-06 22:09:31'),
	(3, 2, 1, 'password', '-', 'password reset', '2020-08-06 22:13:13', '2020-08-06 22:13:13'),
	(4, 3, 1, 'password', '-', 'password reset', '2020-08-07 02:28:59', '2020-08-07 02:28:59'),
	(5, 2, 1, 'password', '-', 'password reset', '2020-08-07 02:31:40', '2020-08-07 02:31:40'),
	(6, 3, 1, 'password', '-', 'password reset', '2020-08-07 02:32:08', '2020-08-07 02:32:08');
/*!40000 ALTER TABLE `user_audit` ENABLE KEYS */;

-- Dumping structure for table msdfs_forms_db.user_logs
DROP TABLE IF EXISTS `user_logs`;
CREATE TABLE IF NOT EXISTS `user_logs` (
  `id` int(10) unsigned NOT NULL AUTO_INCREMENT,
  `user_id` bigint(20) unsigned NOT NULL,
  `ip` varchar(150) NOT NULL,
  `action` varchar(150) NOT NULL,
  `created_at` timestamp NOT NULL DEFAULT current_timestamp(),
  `updated_at` datetime NOT NULL,
  PRIMARY KEY (`id`) USING BTREE,
  KEY `FK_ip_logs_users` (`user_id`) USING BTREE,
  CONSTRAINT `FK_user_logs_users` FOREIGN KEY (`user_id`) REFERENCES `users` (`id`)
) ENGINE=InnoDB AUTO_INCREMENT=3 DEFAULT CHARSET=latin1 ROW_FORMAT=DYNAMIC;

-- Dumping data for table msdfs_forms_db.user_logs: ~2 rows (approximately)
/*!40000 ALTER TABLE `user_logs` DISABLE KEYS */;
INSERT INTO `user_logs` (`id`, `user_id`, `ip`, `action`, `created_at`, `updated_at`) VALUES
	(1, 3, '127.0.0.1', 'Logout', '2020-08-07 02:41:45', '2020-08-07 02:41:45'),
	(2, 1, '127.0.0.1', 'Login', '2020-08-07 02:41:49', '2020-08-07 02:41:49');
/*!40000 ALTER TABLE `user_logs` ENABLE KEYS */;

/*!40101 SET SQL_MODE=IFNULL(@OLD_SQL_MODE, '') */;
/*!40014 SET FOREIGN_KEY_CHECKS=IF(@OLD_FOREIGN_KEY_CHECKS IS NULL, 1, @OLD_FOREIGN_KEY_CHECKS) */;
/*!40101 SET CHARACTER_SET_CLIENT=@OLD_CHARACTER_SET_CLIENT */;
